food_id,food_type,food_name_th,food_name_en,food_group,food_subgroup,energy,water,protein,fat,carbohydrate,fibre,ash,calcium,phosphorus,magnesium,sodium,potassium,iron,copper,zinc,iodine,selenium,betacarotene,retinol,vitamin_A,thiamin,riboflavin,niacin,vitamin_C,vitamin_E,folate,cobalamin,sugar,cholesterol,sfa,sfa_4_0,sfa_6_0,sfa_8_0,sfa_10_0,sfa_12_0,sfa_14_0,sfa_16_0,sfa_18_0,mufa,mufa_16_1,mufa_18_1,mufa_20_1,mufa_22_1,pufa,pufa_18_2,pufa_18_3,pufa_18_4,pufa_20_4,pufa_20_5,pufa_22_5,pufa_22_6,asparticacid,threonine,serine,glutamic_acid,proline,glycine,alanine,cystine,valine,methionine,isoleucine,leucine,tryrosine,phenylalanine,histidine,lysine,arginine,total_amino_acid,catechin,epicatechin,gallic,energy_fat,fat_all,fat_saturated
01005,foundation,"ขนมจีน, แป้งหมัก","Noodle, rice, round, fermented",ธัญพืช,ไม่ระบุ,77,80.7,0.90,0.10,18.20,0,0.10,7,14,,,,0.90,,,,,0,,0,tr,0.02,0.40,0,,,,,,,,,,,,,,,,,,,,,,,,,,,,,,,,,,,,,,,,,,,,,,,,,,,
01003,foundation,"ก๋วยเตี๋ยว, เส้นใหญ่, สด","Noodle, rice, big size strip, fresh",ธัญพืช,ไม่ระบุ,135,67.1,2.50,0.80,29.50,0,0.10,10,29,,,,2.70,,,,,0,,0,0.00,tr,0.30,,,,,,,,,,,,,,,,,,,,,,,,,,,,,,,,,,,,,,,,,,,,,,,,,,,,
01007,foundation,"ข้าวกล้อง, งอก, ดิบ","Rice, brown, germinated, raw",ธัญพืช,ไม่ระบุ,366,10.3,7.57,3.73,74.13,2.9,1.44,6,,,11,,,,,,,0,,0,0.20,0.04,,,,,,0.77,,,,,,,,,,,,,,,,,,,,,,,,,,,,,,,,,,,,,,,,,,,,,,,
01004,foundation,"ขนมจีน, แป้งสด","Noodle, rice, round, cooked",ธัญพืช,ไม่ระบุ,89,77.5,1.40,0.00,21.00,0,0.10,7,22,,,,2.30,,,,,0,,0,0.00,tr,0.10,0,,,,,,,,,,,,,,,,,,,,,,,,,,,,,,,,,,,,,,,,,,,,,,,,,,,
01001,foundation,"ก๋วยเตี๋ยว, เส้นจันท์, แห้ง","Noodle, rice, small size strip, dried",ธัญพืช,ไม่ระบุ,349,12.7,5.30,0.30,81.40,0,0.30,29,73,,,,,,,,,0,,0,tr,tr,0.70,0,,,,,,,,,,,,,,,,,,,,,,,,,,,,,,,,,,,,,,,,,,,,,,,,,,,
01002,foundation,"ก๋วยเตี๋ยว, เส้นเล็ก, สด","Noodle, rice, small size strip, fresh",ธัญพืช,ไม่ระบุ,219,45.7,4.40,0.60,49.20,0,0.10,12,22,,,,1.90,,,,,0,,0,0.00,0.01,0.60,,,,,,,,,,,,,,,,,,,,,,,,,,,,,,,,,,,,,,,,,,,,,,,,,,,,
01006,foundation,ขนมปังปอนด์,Bread,ธัญพืช,ไม่ระบุ,328,20,12.20,3.30,62.60,0,1.90,22,121,,,,2.00,,,,,,,,0.21,0.16,1.40,,,,,,,,,,,,,,,,,,,,,,,,,,,,,,,,,,,,,,,,,,,,,,,,,,,,
01008,foundation,"ข้าวกล้อง, ดอย, ดิบ","Hightland, brown rice, raw",ธัญพืช,ไม่ระบุ,356,12.3,7.26,3.44,72.77,3,1.24,163,215,167,0,363,,0.25,2.76,,,3,,0,0.31,0.07,,,0.36,,,,,,,,,,,,,,,,,,,,,,,,,,,,,,,,,,,,,,,,,,,,,,,,,,
01010,foundation,"ข้าวกล้อง, หอมนิล, ดิบ","Rice, brown, Hom-nil  variety, raw",ธัญพืช,ไม่ระบุ,364,12,9.44,5.25,68.14,3.2,1.95,9,,,1,,2.17,,,1.27,,15,,1,0.57,0.13,,,,,,2.60,,,,,,,,,,,,,,,,,,,,,,,,,,,,,,,,,,,,,,,,,,,,,,,
01009,foundation,"ข้าวกล้อง, ดอย, สีแดง, ดิบ","Hightland  red, brown rice, raw",ธัญพืช,ไม่ระบุ,352,12.2,8.68,3.03,70.54,4.1,1.51,174,250,177,1,372,,0.42,3.22,,,4,,0,0.32,0.09,6.82,,0.59,,,,,,,,,,,,,,,,,,,,,,,,,,,,,,,,,,,,,,,,,,,,,,,,,,
01011,foundation,"ข้าวกล้อง,หอมมะลิ, ดิบ","Rice, brown, jusmine variety, raw",ธัญพืช,ไม่ระบุ,356,12,7.72,3.52,71.90,3.3,1.50,16,255,,19,,2.44,,,,,1,,0,0.47,0.07,,,,,,1.00,,,,,,,,,,,,,,,,,,,,,,,,,,,,,,,,,,,,,,,,,,,,,,,
01012,foundation,"ข้าวเจ้า, 5%, ดิบ","Rice,  polished,  5%, raw",ธัญพืช,ไม่ระบุ,351,12.9,6.60,1.00,79.10,0,0.40,0,80,,,,0.70,,,,,,,,0.20,0.31,1.10,,,,,,,,,,,,,,,,,,,,,,,,,,,,,,,,,,,,,,,,,,,,,,,,,,,,
01014,foundation,"ข้าวเจ้า, 100%, ดิบ","Rice,  polished,  100%, raw",ธัญพืช,ไม่ระบุ,353,12.4,6.40,0.90,79.90,0,0.40,0,130,,,,0.90,,,,,,,,0.26,0.43,1.60,,,,,,,,,,,,,,,,,,,,,,,,,,,,,,,,,,,,,,,,,,,,,,,,,,,,
01015,foundation,"ข้าวเจ้า, เคลือบวิตามินบี, ดิบ","Rice, Vit. B coated, raw",ธัญพืช,ไม่ระบุ,352,12.5,6.50,1.10,78.80,0.8,0.30,10,56,,,,tr,,,,,,,,1.25,0.97,8.20,,,,,,,,,,,,,,,,,,,,,,,,,,,,,,,,,,,,,,,,,,,,,,,,,,,,
01013,foundation,"ข้าวเจ้า, 10%, ดิบ","Rice,  polished,  10% , raw",ธัญพืช,ไม่ระบุ,351,12.8,6.50,0.90,79.40,0,0.40,0,93,,,,1.10,,,,,,,,0.17,0.40,1.30,,,,,,,,,,,,,,,,,,,,,,,,,,,,,,,,,,,,,,,,,,,,,,,,,,,,
01016,foundation,"ข้าวเจ้า, ซ้อมมือ, ดิบ","Rice,  unpolished, raw",ธัญพืช,ไม่ระบุ,354,12.7,6.60,2.30,75.90,1.7,0.80,,66,,,,,,,,,tr,,tr,0.34,0.11,1.40,,,,,,,,,,,,,,,,,,,,,,,,,,,,,,,,,,,,,,,,,,,,,,,,,,,,
01017,foundation,"ข้าวเจ้า, นึ่ง","Rice, polished, steamed",ธัญพืช,ไม่ระบุ,140,65.4,2.80,0.50,31.20,0,0.10,0,11,,,,0.50,,,,,,,,0.01,0.00,1.50,,,,,,,,,,,,,,,,,,,,,,,,,,,,,,,,,,,,,,,,,,,,,,,,,,,,
01019,foundation,"ข้าวเจ้า, ชุมแสง, ดิบ","Rice, polished, Chumsang variety, raw",ธัญพืช,ไม่ระบุ,353,12.3,6.90,1.10,78.90,0.4,0.40,,95,,,,,,,,,,,,0.09,0.04,,,,,,,,,,,,,,,,,,,,,,,,,,,,,,,,,,,,,,,,,,,,,,,,,,,,,
01018,foundation,"ข้าวเจ้า, ปลายข้าว, ดิบ","Rice, broken, raw",ธัญพืช,ไม่ระบุ,357,11.8,6.00,1.40,80.10,0,0.70,55,90,,,,1.80,,,,,,,,0.13,0.10,0.60,,,,,,,,,,,,,,,,,,,,,,,,,,,,,,,,,,,,,,,,,,,,,,,,,,,,
01020,foundation,"ข้าวเจ้า, ชัยนาท1, ดิบ","Rice, polished, ChaiNat 1 variety, raw",ธัญพืช,ไม่ระบุ,357,11.2,7.02,1.15,79.47,0.7,0.51,2,33,,2,36,,,,3.67,,,,0,0.07,0.03,2.21,,tr,,,,,,,,,,,,,,,,,,,,,,,,,,,,,,,,,,,,,,,,,,,,,,,,,,
01022,foundation,"ข้าวเจ้า, ไรซ์เบอรี่, ดิบ","Rice, polished, Riceberry variety, raw",ธัญพืช,ไม่ระบุ,360,11.8,8.94,4.64,68.59,4.2,1.78,16,207,158,2,378,1.49,0.26,2.42,4.49,,7,,0,0.48,0.13,4.08,,0.41,,,,,,,,,,,,,,,,,,,,,,,,,,,,,,,,,,,,,,,,,,,,,,,,,,
01021,foundation,"ข้าวเจ้า, มันปู, ดิบ","Rice, polished, Munpu variety, raw",ธัญพืช,ไม่ระบุ,355,11.7,8.14,3.11,71.96,3.8,1.34,14,455,117,4,297,2.76,0.19,2.16,10.50,,1,,0,0.37,0.07,2.57,,0.66,,,,,,,,,,,,,,,,,,,,,,,,,,,,,,,,,,,,,,,,,,,,,,,,,,
01024,foundation,"ข้าวเจ้า, เสาไห้, ดิบ","Rice, polished, Sauhai variety, raw",ธัญพืช,ไม่ระบุ,353,12.1,6.60,1.10,79.00,0.8,0.40,,,,,,,,,,,,,,0.11,0.02,1.50,0,,,,,,,,,,,,,,,,,,,,,,,,,,,,,,,,,,,,,,,,,,,,,,,,,,,
01025,foundation,"ข้าวเจ้า, หอมนิล, ดิบ","Rice, polished, Homnil variety, raw",ธัญพืช,ไม่ระบุ,354,12.2,8.51,2.95,71.79,3.3,1.24,6,655,74,2,198,1.29,0.21,2.01,5.21,,5,,0,0.36,0.10,,0,0.00,,,1.10,,,,,,,,,,,,,,,,,,,,,,,,,,,,,,,,,,,,,,,,,,,,,,,
01023,foundation,"ข้าวเจ้า, สังข์หยด, ดิบ","Rice, polished, Sangyod variety, raw",ธัญพืช,ไม่ระบุ,359,12.2,9.03,4.25,69.29,3.8,1.50,11,,133,7,303,1.18,0.36,2.26,5.51,,2,,0,0.18,0.08,,,0.09,,,,,,,,,,,,,,,,,,,,,,,,,,,,,,,,,,,,,,,,,,,,,,,,,,
01027,foundation,"ข้าวบัสมาตี, ดิบ","Rice, polished,Basmati variety, raw",ธัญพืช,ไม่ระบุ,344,12.2,7.00,1.30,73.10,6,0.40,14,20,,,,0.00,,,,,,,,0.13,0.04,,,,,,,,,,,,,,,,,,,,,,,,,,,,,,,,,,,,,,,,,,,,,,,,,,,,,
01026,foundation,"ข้าวเจ้า, หอมมะลิ, ดิบ","Rice, polished, Jusmine variety, raw",ธัญพืช,ไม่ระบุ,355,12,6.20,1.10,79.80,0.6,0.30,3,66,,,,tr,,,,,,,,0.11,0.04,0.90,0,,,,,,,,,,,,,,,,,,,,,,,,,,,,,,,,,,,,,,,,,,,,,,,,,,,
01030,foundation,"ข้าวโพด, เหลือง, ดิบ","Corn, yellow, raw",ธัญพืช,ไม่ระบุ,110,73.4,3.40,1.40,21.10,0,0.70,10,11,,,,1.70,,,,,,,,0.11,0.18,1.10,1,,,,,,,,,,,,,,,,,,,,,,,,,,,,,,,,,,,,,,,,,,,,,,,,,,,
01031,foundation,"ข้าวโพดข้าวเหนียว, ขาวสลับม่วง, ดิบ","Corn, Waxy or sticky variety, raw",ธัญพืช,ไม่ระบุ,181,55.6,4.80,1.64,36.53,0.9,0.55,1,,,0,218,,tr,1.00,,,,,,0.08,0.11,2.52,8,,,,,,,,,,,,,,,,,,,,,,,,,,,,,,,,,,,,,,,,,,,,,,,,,,,
01032,foundation,"ข้าวฟ่าง, ดิบ","Sorghum, raw",ธัญพืช,ไม่ระบุ,351,10.6,10.04,3.84,64.55,9.1,1.88,24,316,,34,,42.00,,,10.00,,0,0.00,,0.45,0.11,3.60,tr,tr,,,1.18,,,,,,,,,,,,,,,,,,,,,,,,,,,,,,,,,,,,,,,,,,,,,,,
01029,foundation,"ข้าวโพด, เหลือง, ต้ม","Corn, yellow, boiled",ธัญพืช,ไม่ระบุ,116,74.5,4.30,3.30,17.40,0,0.50,11,47,,,,3.60,,,,,494,,41,0.08,0.08,1.50,0,,,,,,,,,,,,,,,,,,,,,,,,,,,,,,,,,,,,,,,,,,,,,,,,,,,
01028,foundation,"ข้าวบาเลย์, ดิบ","Barley, raw",ธัญพืช,ไม่ระบุ,335,11.8,11.47,2.26,62.71,9.4,2.42,41,191,,60,,1.40,,,34.00,,0,0.00,0,0.24,0.06,0.80,0,0.00,,,0.95,,,,,,,,,,,,,,,,,,,,,,,,,,,,,,,,,,,,,,,,,,,,,,,
01033,foundation,"ข้าวสาลี, ดิบ","Wheat, raw",ธัญพืช,ไม่ระบุ,339,10.8,12.71,2.11,61.55,11.7,1.19,42,190,,21,,4.20,,,22.00,,0,0.00,0,0.69,0.11,2.40,0,0.88,,,3.11,,,,,,,,,,,,,,,,,,,,,,,,,,,,,,,,,,,,,,,,,,,,,,,
01034,foundation,"ข้าวสาลี, จมูกข้าว, อบ","Wheat, germ, dried",ธัญพืช,ไม่ระบุ,391,4.3,28.00,9.50,43.10,11,4.10,54,901,,,,6.80,,,20.00,,0,0.00,0,3.03,0.74,3.30,1,11.30,,,,,,,,,,,,,,,,,,,,,,,,,,,,,,,,,,,,,,,,,,,,,,,,,,
01036,foundation,"ข้าวเหนียว, ดิบ","Rice, glutinous, raw",ธัญพืช,ไม่ระบุ,363,11.7,6.30,0.60,80.10,0.9,0.40,7,63,,,,2.50,,,,,0,0.00,0,0.08,0.03,1.83,0,,,,,,,,,,,,,,,,,,,,,,,,,,,,,,,,,,,,,,,,,,,,,,,,,,,
01035,foundation,"ข้าวสาลี, รำข้าว","Wheat, bran, raw",ธัญพืช,ไม่ระบุ,284,13.1,19.40,5.60,20.70,36.8,4.40,,,,,,,,,,,,,,2.14,1.21,1.20,,,,,,,,,,,,,,,,,,,,,,,,,,,,,,,,,,,,,,,,,,,,,,,,,,,,
01037,foundation,"ข้าวเหนียวดำ, ดิบ","Rice, glutinous, black variety, raw",ธัญพืช,ไม่ระบุ,354,11.8,8.20,3.00,71.20,4.9,0.90,26,65,,,,2.30,,,,,16,,1,0.55,0.29,0.60,,,,,,,,,,,,,,,,,,,,,,,,,,,,,,,,,,,,,,,,,,,,,,,,,,,,
01038,foundation,"ข้าวเหนียวดำ, ข้าวลืมผัว, ดิบ","Rice, glutinous, black variety, raw",ธัญพืช,ไม่ระบุ,357,12,8.88,3.44,70.85,3.7,1.15,15,304,113,,406,1.69,0.60,2.56,4.30,,12,,1,0.41,0.19,0.56,,0.38,,,,,,,,,,,,,,,,,,,,,,,,,,,,,,,,,,,,,,,,,,,,,,,,,,
01040,foundation,"ข้าวเหนียวกล้อง, ดิบ","Rice, brown, glutinous, raw",ธัญพืช,ไม่ระบุ,356,12.5,7.86,3.57,71.67,3,1.41,18,272,,,,1.60,,,12.00,,0,0.00,0,0.55,0.06,2.40,tr,tr,,,,,,,,,,,,,,,,,,,,,,,,,,,,,,,,,,,,,,,,,,,,,,,,,,
01039,foundation,"ข้าวเหนียว, นึ่ง","Rice, glutinous, steamed",ธัญพืช,ไม่ระบุ,230,42.9,4.10,0.60,51.80,0.5,0.10,18,12,,,,tr,,,,,,,,0.03,0.10,1.00,,,,,,,,,,,,,,,,,,,,,,,,,,,,,,,,,,,,,,,,,,,,,,,,,,,,
01042,foundation,น้ำข้าวกล้องงอก,"Brown rice, germinated, beverage",ธัญพืช,ไม่ระบุ,14,96.8,0.36,0.21,2.59,,0.05,1,6,2,1,12,,,0.04,,,,,,0.00,0.00,0.75,,,,,,,,,,,,,,,,,,,,,,,,,,,,,,,,,,,,,,,,,,,,,,,,,,,,
01041,foundation,"ข้าวโอ๊ต, ดิบ","Oats, raw",ธัญพืช,ไม่ระบุ,370,9.5,10.94,7.88,57.83,12.3,1.57,43,282,,26,,6.50,,,19.00,,0,0.00,0,0.59,0.10,4.10,tr,tr,,,1.15,,,,,,,,,,,,,,,,,,,,,,,,,,,,,,,,,,,,,,,,,,,,,,,
01045,foundation,"น้ำนมข้าวยาคู, ผง","Young rice milk, powder",ธัญพืช,ไม่ระบุ,378,3.2,4.50,2.42,84.70,,5.17,27,,1816,175,249,7.00,0.17,1.12,83.36,,7,,0,0.17,0.13,3.44,1,0.00,,,,,,,,,,,,,,,,,,,,,,,,,,,,,,,,,,,,,,,,,,,,,,,,,,
01043,foundation,น้ำนมข้าวโพด,"Corn, milk",ธัญพืช,ไม่ระบุ,40,89.5,0.64,0.45,7.85,1,0.54,4,,9,101,112,0.10,tr,0.20,4.04,,14,,1,0.03,0.05,0.58,,,,,,,,,,,,,,,,,,,,,,,,,,,,,,,,,,,,,,,,,,,,,,,,,,,,
01044,foundation,น้ำนมข้าว,Young rice milk,ธัญพืช,ไม่ระบุ,22,94.3,0.41,0.08,4.99,0.2,0.12,3,,4,14,12,0.11,tr,0.10,9.57,,0,,0,0.02,0.01,0.12,0,0.00,,,,,,,,,,,,,,,,,,,,,,,,,,,,,,,,,,,,,,,,,,,,,,,,,,
01048,foundation,แป้งข้าวเจ้า,Rice flour,ธัญพืช,ไม่ระบุ,374,9.1,8.25,3.30,78.07,,1.32,11,,,263,223,1.07,,,,,,,,0.26,0.07,8.10,,,,,,,,,,,,,,,,,,,,,,,,,,,,,,,,,,,,,,,,,,,,,,,,,,,,
01047,foundation,"บะหมี่กึ่งสำเร็จรูปพร้อมเครื่องปรุง, รสหมู","Noodles, wheat, instant, withseasoning, pork flavour",ธัญพืช,ไม่ระบุ,454,4.1,11.80,18.40,60.30,0,5.40,,126,,,,2.40,,,,,2,0.00,0,0.03,0.05,1.50,,,,,,,,,,,,,,,,,,,,,,,,,,,,,,,,,,,,,,,,,,,,,,,,,,,,
01046,foundation,"บะหมี่, สด","Noodles, wheat, fresh",ธัญพืช,ไม่ระบุ,310,27.3,15.40,4.40,52.30,0,0.60,78,138,,,,3.00,,,,,,,0,0.01,0.04,0.40,,,,,,,,,,,,,,,,,,,,,,,,,,,,,,,,,,,,,,,,,,,,,,,,,,,,
01049,foundation,"ลูกเดือย, ดิบ","Job,s tears, seeds, raw",ธัญพืช,ไม่ระบุ,364,10.1,13.60,3.70,67.60,3.4,1.60,19,364,,,,8.00,,,16.00,,0,,0,0.38,0.10,3.10,0,,,,1.36,,,,,,,,,,,,,,,,,,,,,,,,,,,,,,,,,,,,,,,,,,,,,,,
01050,foundation,"เส้นหมี่, แห้ง","Noodles, rice, vermicelli, dried",ธัญพืช,ไม่ระบุ,351,12.5,5.33,0.71,80.77,0.4,0.34,21,47,,155,,3.70,,,,,0,,0,0.00,0.00,0.90,,,,,0.00,,,,,,,,,,,,,,,,,,,,,,,,,,,,,,,,,,,,,,,,,,,,,,,
01053,foundation,"เมล็ดแมงลัก, แช่น้ำ ()",,ธัญพืช,ไม่ระบุ,0,94.4,1.36,0.33,0.00,0,0.39,0,0,0,0,0,0.00,0.00,0.00,0.00,,0,0.00,0,0.00,0.00,0.00,0,0.00,,,0.00,0,,,,,,,,,,,,,,,,,,,,,,,,,,,,,,,,,,,,,,,,,,,,,,
01052,foundation,"เมล็ดแฟล็กซ์, ดิบ ()",,ธัญพืช,ไม่ระบุ,585,6.3,22.18,44.21,24.39,0,2.93,0,0,0,0,0,0.00,0.00,0.00,0.00,,0,0.00,0,0.00,0.00,0.00,0,0.00,,,0.00,0,,,,,,,,,,,,,,,,,,,,,,,,,,,,,,,,,,,,,,,,,,,,,,
01051,foundation,"เมล็ดเจีย, ดิบ ()",,ธัญพืช,ไม่ระบุ,508,6.6,22.47,30.46,35.76,0,4.76,0,0,0,0,0,0.00,0.00,0.00,0.00,,0,0.00,0,0.00,0.00,0.00,0,0.00,,,0.00,0,,,,,,,,,,,,,,,,,,,,,,,,,,,,,,,,,,,,,,,,,,,,,,
01056,foundation,"เส้นสปาเกตตี, ดิบ ()",,ธัญพืช,ไม่ระบุ,324,11.4,14.23,1.52,63.21,0,9.60,0,0,0,0,0,0.00,0.00,0.00,0.00,,0,0.00,0,0.00,0.00,0.00,0,0.00,,,0.00,0,,,,,,,,,,,,,,,,,,,,,,,,,,,,,,,,,,,,,,,,,,,,,,
01054,foundation,"เมล็ดควินัว, ดิบ ()",,ธัญพืช,ไม่ระบุ,377,11.3,13.15,6.21,66.92,0,2.43,0,0,0,0,0,0.00,0.00,0.00,0.00,,0,0.00,0,0.00,0.00,0.00,0,0.00,,,0.00,0,,,,,,,,,,,,,,,,,,,,,,,,,,,,,,,,,,,,,,,,,,,,,,
01055,foundation,"เมล็ดบัควีท, ดิบ ()",,ธัญพืช,ไม่ระบุ,347,13,12.39,3.40,66.53,0,4.69,0,0,0,0,0,0.00,0.00,0.00,0.00,,0,0.00,0,0.00,0.00,0.00,0,0.00,,,0.00,0,,,,,,,,,,,,,,,,,,,,,,,,,,,,,,,,,,,,,,,,,,,,,,
01057,foundation,"เส้นสปาเกตตี, ลวก ()",,ธัญพืช,ไม่ระบุ,0,60.7,6.21,0.89,0.00,0,0.27,0,0,0,0,0,0.00,0.00,0.00,0.00,,0,0.00,0,0.00,0.00,0.00,0,0.00,,,0.00,0,,,,,,,,,,,,,,,,,,,,,,,,,,,,,,,,,,,,,,,,,,,,,,
01058,foundation,แป้งผงกล้วยน้ำว้า (),,ธัญพืช,ไม่ระบุ,0,12.4,2.51,0.66,0.00,0,2.88,0,0,0,0,0,0.00,0.00,0.00,0.00,,0,0.00,0,0.00,0.00,0.00,0,0.00,,,0.00,0,,,,,,,,,,,,,,,,,,,,,,,,,,,,,,,,,,,,,,,,,,,,,,
01059,foundation,แผ่นแป้งห่อสลัด (),,ธัญพืช,ไม่ระบุ,0,9.3,0.59,0.21,0.00,0,0.81,0,0,0,0,0,0.00,0.00,0.00,0.00,,0,0.00,0,0.00,0.00,0.00,0,0.00,,,0.00,0,,,,,,,,,,,,,,,,,,,,,,,,,,,,,,,,,,,,,,,,,,,,,,
01061,foundation,"ข้าวโพดข้าวเหนียว, สด ()",,ธัญพืช,ไม่ระบุ,0,65.8,4.26,1.52,0.00,0,0.72,4,127,50,2,0,0.65,0.08,0.97,0.00,,0,0.00,0,0.00,0.00,0.00,0,0.00,,,0.30,0,,,,,,,,,,,,,,,,,,,,,,,,,,,,,,,,,,,,,,,,,,,,,,
01063,foundation,"ข้าวไรซ์เบอร์รี่, หุงสุก  ()",,ธัญพืช,ไม่ระบุ,0,47.9,4.95,2.22,0.00,0,0.88,0,0,0,0,0,0.00,0.00,0.00,0.00,,0,0.00,0,0.00,0.00,0.00,0,0.00,,,0.00,0,,,,,,,,,,,,,,,,,,,,,,,,,,,,,,,,,,,,,,,,,,,,,,
01062,foundation,"ข้าวโพดหวาน, สด ()",,ธัญพืช,ไม่ระบุ,0,79.5,3.23,1.68,0.00,0,0.65,3,88,33,2,0,0.37,0.07,0.54,0.00,,0,0.00,0,0.00,0.00,0.00,0,0.00,,,1.71,0,,,,,,,,,,,,,,,,,,,,,,,,,,,,,,,,,,,,,,,,,,,,,,
01060,foundation,"ข้าว กข. 43, หุงสุก  ()",,ธัญพืช,ไม่ระบุ,0,65.8,2.91,0.32,0.00,0,0.30,0,0,0,0,0,0.00,0.00,0.00,0.00,,0,0.00,0,0.00,0.00,0.00,0,0.00,,,0.00,0,,,,,,,,,,,,,,,,,,,,,,,,,,,,,,,,,,,,,,,,,,,,,,
01064,foundation,"ข้าวกล้องหอมมะลิ, หุงสุก  ()",,ธัญพืช,ไม่ระบุ,0,55.2,4.02,1.67,0.00,0,0.68,0,0,0,0,0,0.00,0.00,0.00,0.00,,0,0.00,0,0.00,0.00,0.00,0,0.00,,,0.00,0,,,,,,,,,,,,,,,,,,,,,,,,,,,,,,,,,,,,,,,,,,,,,,
01065,foundation,"ควินัวสีขาว, ดิบ ()",,ธัญพืช,ไม่ระบุ,377,10.5,15.42,5.31,66.75,0,2.03,0,0,0,0,0,0.00,0.00,0.00,0.00,,0,0.00,0,0.00,0.00,0.00,0,0.00,,,0.00,0,,,,,,,,,,,,,,,,,,,,,,,,,,,,,,,,,,,,,,,,,,,,,,
01067,foundation,"ควินัวสีดำ, ดิบ ()",,ธัญพืช,ไม่ระบุ,368,12.9,11.58,5.49,67.84,0,2.22,0,0,0,0,0,0.00,0.00,0.00,0.00,,0,0.00,0,0.00,0.00,0.00,0,0.00,,,0.00,0,,,,,,,,,,,,,,,,,,,,,,,,,,,,,,,,,,,,,,,,,,,,,,
01066,foundation,"ควินัวสีขาว, หุงสุก (เติมน้ำ 2 เท่า) ()",,ธัญพืช,ไม่ระบุ,0,72.3,4.41,1.85,0.00,0,0.63,0,0,0,0,0,0.00,0.00,0.00,0.00,,0,0.00,0,0.00,0.00,0.00,0,0.00,,,0.00,0,,,,,,,,,,,,,,,,,,,,,,,,,,,,,,,,,,,,,,,,,,,,,,
01069,foundation,"น้ำนมพิสทาชิโอ, UHT  ()",,ธัญพืช,ไม่ระบุ,39,91.2,0.52,1.14,6.65,0,0.53,111,13,4,59,58,0.21,0.04,0.05,0.00,,0,0.00,0,0.00,0.00,0.00,0,0.00,,,1.89,0,,,,,,,,,,,,,,,,,,,,,,,,,,,,,,,,,,,,,,,,,,,,,,
01068,foundation,"น้ำนมข้าวกล้องงอก 7 ชนิด, UHT  ()",,ธัญพืช,ไม่ระบุ,68,84.9,1.40,1.63,11.77,0,0.28,24,35,3,63,16,0.16,0.01,0.04,0.00,,0,0.00,0,0.00,0.00,0.00,0,0.00,,,2.85,0,,,,,,,,,,,,,,,,,,,,,,,,,,,,,,,,,,,,,,,,,,,,,,
01070,foundation,"น้ำนมวอลนัท, UHT  ()",,ธัญพืช,ไม่ระบุ,62,90,0.80,4.60,4.29,0,0.34,5,53,8,29,85,0.08,0.04,0.11,0.00,,0,0.00,0,0.00,0.00,0.00,0,0.00,,,0.30,0,,,,,,,,,,,,,,,,,,,,,,,,,,,,,,,,,,,,,,,,,,,,,,
01071,foundation,"น้ำนมอัลมอนด์, UHT  ()",,ธัญพืช,ไม่ระบุ,27,94.3,0.61,1.20,3.41,0,0.48,91,14,7,56,55,0.19,0.06,0.06,0.00,,0,0.00,0,0.00,0.00,0.00,0,0.00,,,2.14,0,,,,,,,,,,,,,,,,,,,,,,,,,,,,,,,,,,,,,,,,,,,,,,
01073,foundation,"บะหมี่หยก, ลวก  ()",,ธัญพืช,ไม่ระบุ,0,65.9,6.15,0.58,0.00,0,0.70,0,0,0,0,0,0.00,0.00,0.00,0.00,,0,0.00,0,0.00,0.00,0.00,0,0.00,,,0.00,0,,,,,,,,,,,,,,,,,,,,,,,,,,,,,,,,,,,,,,,,,,,,,,
01072,foundation,"น้ำลูกเดือย, UHT, สูตรไม่มีน้ำตาล  ()",,ธัญพืช,ไม่ระบุ,33,93,0.13,1.19,5.44,0,0.24,31,26,4,30,34,0.09,0.00,0.02,0.00,,0,0.00,0,0.00,0.00,0.00,0,0.00,,,0.00,0,,,,,,,,,,,,,,,,,,,,,,,,,,,,,,,,,,,,,,,,,,,,,,
01074,foundation,"บัควีท, หุงสุก (เติมน้ำ 2 เท่า) ()",,ธัญพืช,ไม่ระบุ,0,70.8,4.94,1.12,0.00,0,0.70,0,0,0,0,0,0.00,0.00,0.00,0.00,,0,0.00,0,0.00,0.00,0.00,0,0.00,,,0.00,0,,,,,,,,,,,,,,,,,,,,,,,,,,,,,,,,,,,,,,,,,,,,,,
01075,foundation,"ฟูชิลลี (พาสต้าเกลียว), ดิบ ()",,ธัญพืช,ไม่ระบุ,361,11.1,13.54,1.60,73.02,0,0.79,0,0,0,0,0,0.00,0.00,0.00,0.00,,0,0.00,0,0.00,0.00,0.00,0,0.00,,,0.00,0,,,,,,,,,,,,,,,,,,,,,,,,,,,,,,,,,,,,,,,,,,,,,,
01079,foundation,"เส้นมันสำปะหลัง, สุก ()",,ธัญพืช,ไม่ระบุ,136,65.6,0.06,0.05,33.46,0.7,0.11,13,10,1,34,8,0.29,1.20,0.16,,,36,tr,3,,,,,,,,,,,,,,,,,,,,,,,,,,,,,,,,,,,,,,,,,,,,,,,,,,,,,,,
01077,foundation,"วีทกลูเตน, ดิบ ()",,ธัญพืช,ไม่ระบุ,0,8.3,77.34,3.19,0.00,0,0.72,0,0,0,0,0,0.00,0.00,0.00,0.00,,0,0.00,0,0.00,0.00,0.00,0,0.00,,,0.00,0,,,,,,,,,,,,,,,,,,,,,,,,,,,,,,,,,,,,,,,,,,,,,,
01076,foundation,"มะกะโรนี (ข้องอ), ดิบ ()",,ธัญพืช,ไม่ระบุ,358,10.8,12.86,1.57,72.96,0,1.81,0,0,0,0,0,0.00,0.00,0.00,0.00,,0,0.00,0,0.00,0.00,0.00,0,0.00,,,0.00,0,,,,,,,,,,,,,,,,,,,,,,,,,,,,,,,,,,,,,,,,,,,,,,
01078,foundation,"เส้นมันสำปะหลัง, ดิบ ()",,ธัญพืช,ไม่ระบุ,193,50.8,0.04,0.07,47.25,1.6,0.20,20,5,2,35,8,0.24,tr,0.03,,,,,,,,,,,,,,,,,,,,,,,,,,,,,,,,,,,,,,,,,,,,,,,,,,,,,,,,,,,,
01082,foundation,ข้าวสังข์หยดพัทลุง (จ.พัทลุง) (),,ธัญพืช,ไม่ระบุ,342,14.9,8.01,2.19,70.89,3.1,0.90,8,229,70,2,193,0.57,0.13,2.00,1.00,,,,,0.01,0.44,,0,,14.59,,tr,,,,,,,,,,,,,,,,,,,,,,,,,,,,,,,,,,,,,,,,,,,,0.04,,,
01080,foundation,ข้าวเหนียวเขาวง (จ.กาฬสินธุ์) (),,ธัญพืช,ไม่ระบุ,351,12.5,6.11,0.77,79.64,0.7,0.26,4,41,16,1,79,0.22,0.24,2.04,tr,,tr,5.00,5,tr,0.38,,0,0.09,14.46,,0.33,,,,,,,,,,,,,,,,,,,,,,,,,,,,,,,,,,,,,,,,,,,,0.02,,,
01081,foundation,ข้าวก่ำล้านนา (จ.พะเยา) (),,ธัญพืช,ไม่ระบุ,349,13.1,7.65,3.50,69.01,5.4,1.41,10,252,116,1,279,0.85,0.20,2.01,tr,,18,2.00,4,,0.60,,0,0.46,15.02,,1.07,,,,,,,,,,,,,,,,,,,,,,,,,,,,,,,,,,,,,,,,,,,,0.06,,,
01083,foundation,ข้าวหอมมะลิ (จ.สุรินทร์) (),,ธัญพืช,ไม่ระบุ,354,12.2,6.78,0.94,79.24,0.6,0.26,4,74,14,2,64,0.22,0.32,1.68,1.00,,,2.00,2,tr,0.38,,0,tr,12.21,,0.26,,,,,,,,,,,,,,,,,,,,,,,,,,,,,,,,,,,,,,,,,,,,0.01,,,
01084,foundation,ข้าวหอมมะลิทุ่งกุลาร้องไห้ (จ.ร้อยเอ็ด) (),,ธัญพืช,ไม่ระบุ,354,12.1,6.98,0.86,79.28,0.4,0.39,4,54,13,2,53,0.16,0.27,1.64,tr,,tr,2.00,2,,0.40,,0,0.06,15.42,,0.25,,,,,,,,,,,,,,,,,,,,,,,,,,,,,,,,,,,,,,,,,,,,0.01,,,
01085,foundation,ข้าวหอมมะลิอุบล (จ.อุบลราชธานี) (),,ธัญพืช,ไม่ระบุ,352,12.5,5.96,0.90,79.80,0.4,0.46,4,71,23,2,85,0.21,0.23,1.72,tr,,tr,,tr,,0.38,,0,tr,15.70,,0.18,,,,,,,,,,,,,,,,,,,,,,,,,,,,,,,,,,,,,,,,,,,,0.01,,,
01086,foundation,ข้าวฮาง (ข้าวหอมทอง) (จ.สกลนคร) (),,ธัญพืช,ไม่ระบุ,350,12.6,6.60,1.18,77.64,1.3,0.74,4,132,34,12,167,0.39,0.25,1.56,tr,,tr,3.00,3,0.01,0.43,,0,tr,9.92,,0.17,,,,,,,,,,,,,,,,,,,,,,,,,,,,,,,,,,,,,,,,,,,,0.02,,,
02001,foundation,"กลอย, ดิบ","Wild yam, raw",รากและหัว,ไม่ระบุ,0,63.1,2.50,0.10,0.00,0,1.20,22,32,,,,1.80,,,,,,,,0.09,tr,0.20,1,,,,,,,,,,,,,,,,,,,,,,,,,,,,,,,,,,,,,,,,,,,,,,,,,,,
02005,foundation,"มันแกว, ดิบ","Yam bean, raw",รากและหัว,ไม่ระบุ,34,90.5,0.90,0.10,6.80,1.4,0.30,9,16,,,,0.50,,,2.00,,,,,0.03,0.01,3.00,9,,,,,,,,,,,,,,,,,,,,,,,,,,,,,,,,,,,,,,,,,,,,,,,,,,,
02002,foundation,"แก่นตะวัน, ดิบ","Sunchoke, raw",รากและหัว,ไม่ระบุ,80,78.2,1.76,0.37,16.26,2.3,1.10,11,329,19,1,429,0.32,0.13,0.28,5.60,,0,,,0.08,0.06,2.71,30,,,,,,,,,,,,,,,,,,,,,,,,,,,,,,,,,,,,,,,,,,,,,,,,,,,
02008,foundation,"มันตีนแรด, ดิบ","Man-tinrad, raw",รากและหัว,ไม่ระบุ,59,83.8,0.80,0.20,12.50,2.2,0.50,,,,,,,,,2.00,,80,,6,0.05,0.04,,8,0.48,,,,,,,,,,,,,,,,,,,,,,,,,,,,,,,,,,,,,,,,,,,,,,,,,,
02003,foundation,"ผักกาดแดง/ผักกาดฝรั่ง, ดิบ","Beetroot, raw",รากและหัว,ไม่ระบุ,45,86.7,1.78,0.18,7.91,2.5,0.98,5,36,16,21,447,0.39,tr,0.40,1.36,,2,,,0.01,0.04,0.22,4,0.08,,,,,,,,,,,,,,,,,,,,,,,,,,,,,,,,,,,,,,,,,,,,,,,,,,
02004,foundation,"เผือก, ดิบ","Taro, raw",รากและหัว,ไม่ระบุ,110,70,2.14,0.23,23.53,2.8,1.26,61,111,44,3,1202,0.49,0.34,0.81,4.00,,3,,,0.10,0.03,0.95,2,,,,,,,,,,,,,,,,,,,,,,,,,,,,,,,,,,,,,,,,,,,,,,,,,,,
02006,foundation,"มันขี้หนู, หัวเล็ก, ดิบ","Hausa potato, small, raw",รากและหัว,ไม่ระบุ,0,80.6,0.50,0.60,0.00,0,0.60,19,32,,,,tr,,,5.94,,7,,0,0.04,0.01,1.80,4,,,,,,,,,,,,,,,,,,,,,,,,,,,,,,,,,,,,,,,,,,,,,,,,,,,
02007,foundation,"มันขี้หนู, หัวใหญ่, ดิบ","Hausa potato, big, raw",รากและหัว,ไม่ระบุ,80,78.6,1.10,0.50,17.10,1.8,0.90,36,27,,,,tr,,,,,15,,1,0.02,0.02,2.40,5,,,,,,,,,,,,,,,,,,,,,,,,,,,,,,,,,,,,,,,,,,,,,,,,,,,
02009,foundation,"มันเทศ/มันต่อเผือก, ดิบ","Sweet potato, purple  flesh, raw",รากและหัว,ไม่ระบุ,127,66.2,1.37,0.24,28.63,2.6,0.96,9,43,23,1,419,0.49,0.24,0.13,,,17,,1,0.07,0.04,1.63,19,,,,,,,,,,,,,,,,,,,,,,,,,,,,,,,,,,,,,,,,,,,,,,,,,,,
02011,foundation,"มันเทศ, สีม่วงแดง, ดิบ","Sweet potato, purple-red  flesh, raw",รากและหัว,ไม่ระบุ,101,72.7,0.76,0.19,23.07,2.4,0.87,9,72,17,21,249,0.44,0.12,0.15,2.24,,1,,,0.04,0.02,1.00,7,,,,,,,,,,,,,,,,,,,,,,,,,,,,,,,,,,,,,,,,,,,,,,,,,,,
02012,foundation,"มันเทศ, สีเหลือง, ดิบ","Sweet potato, yellow flesh, raw",รากและหัว,ไม่ระบุ,91,75.2,0.60,0.10,20.80,2.5,0.80,98,46,,,,,,,5.00,,2600,,217,0.09,0.02,0.50,34,,,,,,,,,,,,,,,,,,,,,,,,,,,,,,,,,,,,,,,,,,,,,,,,,,,
02010,foundation,"มันเทศ, เนื้อสีส้ม, ดิบ","Sweet potato, orange flesh, raw",รากและหัว,ไม่ระบุ,63,79.9,1.99,0.18,12.28,2.4,3.30,,,,,,,,,,,349,,,0.07,0.05,0.40,13,0.17,,,,,,,,,,,,,,,,,,,,,,,,,,,,,,,,,,,,,,,,,,,,,,,,,,
02015,foundation,"มันสำปะหลัง, ดิบ","Cassava, raw",รากและหัว,ไม่ระบุ,134,64.8,0.80,0.20,31.90,1.1,1.20,33,10,,,,0.60,,,,,,,,0.08,0.02,tr,60,,,,,,,,,,,,,,,,,,,,,,,,,,,,,,,,,,,,,,,,,,,,,,,,,,,
02014,foundation,"มันมือเสือ, ดิบ","Spring yam, raw",รากและหัว,ไม่ระบุ,119,68.3,1.74,0.35,25.84,2.8,0.97,,46,30,3,,,0.16,0.42,,,,,,0.05,,,10,,,,,,,,,,,,,,,,,,,,,,,,,,,,,,,,,,,,,,,,,,,,,,,,,,,
02013,foundation,"มันฝรั่ง, ดิบ","Potato, raw",รากและหัว,ไม่ระบุ,70,82,2.50,0.20,13.90,1.4,0.00,16,50,,,,1.70,,,,,,,,0.12,0.04,1.00,41,,,,,,,,,,,,,,,,,,,,,,,,,,,,,,,,,,,,,,,,,,,,,,,,,,,
02017,foundation,"มันอ้น/มันอ้อน, ดิบ","Man-aon, raw",รากและหัว,ไม่ระบุ,68,82.1,0.90,0.30,14.80,1.4,0.50,,,,,,,,,,,14,,1,0.05,0.03,,5,0.23,,,,,,,,,,,,,,,,,,,,,,,,,,,,,,,,,,,,,,,,,,,,,,,,,,
02016,foundation,"มันสำปะหลัง, แป้ง",Cassava  flour,รากและหัว,ไม่ระบุ,350,12.1,0.30,0.10,87.20,0,0.30,84,35,,,,0.90,,,,,0,,0,0.06,0.02,0.10,0,,,,,,,,,,,,,,,,,,,,,,,,,,,,,,,,,,,,,,,,,,,,,,,,,,,
02018,foundation,"สาคู/สาคูไทย, หัวสีขาว, ดิบ","Arrow roots, white, raw",รากและหัว,ไม่ระบุ,0,78.3,1.70,0.30,0.00,0,1.10,6,66,,,,0.80,,,,,0,,0,0.17,0.02,,16,,,,,,,,,,,,,,,,,,,,,,,,,,,,,,,,,,,,,,,,,,,,,,,,,,,
02020,foundation,"สาคู  เม็ดเล็ก, ดิบ","Sago palm, grain, raw",รากและหัว,ไม่ระบุ,348,12.7,0.20,0.10,86.60,tr,0.40,130,12,,,,1.40,,,,,0,,0,0.05,0.00,0.10,0,,,,,,,,,,,,,,,,,,,,,,,,,,,,,,,,,,,,,,,,,,,,,,,,,,,
02021,foundation,"หัวผักกาด, ไชเท้า, ดิบ","Radish, raw",รากและหัว,ไม่ระบุ,0,93.7,0.80,0.00,0.00,0,0.70,43,20,,,,tr,,,4.00,,0,,0,0.01,0.02,0.50,26,,,,,,,,,,,,,,,,,,,,,,,,,,,,,,,,,,,,,,,,,,,,,,,,,,,
02022,foundation,"หัวผักกาดแห้ง, เค็ม","Radish, salted",รากและหัว,ไม่ระบุ,0,69.8,1.80,0.10,0.00,0,18.50,118,24,,,,,,,,,0,,0,0.03,0.00,0.50,0,,,,,,,,,,,,,,,,,,,,,,,,,,,,,,,,,,,,,,,,,,,,,,,,,,,
02023,foundation,"หัวผักกาดแห้ง, หวาน","Radish, sweetened",รากและหัว,ไม่ระบุ,0,58.1,0.90,0.30,0.00,0,9.60,81,14,,,,tr,,,,,0,,0,0.03,0.00,0.10,0,,,,,,,,,,,,,,,,,,,,,,,,,,,,,,,,,,,,,,,,,,,,,,,,,,,
03002,foundation,"กระจับ, ต้ม","Water chesnut, boiled",ถั่วเมล็ดแห้ง,ไม่ระบุ,0,56.7,4.80,0.20,0.00,0,2.20,26,16,,,,1.70,,,,,0,,0,0.25,0.03,1.30,,,,,,,,,,,,,,,,,,,,,,,,,,,,,,,,,,,,,,,,,,,,,,,,,,,,
02019,foundation,"สาคู/สาคูจีน, หัวสีแดง, ดิบ","Arrow roots, red , raw",รากและหัว,ไม่ระบุ,0,74.7,1.50,0.30,0.00,0,1.20,14,64,,,,0.80,,,,,tr,,0,0.10,0.03,0.30,4,,,,,,,,,,,,,,,,,,,,,,,,,,,,,,,,,,,,,,,,,,,,,,,,,,,
03001,foundation,"กระจับ, ดิบ","Water chesnut, raw",ถั่วเมล็ดแห้ง,ไม่ระบุ,0,75.9,3.50,0.20,0.00,0,1.10,15,9,,,,1.20,,,,,0,,0,0.36,0.05,1.50,8,,,,,,,,,,,,,,,,,,,,,,,,,,,,,,,,,,,,,,,,,,,,,,,,,,,
03004,foundation,"กะ/ลูกกะ/ลูกประ, คั่ว","Look ka/Look pra, roasted",ถั่วเมล็ดแห้ง,ไม่ระบุ,0,3,16.10,45.40,0.00,0,2.50,,348,,,,tr,,,,,15,,1,0.04,,2.30,,,,,,,,,,,,,,,,,,,,,,,,,,,,,,,,,,,,,,,,,,,,,,,,,,,,
03003,foundation,"ก่อ/ลูกก่อ, ดิบ","Look kaw, raw",ถั่วเมล็ดแห้ง,ไม่ระบุ,0,35.8,3.70,2.00,0.00,0,1.20,,103,,,,0.00,,,,,0,,0,,,1.20,0,,,,,,,,,,,,,,,,,,,,,,,,,,,,,,,,,,,,,,,,,,,,,,,,,,,
03006,foundation,"งาขาว, คั่ว","Sesame, seeds, white, roasted",ถั่วเมล็ดแห้ง,ไม่ระบุ,0,3,26.10,64.20,0.00,0,3.10,90,,,,,13.00,,,,,4,,tr,0.83,1.54,5.00,,,,,,,,,,,,,,,,,,,,,,,,,,,,,,,,,,,,,,,,,,,,,,,,,,,,
03005,foundation,"เกาลัด, ดิบ","Chestnut, raw",ถั่วเมล็ดแห้ง,ไม่ระบุ,206,46.7,3.80,1.80,40.80,5.7,1.20,,,,,,tr,,,,,57,,4,,,2.10,,,,,,,,,,,,,,,,,,,,,,,,,,,,,,,,,,,,,,,,,,,,,,,,,,,,
03008,foundation,"งาขี้ม้อน, ดิบ","Perilla, raw",ถั่วเมล็ดแห้ง,ไม่ระบุ,0,7.2,16.00,42.00,0.00,0,3.10,442,284,,,,6.30,,,,,35,,2,0.49,0.50,1.30,,,,,,,,,,,,,,,,,,,,,,,,,,,,,,,,,,,,,,,,,,,,,,,,,,,,
03007,foundation,"งาขาว, ดิบ","Sesame, seeds, white, raw",ถั่วเมล็ดแห้ง,ไม่ระบุ,0,3.9,20.90,57.10,0.00,0,3.10,86,650,,,,7.40,,,,,0,,0,1.08,0.11,3.30,0,,,,,,,,,,,,,,,,,,,,,,,,,,,,,,,,,,,,,,,,,,,,,,,,,,,
03009,foundation,"งาดำ, อบ","Sesame, seeds, black, roasted",ถั่วเมล็ดแห้ง,ไม่ระบุ,593,2.2,20.60,51.90,3.20,15.7,6.40,1469,688,,,,9.90,,,22.00,,0,,0,0.75,0.27,3.80,0,,,,,,,,,,,,,,,,,,,,,,,,,,,,,,,,,,,,,,,,,,,,,,,,,,,
03011,foundation,"เต้าหู้ขาว, อ่อน","Soybean curd, white, soft",ถั่วเมล็ดแห้ง,ไม่ระบุ,0,90,4.30,1.90,0.00,0,0.80,250,53,,,,2.20,,,,,0,,0,0.04,0.18,0.70,,,,,,,,,,,,,,,,,,,,,,,,,,,,,,,,,,,,,,,,,,,,,,,,,,,,
03010,foundation,"เต้าเจี้ยว, ขาว","Soybean paste, white",ถั่วเมล็ดแห้ง,ไม่ระบุ,0,56.7,11.10,3.70,0.00,0,16.50,180,178,,,,15.20,,,,,0,,0,0.23,0.08,0.40,,,,,,,,,,,,,,,,,,,,,,,,,,,,,,,,,,,,,,,,,,,,,,,,,,,,
03015,foundation,เต้าหู้เหลือง,"Soybean curd, yellow",ถั่วเมล็ดแห้ง,ไม่ระบุ,0,69.7,13.50,6.70,0.00,0,1.30,160,230,,,,2.80,,,,,,,,0.03,0.18,0.80,,,,,,,,,,,,,,,,,,,,,,,,,,,,,,,,,,,,,,,,,,,,,,,,,,,,
03014,foundation,"เต้าหู้ยี้, แบ่งขาย","Curd cake, fermented",ถั่วเมล็ดแห้ง,ไม่ระบุ,0,59.2,11.20,6.30,0.00,0,13.00,,,,,,,,,,,,,,0.07,0.00,1.20,0,,,,,,,,,,,,,,,,,,,,,,,,,,,,,,,,,,,,,,,,,,,,,,,,,,,
03016,foundation,"ถั่วขาว, ดิบ","Nevy bean/White kidney beans, raw",ถั่วเมล็ดแห้ง,ไม่ระบุ,0,11.2,22.30,2.80,0.00,0,2.60,,,,,,6.80,,,,,,,,0.32,0.42,2.70,,,,,,,,,,,,,,,,,,,,,,,,,,,,,,,,,,,,,,,,,,,,,,,,,,,,
03012,foundation,เต้าหู้ทอด/เต้าหู้พอง,"Soybean curd, spongy deep fried",ถั่วเมล็ดแห้ง,ไม่ระบุ,0,40.6,28.80,25.70,0.00,0,3.00,,33,,,,4.20,,,,,,,,0.11,0.33,2.80,0,,,,,,,,,,,,,,,,,,,,,,,,,,,,,,,,,,,,,,,,,,,,,,,,,,,
03013,foundation,"เต้าหู้ยี้, กระป๋อง","Curd cake, fermented, can",ถั่วเมล็ดแห้ง,ไม่ระบุ,0,56.8,8.60,4.20,0.00,0,13.10,,15,,,,1.70,,,,,0,,0,0.02,0.00,1.60,,,,,,,,,,,,,,,,,,,,,,,,,,,,,,,,,,,,,,,,,,,,,,,,,,,,
03017,foundation,"ถั่วเขียว, ดิบ","Mungbean, seeds, raw",ถั่วเมล็ดแห้ง,ไม่ระบุ,297,11.5,23.40,1.30,35.60,24.7,3.50,125,340,,,,5.20,,,,,,,,0.38,0.21,2.60,0,,,,,,,,,,,,,,,,,,,,,,,,,,,,,,,,,,,,,,,,,,,,,,,,,,,
03018,foundation,"ถั่วเขียว, แป้ง","Mungbean, flour",ถั่วเมล็ดแห้ง,ไม่ระบุ,0,29,0.80,0.10,0.00,0,0.10,32,11,,,,1.00,,,,,,,,0.01,0.01,0.10,,,,,,,,,,,,,,,,,,,,,,,,,,,,,,,,,,,,,,,,,,,,,,,,,,,,
03019,foundation,"ถั่วดำ, คั่ว","Cowpea, seeds, roasted",ถั่วเมล็ดแห้ง,ไม่ระบุ,0,3,25.90,2.20,0.00,0,3.90,108,184,,,,11.60,,,,,5,,0,0.02,0.63,2.10,,,,,,,,,,,,,,,,,,,,,,,,,,,,,,,,,,,,,,,,,,,,,,,,,,,,
03023,foundation,"ถั่วแดงหลวง, ดิบ","Red kidney bean, seeds, raw",ถั่วเมล็ดแห้ง,ไม่ระบุ,298,12,18.20,2.20,39.50,23.8,4.30,115,415,,,,,,,,,0,,0,0.16,1.32,2.70,,,,,,,,,,,,,,,,,,,,,,,,,,,,,,,,,,,,,,,,,,,,,,,,,,,,
03021,foundation,"ถั่วแดง, คั่ว","Rice bean, seeds, roasted.",ถั่วเมล็ดแห้ง,ไม่ระบุ,0,4.9,22.70,2.20,0.00,0,1.60,43,151,,,,10.50,,,,,16,,1,0.02,0.29,3.00,,,,,,,,,,,,,,,,,,,,,,,,,,,,,,,,,,,,,,,,,,,,,,,,,,,,
03022,foundation,"ถั่วแดง, ดิบ","Rice bean, seeds, raw",ถั่วเมล็ดแห้ง,ไม่ระบุ,294,14.2,22.40,1.20,39.19,18.8,4.20,,253,,,,,,,,,,,,0.73,0.23,0.90,0,,,,,,,,,,,,,,,,,,,,,,,,,,,,,,,,,,,,,,,,,,,,,,,,,,,
03020,foundation,"ถั่วดำ, ดิบ","Black gram, seeds, raw",ถั่วเมล็ดแห้ง,ไม่ระบุ,318,9.9,24.20,1.70,42.40,18.2,3.65,39,356,,,,12.95,,,,,,,,0.28,0.31,1.70,,,,,,,,,,,,,,,,,,,,,,,,,,,,,,,,,,,,,,,,,,,,,,,,,,,,
03025,foundation,"ถั่วนางหอม, แยกเปลือก, ดิบ","Sweet pea, hulled, raw",ถั่วเมล็ดแห้ง,ไม่ระบุ,0,10.2,22.60,1.40,0.00,0,3.60,227,28,,,,4.50,,,,,0,,0,0.31,0.56,3.90,0,,,,,,,,,,,,,,,,,,,,,,,,,,,,,,,,,,,,,,,,,,,,,,,,,,,
03024,foundation,"ถั่วนางหอม, ทั้งเปลือก, ดิบ","Sweet pea, whole seeds, raw",ถั่วเมล็ดแห้ง,ไม่ระบุ,0,9.2,23.10,1.20,0.00,0,3.80,180,23,,,,4.40,,,,,0,,0,0.37,1.24,4.70,5,,,,,,,,,,,,,,,,,,,,,,,,,,,,,,,,,,,,,,,,,,,,,,,,,,,
03026,foundation,"ถั่วเน่า, เปียก","Soy bean, fermented, fresh",ถั่วเมล็ดแห้ง,ไม่ระบุ,0,61.8,17.90,6.60,0.00,0,4.60,198,223,,,,6.10,,,,,,,,0.04,0.45,1.60,0,,,,,,,,,,,,,,,,,,,,,,,,,,,,,,,,,,,,,,,,,,,,,,,,,,,
03029,foundation,"ถั่วแปะยี, ดิบ","Lablab bean, seeds, raw",ถั่วเมล็ดแห้ง,ไม่ระบุ,0,10.3,31.10,0.80,0.00,0,3.30,33,398,,,,8.40,,,,,tr,,tr,0.52,0.35,4.10,0,,,,,,,,,,,,,,,,,,,,,,,,,,,,,,,,,,,,,,,,,,,,,,,,,,,
03027,foundation,"ถั่วเน่า, แห้ง","Soy bean, fermented, dried",ถั่วเมล็ดแห้ง,ไม่ระบุ,393,12,43.90,17.60,7.60,14.3,4.60,292,5,,,,21.00,,,,,104,,8,0.06,0.73,1.60,0,,,,,,,,,,,,,,,,,,,,,,,,,,,,,,,,,,,,,,,,,,,,,,,,,,,
03028,foundation,"ถั่วแปะยี, คั่ว","Lablab bean, seeds, roasted",ถั่วเมล็ดแห้ง,ไม่ระบุ,0,6.4,29.20,2.90,0.00,0,4.70,,481,,,,,,,,,0,,0,0.16,3.63,2.10,0,,,,,,,,,,,,,,,,,,,,,,,,,,,,,,,,,,,,,,,,,,,,,,,,,,,
03030,foundation,"ถั่วแปะยี, ทอด","Lablab bean, seeds, fried",ถั่วเมล็ดแห้ง,ไม่ระบุ,447,3.8,22.90,15.40,53.90,0.9,3.10,60,387,,,,10.80,,,,,tr,,tr,0.44,0.35,3.40,0,,,,,,,,,,,,,,,,,,,,,,,,,,,,,,,,,,,,,,,,,,,,,,,,,,,
03031,foundation,"ถั่วพุ่ม, ทั้งเปลือก, ดิบ","Cowpea, whole seeds, raw",ถั่วเมล็ดแห้ง,ไม่ระบุ,0,10.9,24.30,2.30,0.00,0,3.30,19,14,,,,3.30,,,,,0,,0,0.42,1.26,3.90,0,,,,,,,,,,,,,,,,,,,,,,,,,,,,,,,,,,,,,,,,,,,,,,,,,,,
03032,foundation,"ถั่วพุ่ม, แยกปลือก, ดิบ","Cowpea, hulled, raw",ถั่วเมล็ดแห้ง,ไม่ระบุ,0,9.8,26.60,2.40,0.00,0,3.30,,31,,,,3.80,,,,,0,,0,0.23,0.34,3.70,0,,,,,,,,,,,,,,,,,,,,,,,,,,,,,,,,,,,,,,,,,,,,,,,,,,,
03033,foundation,"ถั่วแระ, ดิบ","Soybean, young seeds, raw",ถั่วเมล็ดแห้ง,ไม่ระบุ,148,64.7,15.30,6.70,2.13,9.2,2.00,,,,,,,,,,,,,,0.57,0.26,1.10,22,,,,,,,,,,,,,,,,,,,,,,,,,,,,,,,,,,,,,,,,,,,,,,,,,,,
03034,foundation,"ถั่วแระ, ต้ม","Soybean, young seeds,  boiled",ถั่วเมล็ดแห้ง,ไม่ระบุ,0,57.2,17.80,4.70,0.00,0,2.70,194,330,,,,0.40,,,,,,,,0.31,0.21,2.30,0,,,,,,,,,,,,,,,,,,,,,,,,,,,,,,,,,,,,,,,,,,,,,,,,,,,
03037,foundation,"ถั่วลิสง, ดิบ","Peanut, raw",ถั่วเมล็ดแห้ง,ไม่ระบุ,518,11.4,29.70,38.70,7.96,9.7,2.50,20,455,,,,13.80,,,,,,,,0.59,0.09,2.20,8,,,,,,,,,,,,,,,,,,,,,,,,,,,,,,,,,,,,,,,,,,,,,,,,,,,
03035,foundation,"ถั่วลาย, ทั้งเปลือก, ดิบ","Butterfly pea, whole seeds, raw",ถั่วเมล็ดแห้ง,ไม่ระบุ,0,9.5,25.92,2.13,0.00,0,3.55,109,37,,,,5.50,,,,,0,,0,0.31,1.29,4.20,0,,,,,,,,,,,,,,,,,,,,,,,,,,,,,,,,,,,,,,,,,,,,,,,,,,,
03038,foundation,"ถั่วลิสง, ทอด, ไม่รวมเยื่อหุ้มเมล็ด","Peanut without seed coat, fried",ถั่วเมล็ดแห้ง,ไม่ระบุ,626,1.1,28.19,51.25,9.07,8,2.46,37,294,,70,,1.58,,,,,,,,,,,,,,,,,,,,,,,,,,,,,,,,,,,,,,,,,,,,,,,,,,,,,,,,,,,,,,
03039,foundation,"ถั่วลิสง, อบเกลือ,รวมเยื่อหุ้มเมล็ด","Peanut with seed coat, baked with salt",ถั่วเมล็ดแห้ง,ไม่ระบุ,601,1.5,27.62,47.65,10.40,10.3,2.52,42,332,,96,,0.94,,,,,,,,,,,,,,,,,,,,,,,,,,,,,,,,,,,,,,,,,,,,,,,,,,,,,,,,,,,,,,
03036,foundation,"ถั่วลาย, แยกเปลือก,ดิบ","Butterfly pea, hulled, raw",ถั่วเมล็ดแห้ง,ไม่ระบุ,0,10.9,26.60,2.25,0.00,0,3.65,,42,,,,6.20,,,,,0,,0,0.32,1.37,4.80,0,,,,,,,,,,,,,,,,,,,,,,,,,,,,,,,,,,,,,,,,,,,,,,,,,,,
03041,foundation,"ถั่วเล็บมือนาง, ดิบ","Rice bean, raw",ถั่วเมล็ดแห้ง,ไม่ระบุ,0,8.7,19.90,1.20,0.00,0,4.00,13,56,,,,2.20,,,,,,,,0.53,0.50,5.20,,,,,,,,,,,,,,,,,,,,,,,,,,,,,,,,,,,,,,,,,,,,,,,,,,,,
03040,foundation,"ถั่วเล็บมือนาง, คั่ว","Rice bean, roasted",ถั่วเมล็ดแห้ง,ไม่ระบุ,0,8,20.40,1.30,0.00,0,3.90,21,92,,,,,,,,,,,,0.10,0.63,1.60,,,,,,,,,,,,,,,,,,,,,,,,,,,,,,,,,,,,,,,,,,,,,,,,,,,,
03044,foundation,"ถั่วเหลือง, คั่ว","Soybean, seeds, roasted",ถั่วเมล็ดแห้ง,ไม่ระบุ,0,10.5,36.80,19.20,0.00,0,4.70,,,,,,,,,,,,,,0.04,0.64,11.60,,,,,,,,,,,,,,,,,,,,,,,,,,,,,,,,,,,,,,,,,,,,,,,,,,,,
03042,foundation,"ถั่วหรั่ง, ดิบ","Bambara groundnut, raw",ถั่วเมล็ดแห้ง,ไม่ระบุ,0,58.1,8.40,3.80,0.00,0,1.60,20,143,,,,tr,,,,,3,,tr,0.16,0.37,2.90,4,,,,,,,,,,,,,,,,,,,,,,,,,,,,,,,,,,,,,,,,,,,,,,,,,,,
03045,foundation,"ถั่วเหลือง, ดิบ","Soybean, seeds, raw",ถั่วเมล็ดแห้ง,ไม่ระบุ,0,11.1,34.00,18.70,0.00,0,4.80,245,500,,,,10.00,,,,,,,,0.73,0.19,1.50,14,,,,,,,,,,,,,,,,,,,,,,,,,,,,,,,,,,,,,,,,,,,,,,,,,,,
03043,foundation,"ถั่วหรั่ง, ต้ม","Bambara groundnut, boiled",ถั่วเมล็ดแห้ง,ไม่ระบุ,0,61.7,7.10,2.80,0.00,0,1.90,22,127,,,,tr,,,,,0,0.00,0,0.10,0.18,1.60,,,,,,,,,,,,,,,,,,,,,,,,,,,,,,,,,,,,,,,,,,,,,,,,,,,,
03048,foundation,"มะพร้าว, ขูด, กาก","Coconut, grated meat, pressed",ถั่วเมล็ดแห้ง,ไม่ระบุ,0,72.7,1.40,9.40,0.00,0,0.50,,32,,,,,,,,,,,,0.02,0.15,2.90,3,,,,,,,,,,,,,,,,,,,,,,,,,,,,,,,,,,,,,,,,,,,,,,,,,,,
03049,foundation,"มะพร้าว, ขูด, เนื้อ","Coconut, grated meat",ถั่วเมล็ดแห้ง,ไม่ระบุ,0,53.5,3.50,28.70,0.00,0,1.00,,78,,,,1.90,,,,,,,,0.02,0.05,1.50,11,,,,,,,,,,,,,,,,,,,,,,,,,,,,,,,,,,,,,,,,,,,,,,,,,,,
03047,foundation,"แปะก๊วย, เมล็ด, ไม่มีเปลือก","Ginko, seeds, hulled",ถั่วเมล็ดแห้ง,ไม่ระบุ,185,53,5.20,1.90,35.20,3.1,1.60,48,171,,,,tr,,,,,170,,14,,,1.60,0,,,,,,,,,,,,,,,,,,,,,,,,,,,,,,,,,,,,,,,,,,,,,,,,,,,
03046,foundation,"ถั่วเหลือง, นม, UHT","Soybean, milk, UHT",ถั่วเมล็ดแห้ง,ไม่ระบุ,71,85.5,2.40,3.10,8.60,0,0.40,22,26,,,,0.50,,,,,,,,0.20,0.07,0.40,0,,,,,,,,,,,,,,,,,,,,,,,,,,,,,,,,,,,,,,,,,,,,,,,,,,,
03050,foundation,"มะพร้าว, น้ำตาล",Sugar from coconut,ถั่วเมล็ดแห้ง,ไม่ระบุ,351,11.2,0.30,0.10,87.40,,1.00,80,609,,,,14.40,,,,,,,,0.05,0.09,3.60,0,,,,,,,,,,,,,,,,,,,,,,,,,,,,,,,,,,,,,,,,,,,,,,,,,,,
03052,foundation,"มะพร้าวอ่อน, เนื้อ","Coconut, meat, immature",ถั่วเมล็ดแห้ง,ไม่ระบุ,0,83.1,1.60,2.00,0.00,0,1.10,13,173,,,,1.00,,,,,,0.00,,0.06,0.04,1.30,4,,,,,,,,,,,,,,,,,,,,,,,,,,,,,,,,,,,,,,,,,,,,,,,,,,,
03051,foundation,"มะพร้าวกะทิ, เนื้อ ( Milk coconut/Fluffy coconut)",,ถั่วเมล็ดแห้ง,ไม่ระบุ,228,67.1,2.11,19.76,10.44,,0.63,7,59,32,87,281,1.41,,,3.00,,0,,0,0.01,0.02,,1,0.00,,,,,,,,,,,,,,,,,,,,,,,,,,,,,,,,,,,,,,,,,,,,,,,,,,
03055,foundation,"เมล็ดเงาะ, ดิบ","Rambutan, seeds, raw",ถั่วเมล็ดแห้ง,ไม่ระบุ,0,35.1,7.30,24.20,0.00,0,1.60,19,117,,,,2.90,,,,,,0.00,,0.04,0.97,0.40,15,,,,,,,,,,,,,,,,,,,,,,,,,,,,,,,,,,,,,,,,,,,,,,,,,,,
03053,foundation,"เมล็ดกระถิน, แห้ง, คั่ว","Leadtree seeds, roasted",ถั่วเมล็ดแห้ง,ไม่ระบุ,0,3.1,36.00,9.10,0.00,0,4.60,79,336,,,,12.40,,,,,,0.00,,0.20,1.67,4.30,,,,,,,,,,,,,,,,,,,,,,,,,,,,,,,,,,,,,,,,,,,,,,,,,,,,
03057,foundation,"เมล็ดถั่วพู, ปอกเปลือก, ลวก","Winged bean, hulled, blanched",ถั่วเมล็ดแห้ง,ไม่ระบุ,0,38.8,26.60,14.80,0.00,0,2.50,36,,,,,5.40,,,,,,0.00,,0.57,3.96,4.40,0,,,,,,,,,,,,,,,,,,,,,,,,,,,,,,,,,,,,,,,,,,,,,,,,,,,
03054,foundation,"เมล็ดขนุน, ดิบ","Jack fruit, seeds, raw",ถั่วเมล็ดแห้ง,ไม่ระบุ,134,60.7,5.50,0.20,23.23,9,1.40,,105,,,,2.90,,,,,,0.00,,1.74,0.02,3.20,24,,,,,,,,,,,,,,,,,,,,,,,,,,,,,,,,,,,,,,,,,,,,,,,,,,,
03056,foundation,"เมล็ดถั่วแขก, ดิบ","French bean, seeds, raw",ถั่วเมล็ดแห้ง,ไม่ระบุ,0,10.3,18.50,6.00,0.00,0,2.20,13,253,,,,,,,,,0,0.00,0,0.22,0.73,2.10,0,,,,,,,,,,,,,,,,,,,,,,,,,,,,,,,,,,,,,,,,,,,,,,,,,,,
03058,foundation,"เมล็ดบัว, นึ่ง","Lotus, seeds,  steamed",ถั่วเมล็ดแห้ง,ไม่ระบุ,0,59.7,10.30,0.50,0.00,,1.60,12,127,,,,1.80,,,,,,0.00,7,,tr,0.40,,,,,,,,,,,,,,,,,,,,,,,,,,,,,,,,,,,,,,,,,,,,,,,,,,,,
03059,foundation,"เมล็ดบัว, สด","Lotus, seeds, raw",ถั่วเมล็ดแห้ง,ไม่ระบุ,64,83.1,3.93,0.26,11.68,,0.99,,,,,,,,,,,,,,,,,39,,,,,,,,,,,,,,,,,,,,,,,,,,,,,,,,,,,,,,,,,,,,,,,,,,,
03061,foundation,"เมล็ดมะขาม, คั่ว","Tamarind, seeds, roasted",ถั่วเมล็ดแห้ง,ไม่ระบุ,0,10.2,14.30,7.70,0.00,0,1.20,3,185,,,,0.20,,,,,,0.00,,0.00,1.89,0.40,,,,,,,,,,,,,,,,,,,,,,,,,,,,,,,,,,,,,,,,,,,,,,,,,,,,
03062,foundation,"เมล็ดมะม่วงหิมพานต์, คั่ว","Cashew nut, roasted",ถั่วเมล็ดแห้ง,ไม่ระบุ,0,3.8,19.50,44.80,0.00,0,2.90,38,236,,,,0.70,,,,,,0.00,,0.50,0.15,1.30,0,,,,,,,,,,,,,,,,,,,,,,,,,,,,,,,,,,,,,,,,,,,,,,,,,,,
03060,foundation,"เมล็ดบัว, แห้ง, ดิบ","Lotus, seeds, dried, raw",ถั่วเมล็ดแห้ง,ไม่ระบุ,332,10.8,19.20,2.10,54.10,10.1,3.70,122,626,,60,,4.40,,,20.00,,tr,0.00,tr,0.18,0.15,1.80,2,1.00,,,,,,,,,,,,,,,,,,,,,,,,,,,,,,,,,,,,,,,,,,,,,,,,,,
03064,foundation,"เมล็ดมะม่วงหิมพานต์, อบเนย","Cashew nut, baked with butter",ถั่วเมล็ดแห้ง,ไม่ระบุ,608,1.8,19.30,47.30,23.90,5.1,2.60,32,453,,,,tr,,,,,0,,0,0.46,0.18,1.10,0,1.02,,,,,,,,,,,,,,,,,,,,,,,,,,,,,,,,,,,,,,,,,,,,,,,,,,
03065,foundation,วุ้นเส้น,"Noodles, mungbean, dried",ถั่วเมล็ดแห้ง,ไม่ระบุ,0,15.6,1.60,0.10,0.00,0,0.20,35,16,,,,,,,,,0,,0,0.00,0.00,,,,,,,,,,,,,,,,,,,,,,,,,,,,,,,,,,,,,,,,,,,,,,,,,,,,,
03063,foundation,"เมล็ดมะม่วงหิมพานต์, ดิบ","Cashew nut, raw",ถั่วเมล็ดแห้ง,ไม่ระบุ,592,3.8,19.70,45.00,25.01,4.1,2.40,36,223,,,,0.10,,,,,12,0.00,1,0.65,0.16,0.90,0,0.39,,,,,,,,,,,,,,,,,,,,,,,,,,,,,,,,,,,,,,,,,,,,,,,,,,
03066,foundation,"โปรตีนเกษตรจากถั่วเหลืองอบแห้ง, แบบชิ้น ()",,ถั่วเมล็ดแห้ง,ไม่ระบุ,348,7.9,52.54,1.29,31.56,0,6.71,0,0,0,0,0,0.00,0.00,0.00,0.00,,0,0.00,0,0.00,0.00,0.00,0,0.00,,,0.00,0,,,,,,,,,,,,,,,,,,,,,,,,,,,,,,,,,,,,,,,,,,,,,,
03067,foundation,"โปรตีนเกษตรจากถั่วเหลืองอบแห้ง, แบบบด ()",,ถั่วเมล็ดแห้ง,ไม่ระบุ,0,8.2,55.41,1.29,0.00,0,6.69,0,0,0,0,0,0.00,0.00,0.00,0.00,,0,0.00,0,0.00,0.00,0.00,0,0.00,,,0.00,0,,,,,,,,,,,,,,,,,,,,,,,,,,,,,,,,,,,,,,,,,,,,,,
03069,foundation,"งาดำ, ดิบ ()",,ถั่วเมล็ดแห้ง,ไม่ระบุ,598,5.1,22.07,47.47,20.46,0,4.89,0,0,0,0,0,0.00,0.00,0.00,0.00,,0,0.00,0,0.00,0.00,0.00,0,0.00,,,0.00,0,,,,,,,,,,,,,,,,,,,,,,,,,,,,,,,,,,,,,,,,,,,,,,
03068,foundation,"งาขาว, ดิบ ()",,ถั่วเมล็ดแห้ง,ไม่ระบุ,631,3.4,26.06,52.32,13.88,0,4.36,0,0,0,0,0,0.00,0.00,0.00,0.00,,0,0.00,0,0.00,0.00,0.00,0,0.00,,,0.00,0,,,,,,,,,,,,,,,,,,,,,,,,,,,,,,,,,,,,,,,,,,,,,,
03071,foundation,"ถั่วชิกพี, ดิบ ()",,ถั่วเมล็ดแห้ง,ไม่ระบุ,374,11,17.02,6.12,62.68,0,3.21,0,0,0,0,0,0.00,0.00,0.00,0.00,,0,0.00,0,0.00,0.00,0.00,0,0.00,,,0.00,0,,,,,,,,,,,,,,,,,,,,,,,,,,,,,,,,,,,,,,,,,,,,,,
03070,foundation,"ถั่วขาว, ดิบ ()",,ถั่วเมล็ดแห้ง,ไม่ระบุ,341,14.1,16.12,2.54,63.21,0,4.01,0,0,0,0,0,0.00,0.00,0.00,0.00,,0,0.00,0,0.00,0.00,0.00,0,0.00,,,0.00,0,,,,,,,,,,,,,,,,,,,,,,,,,,,,,,,,,,,,,,,,,,,,,,
03073,foundation,"นมถั่วเหลือง, UHT ()",,ถั่วเมล็ดแห้ง,ไม่ระบุ,68,86.4,2.83,2.92,7.41,0,0.46,20,51,17,42,119,0.47,0.11,0.34,0.00,,0,0.00,0,0.00,0.00,0.00,0,0.00,,,4.52,0,,,,,,,,,,,,,,,,,,,,,,,,,,,,,,,,,,,,,,,,,,,,,,
03072,foundation,ถั่วลันเตาหวาน (),,ถั่วเมล็ดแห้ง,ไม่ระบุ,0,89.9,3.20,0.08,0.00,0,0.51,55,56,29,47,213,0.60,0.10,0.47,0.00,,0,0.00,0,0.00,0.00,0.00,0,0.00,,,0.65,0,,,,,,,,,,,,,,,,,,,,,,,,,,,,,,,,,,,,,,,,,,,,,,
03077,foundation,"มะพร้าวน้ำหอม, เนื้อมะพร้าวอ่อน ()",,ถั่วเมล็ดแห้ง,ไม่ระบุ,80,85.9,1.18,5.44,6.50,0,1.01,0,0,0,0,0,0.00,0.00,0.00,0.00,,0,0.00,0,0.00,0.00,0.00,0,0.00,,,0.00,0,,,,,,,,,,,,,,,,,,,,,,,,,,,,,,,,,,,,,,,,,,,,,,
03075,foundation,"น้ำเต้าหู้, เติมน้ำตาล ()",,ถั่วเมล็ดแห้ง,ไม่ระบุ,0,90.9,2.40,1.33,0.00,0,0.32,0,0,0,0,0,0.00,0.00,0.00,0.00,,0,0.00,0,0.00,0.00,0.00,0,0.00,,,0.00,0,,,,,,,,,,,,,,,,,,,,,,,,,,,,,,,,,,,,,,,,,,,,,,
03074,foundation,"นมถั่วเหลืองผสมจมูกข้าวญี่ปุ่น, UHT ()",,ถั่วเมล็ดแห้ง,ไม่ระบุ,63,87.4,2.39,2.82,6.95,0,0.45,7,41,16,63,111,0.32,0.09,1.24,0.00,,0,0.00,0,0.00,0.00,0.00,0,0.00,,,4.34,0,,,,,,,,,,,,,,,,,,,,,,,,,,,,,,,,,,,,,,,,,,,,,,
03076,foundation,"น้ำเต้าหู้, ไม่เติมน้ำตาล ()",,ถั่วเมล็ดแห้ง,ไม่ระบุ,0,93.5,2.67,1.54,0.00,0,0.36,0,0,0,0,0,0.00,0.00,0.00,0.00,,0,0.00,0,0.00,0.00,0.00,0,0.00,,,0.00,0,,,,,,,,,,,,,,,,,,,,,,,,,,,,,,,,,,,,,,,,,,,,,,
03078,foundation,"มะพร้าวน้ำหอม, ทั้งลูก (เนื้อและน้ำ) ()",,ถั่วเมล็ดแห้ง,ไม่ระบุ,42,90.7,0.47,1.32,6.81,0,0.66,0,0,0,0,0,0.00,0.00,0.00,0.00,,0,0.00,0,0.00,0.00,0.00,0,0.00,,,0.00,0,,,,,,,,,,,,,,,,,,,,,,,,,,,,,,,,,,,,,,,,,,,,,,
03079,foundation,"มะพร้าวน้ำหอม, น้ำมะพร้าวอ่อน ()",,ถั่วเมล็ดแห้ง,ไม่ระบุ,29,93.5,0.06,0.93,4.98,0,0.58,0,0,0,0,0,0.00,0.00,0.00,0.00,,0,0.00,0,0.00,0.00,0.00,0,0.00,,,0.00,0,,,,,,,,,,,,,,,,,,,,,,,,,,,,,,,,,,,,,,,,,,,,,,
03080,foundation,"มันหวานญี่ปุ่น, ดิบ ()",,ถั่วเมล็ดแห้ง,ไม่ระบุ,156,60.1,1.71,0.10,36.82,0,1.24,0,0,0,0,0,0.00,0.00,0.00,0.00,,0,0.00,0,0.00,0.00,0.00,0,0.00,,,0.00,0,,,,,,,,,,,,,,,,,,,,,,,,,,,,,,,,,,,,,,,,,,,,,,
03082,foundation,มันแกวบรบือ (จ.มหาสารคาม) (),,ถั่วเมล็ดแห้ง,ไม่ระบุ,43,92.9,9.68,0.04,0.00,1.7,0.36,8,13,6,2,140,0.21,0.06,0.15,tr,,1,1.00,2,0.01,0.74,,0,0.12,15.74,,0.89,,,,,,,,,,,,,,,,,,,,,,,,,,,,,,,,,,,,,,,,,,,,0.61,,,
04002,foundation,"กระเจี๊ยบมอญ/กระเจี๊ยบเขียว, ฝักอ่อน","Lady's finger, young pods",ผักและผลิตภัณฑ์,ไม่ระบุ,25,91.4,1.86,0.26,1.89,3.9,0.76,69,37,47,7,215,0.80,0.15,0.53,4.09,,335,,27,0.05,0.12,2.19,10,0.55,,,,,,,,,,,,,,,,,,,,,,,,,,,,,,,,,,,,,,,,,,,,,,,,,,
03081,foundation,แห้ว (จ.สุพรรณบุรี) (),,ถั่วเมล็ดแห้ง,ไม่ระบุ,77,77.2,1.62,0.09,15.05,4.5,1.50,5,62,13,14,629,0.39,0.08,0.38,8.00,,4,tr,tr,tr,0.12,,0,0.30,15.89,,2.90,,,,,,,,,,,,,,,,,,,,,,,,,,,,,,,,,,,,,,,,,,,,0.02,,,
04001,foundation,"กระเจี๊ยบเปรี้ยว, ใบ  (Roselle (Red sorrel),leaves )",Roselle (Red sorrel,ผักและผลิตภัณฑ์,ไม่ระบุ,38,88.3,1.70,0.10,5.84,3.5,0.62,104,29,56,6,,0.80,0.16,0.48,,,,,,0.11,0.24,4.50,44,,,,,,,,,,,,,,,,,,,,,,,,,,,,,,,,,,,,,,,,,,,,,,,,,,,
04003,foundation,กระชาย,Wild  ginger/Finger root,ผักและผลิตภัณฑ์,ไม่ระบุ,54,85,1.30,0.80,9.21,2.4,1.34,15,60,41,10,,2.30,0.09,0.32,,,0,,0,0.07,0.30,3.50,2,,,,,,,,,,,,,,,,,,,,,,,,,,,,,,,,,,,,,,,,,,,,,,,,,,,
04005,foundation,"กระถิน, ยอดอ่อน","Leadtree, tender  tips",ผักและผลิตภัณฑ์,ไม่ระบุ,61,80.7,8.40,0.90,1.04,7.7,1.27,124,52,51,5,,9.20,0.24,0.88,,,4728,,394,0.33,0.09,1.70,8,,,,,,,,,,,,,,,,,,,,,,,,,,,,,,,,,,,,,,,,,,,,,,,,,,,
04004,foundation,"กระโดน, ยอดอ่อน","Kra-don, tender tips",ผักและผลิตภัณฑ์,ไม่ระบุ,90,76.8,2.60,0.50,18.80,0,1.30,13,18,,,,1.70,,,,,1188,,198,0.10,0.88,1.80,126,,,,,,,,,,,,,,,,,,,,,,,,,,,,,,,,,,,,,,,,,,,,,,,,,,,
04006,foundation,กระทือขาว,"Wild ginger, white",ผักและผลิตภัณฑ์,ไม่ระบุ,11,95,0.40,0.40,0.00,3,1.20,,,,,,,,,1.00,,14,,1,tr,0.03,0.72,2,tr,,,,,,,,,,,,,,,,,,,,,,,,,,,,,,,,,,,,,,,,,,,,,,,,,,
04007,foundation,กระทือแดง,"Wild ginger, red",ผักและผลิตภัณฑ์,ไม่ระบุ,13,95.1,0.40,0.40,1.00,2.1,1.00,2,,,,,,,,2.00,,18,,1,tr,0.04,0.44,2,0.49,,,,,,,,,,,,,,,,,,,,,,,,,,,,,,,,,,,,,,,,,,,,,,,,,,
04008,foundation,"กระเทียม, ต้น","Garlic, leaves and stem",ผักและผลิตภัณฑ์,ไม่ระบุ,40,90.1,3.20,0.80,5.10,0,0.80,63,45,,,,tr,,,,,1634,,136,0.04,0.15,0.70,28,,,,,,,,,,,,,,,,,,,,,,,,,,,,,,,,,,,,,,,,,,,,,,,,,,,
04010,foundation,"กรุงเขมา, ใบ","Ice vine, leaves",ผักและผลิตภัณฑ์,ไม่ระบุ,89,75.2,8.50,0.70,11.20,2.4,2.00,423,26,,,,2.10,,,,,6577,,548,0.00,,1.30,82,,,,,,,,,,,,,,,,,,,,,,,,,,,,,,,,,,,,,,,,,,,,,,,,,,,
04009,foundation,"กรุงเขมา, น้ำคั้นจากใบ","Ice vine, juice from leaves",ผักและผลิตภัณฑ์,ไม่ระบุ,2,99.4,0.10,0.10,0.40,0,0.00,0,0,,,,0.00,,,,,18,,2,0.00,0.03,0.00,2,,,,,,,,,,,,,,,,,,,,,,,,,,,,,,,,,,,,,,,,,,,,,,,,,,,
04011,foundation,"กวางตุ้ง, ดอก","Chinese cabbage, flowers",ผักและผลิตภัณฑ์,ไม่ระบุ,29,91.1,3.20,0.50,2.00,2.1,1.10,32,30,,,,0.40,,,,,1453,,121,0.14,0.27,0.50,24,,,,,,,,,,,,,,,,,,,,,,,,,,,,,,,,,,,,,,,,,,,,,,,,,,,
04013,foundation,"กวางตุ้ง, ไต้หวัน, ต้นและใบ ( Pak choi)",,ผักและผลิตภัณฑ์,ไม่ระบุ,13,95.7,1.30,0.30,0.90,0.9,0.90,51,39,,,,tr,,,,,1412,,117,0.03,0.15,0.90,48,,,,,,,,,,,,,,,,,,,,,,,,,,,,,,,,,,,,,,,,,,,,,,,,,,,
04012,foundation,"กวางตุ้ง, ต้นและใบ",Chinese  cabbage,ผักและผลิตภัณฑ์,ไม่ระบุ,11,95.6,1.50,0.20,0.00,1.6,1.10,11,34,,,,1.60,,,4.00,,1808,,150,0.04,0.07,0.50,25,,,,,,,,,,,,,,,,,,,,,,,,,,,,,,,,,,,,,,,,,,,,,,,,,,,
04016,foundation,"กะเพราแดง, ใบ","Holy basil/Sacred basil, red",ผักและผลิตภัณฑ์,ไม่ระบุ,38,87.6,4.20,0.50,2.30,3.8,1.60,25,287,,,,15.10,,,,,7875,,656,0.04,0.34,1.80,25,,,,,,,,,,,,,,,,,,,,,,,,,,,,,,,,,,,,,,,,,,,,,,,,,,,
04015,foundation,"กะเพราขาว, ใบ","Holy basil/Sacred basil, white",ผักและผลิตภัณฑ์,ไม่ระบุ,32,89.2,3.24,0.61,1.41,3.9,1.61,221,50,53,175,307,1.20,0.20,0.80,2.25,,3594,,299,0.05,0.36,2.11,3,0.85,,,,,,,,,,,,,,,,,,,,,,,,,,,,,,,,,,,,,,,,,,,,,,,,,,
04014,foundation,"กะทกรก, ยอด","Passion fruit, tender  tips",ผักและผลิตภัณฑ์,ไม่ระบุ,59,83.5,7.50,1.20,2.80,3.6,1.40,64,,,,,,,,13.00,,8495,,707,tr,0.53,2.03,86,10.48,,,,,,,,,,,,,,,,,,,,,,,,,,,,,,,,,,,,,,,,,,,,,,,,,,
04017,foundation,"กะหล่ำ, ดอก",Cauliflower,ผักและผลิตภัณฑ์,ไม่ระบุ,13,96.4,1.00,0.10,2.10,0,0.40,22,23,,,,tr,,,2.00,,15,,1,0.02,0.15,0.80,56,,,,,,,,,,,,,,,,,,,,,,,,,,,,,,,,,,,,,,,,,,,,,,,,,,,
04020,foundation,"กะหล่ำปลี, สีม่วง","Cabbage, red",ผักและผลิตภัณฑ์,ไม่ระบุ,24,93,1.61,0.11,3.06,2.3,0.74,30,40,13,6,293,0.30,tr,0.23,0.28,,6,,0,0.07,0.05,0.25,68,0.01,,,,,,,,,,,,,,,,,,,,,,,,,,,,,,,,,,,,,,,,,,,,,,,,,,
04018,foundation,"กะหล่ำ, แขนง/ยอดผัก",Brussels sprout,ผักและผลิตภัณฑ์,ไม่ระบุ,29,90.5,2.99,0.47,1.78,3.1,1.18,49,64,22,110,315,0.51,tr,0.36,3.54,,550,,45,0.02,0.09,1.20,110,0.14,,,,,,,,,,,,,,,,,,,,,,,,,,,,,,,,,,,,,,,,,,,,,,,,,,
04019,foundation,กะหล่ำปลี,Cabbage,ผักและผลิตภัณฑ์,ไม่ระบุ,13,95.3,1.60,0.10,1.00,1.2,0.80,5,76,,,,0.10,,,,,42,,3,0.04,0.22,2.80,23,,,,,,,,,,,,,,,,,,,,,,,,,,,,,,,,,,,,,,,,,,,,,,,,,,,
04022,foundation,"กุยช่าย, ดอก","Chinese  leek, flower",ผักและผลิตภัณฑ์,ไม่ระบุ,27,91.9,2.50,0.30,2.50,2.3,0.50,3,21,,,,,,,0.28,,1346,,112,0.03,0.43,1.00,28,,,,,,,,,,,,,,,,,,,,,,,,,,,,,,,,,,,,,,,,,,,,,,,,,,,
04021,foundation,กะออม/แขยง,Ka-oom,ผักและผลิตภัณฑ์,ไม่ระบุ,27,90.9,1.36,0.38,3.10,3.3,0.96,32,33,,,,3.95,,,,,3028,,252,0.33,0.42,2.05,5,,,,,,,,,,,,,,,,,,,,,,,,,,,,,,,,,,,,,,,,,,,,,,,,,,,
04024,foundation,"ขนุน, อ่อน","Jackfruit,  young",ผักและผลิตภัณฑ์,ไม่ระบุ,35,88.4,1.60,1.00,1.60,6.7,0.70,8,3,,,,0.50,,,,,4,,tr,0.49,0.05,0.70,15,,,,,,,,,,,,,,,,,,,,,,,,,,,,,,,,,,,,,,,,,,,,,,,,,,,
04023,foundation,"ขจร, ดอก","Cowslip  creeper, flower",ผักและผลิตภัณฑ์,ไม่ระบุ,78,80.5,5.00,1.10,12.10,0,1.30,70,90,,,,1.00,,,,,1800,,150,0.10,0.10,1.50,45,,,,,,,,,,,,,,,,,,,,,,,,,,,,,,,,,,,,,,,,,,,,,,,,,,,
04027,foundation,"ข้าวสาร, ดอก","Khao san, flower",ผักและผลิตภัณฑ์,ไม่ระบุ,39,90.1,2.20,0.60,6.20,0,0.90,7,25,,,,,,,,,,,,,0.35,1.80,16,,,,,,,,,,,,,,,,,,,,,,,,,,,,,,,,,,,,,,,,,,,,,,,,,,,
04025,foundation,ขมิ้นขาว,Mango ginger,ผักและผลิตภัณฑ์,ไม่ระบุ,43,87.9,0.95,0.69,6.52,3.7,0.30,22,113,32,,,,0.12,0.39,,,0,,0,0.03,0.01,0.50,16,,,,,,,,,,,,,,,,,,,,,,,,,,,,,,,,,,,,,,,,,,,,,,,,,,,
04026,foundation,"ข้าวโพด, อ่อน","Corn, whole kernel, baby",ผักและผลิตภัณฑ์,ไม่ระบุ,28,91.8,2.30,0.30,3.20,2.1,0.30,2,32,30,1,244,0.50,tr,0.48,,,12,,1,0.13,0.15,0.40,23,,,,,,,,,,,,,,,,,,,,,,,,,,,,,,,,,,,,,,,,,,,,,,,,,,,
04029,foundation,"ข่าอ่อน, หัว","Galangal, tuber",ผักและผลิตภัณฑ์,ไม่ระบุ,25,93.7,1.30,0.30,4.40,0,0.30,5,27,,,,0.10,,,,,2,,tr,0.24,0.06,0.40,22,,,,,,,,,,,,,,,,,,,,,,,,,,,,,,,,,,,,,,,,,,,,,,,,,,,
04030,foundation,"ขิง, แก่","Ginger, mature rhizome",ผักและผลิตภัณฑ์,ไม่ระบุ,27,93.5,0.40,0.60,5.20,0,0.30,18,22,,,,1.20,,,,,10,,0,tr,0.02,1.00,1,,,,,,,,,,,,,,,,,,,,,,,,,,,,,,,,,,,,,,,,,,,,,,,,,,,
04028,foundation,"ข่าอ่อน, หน่อ","Galangal, shoot",ผักและผลิตภัณฑ์,ไม่ระบุ,43,89.2,1.28,0.40,8.61,0.9,0.55,12,34,79,12,,0.10,tr,0.48,,,tr,,tr,0.01,0.17,0.10,28,,,,,,,,,,,,,,,,,,,,,,,,,,,,,,,,,,,,,,,,,,,,,,,,,,,
04031,foundation,"ขิง, อ่อน","Ginger, young rhizome",ผักและผลิตภัณฑ์,ไม่ระบุ,22,93.2,0.76,0.47,2.53,2.6,0.48,13,24,29,1,,0.40,tr,0.23,,,11,,0,0.01,0.01,0.10,7,,,,,,,,,,,,,,,,,,,,,,,,,,,,,,,,,,,,,,,,,,,,,,,,,,,
04032,foundation,"ขี้เหล็ก, ดอก","Cassia,  flower",ผักและผลิตภัณฑ์,ไม่ระบุ,78,74.7,4.90,0.40,8.90,9.8,1.30,13,4,,,,1.60,,,,,233,,19,0.11,,1.80,484,0.00,,,,,,,,,,,,,,,,,,,,,,,,,,,,,,,,,,,,,,,,,,,,,,,,,,
04038,foundation,แครอท,Carrot,ผักและผลิตภัณฑ์,ไม่ระบุ,41,89.7,1.60,0.40,7.90,0,0.40,1,68,,,,1.20,,,,,6994,,582,0.04,0.05,0.80,3,,,,,,,,,,,,,,,,,,,,,,,,,,,,,,,,,,,,,,,,,,,,,,,,,,,
04033,foundation,"ขี้เหล็ก, ยอดและใบอ่อน","Cassia, tender tips and leaves",ผักและผลิตภัณฑ์,ไม่ระบุ,75,78.4,7.70,1.40,5.30,5.6,1.60,156,190,,,,5.80,,,,,1399,,116,0.04,0.69,1.30,110,0.00,,,,,,,,,,,,,,,,,,,,,,,,,,,,,,,,,,,,,,,,,,,,,,,,,,
04034,foundation,คื่นช่าย,Celery,ผักและผลิตภัณฑ์,ไม่ระบุ,18,93.3,1.60,0.50,0.50,2.6,1.50,93,40,,,,,,,,,1828,,152,0.02,0.19,0.60,30,1.43,,,,,,,,,,,,,,,,,,,,,,,,,,,,,,,,,,,,,,,,,,,,,,,,,,
04035,foundation,คูน,Green Taro,ผักและผลิตภัณฑ์,ไม่ระบุ,12,95.9,0.50,0.10,2.30,0,1.20,115,30,,,,1.30,,,2.00,,126,,10,0.03,0.01,0.40,6,,,,,,,,,,,,,,,,,,,,,,,,,,,,,,,,,,,,,,,,,,,,,,,,,,,
04036,foundation,"แค, ดอก","Sesbania, flower",ผักและผลิตภัณฑ์,ไม่ระบุ,24,90.1,2.10,0.20,0.00,7.2,0.70,2,57,,,,1.20,,,,,77,,6,0.09,0.49,0.50,35,,,,,,,,,,,,,,,,,,,,,,,,,,,,,,,,,,,,,,,,,,,,,,,,,,,
04037,foundation,"แค, ยอด","Sesbania, tender  tips",ผักและผลิตภัณฑ์,ไม่ระบุ,97,74.4,8.30,2.60,7.70,5.1,1.90,395,40,,,,4.10,,,,,,,,0.28,0.33,2.00,84,,,,,,,,,,,,,,,,,,,,,,,,,,,,,,,,,,,,,,,,,,,,,,,,,,,
04040,foundation,จวง/เทพธาโร,Juang,ผักและผลิตภัณฑ์,ไม่ระบุ,115,57.4,4.20,0.40,11.50,24.3,2.20,,,,,,,,,12.00,,2054,,171,0.01,,1.20,9,7.41,,,,,,,,,,,,,,,,,,,,,,,,,,,,,,,,,,,,,,,,,,,,,,,,,,
04039,foundation,"งิ้วแดง, ดอก, แห้ง","Red cotton tree, flowers, dried",ผักและผลิตภัณฑ์,ไม่ระบุ,316,17.7,6.60,1.40,69.40,0,4.90,429,161,,,,8.80,,,,,60,,5,0.06,0.00,2.70,,,,,,,,,,,,,,,,,,,,,,,,,,,,,,,,,,,,,,,,,,,,,,,,,,,,
04043,foundation,"จิก/จิกน้ำ/จิกนา, ยอด","Indian oak, tender tips",ผักและผลิตภัณฑ์,ไม่ระบุ,55,85.5,3.70,0.30,9.60,0,0.90,3,3,,,,2.60,,,,,2718,,226,0.17,0.32,2.80,39,,,,,,,,,,,,,,,,,,,,,,,,,,,,,,,,,,,,,,,,,,,,,,,,,,,
04045,foundation,จุมปา/กุมปลา (),,ผักและผลิตภัณฑ์,ไม่ระบุ,43,89.3,2.70,1.10,5.80,0,1.10,79,53,,,,1.20,,,,,4086,,340,0.09,0.05,0.90,tr,,,,,,,,,,,,,,,,,,,,,,,,,,,,,,,,,,,,,,,,,,,,,,,,,,,
04046,foundation,"เจียงดา/เชียงดา, ใบ","Chiang-da, leaves",ผักและผลิตภัณฑ์,ไม่ระบุ,69,82.9,5.40,1.50,8.60,0,1.60,78,98,,,,2.30,,,,,5905,,492,0.12,0.35,1.00,153,,,,,,,,,,,,,,,,,,,,,,,,,,,,,,,,,,,,,,,,,,,,,,,,,,,
04041,foundation,จากง (),,ผักและผลิตภัณฑ์,ไม่ระบุ,62,80.5,4.00,1.50,4.00,8.4,1.60,,,,,,,,,,,,,,0.04,,,20,,,,,,,,,,,,,,,,,,,,,,,,,,,,,,,,,,,,,,,,,,,,,,,,,,,
04042,foundation,จำปานา,Champaca,ผักและผลิตภัณฑ์,ไม่ระบุ,36,90.5,2.80,0.50,5.30,0,0.90,44,2,,,,1.60,,,,,,,,0.09,0.42,0.40,66,,,,,,,,,,,,,,,,,,,,,,,,,,,,,,,,,,,,,,,,,,,,,,,,,,,
04044,foundation,"จิกนอนวัน/จิกหาวนอน, ยอด","Jik, tender tips",ผักและผลิตภัณฑ์,ไม่ระบุ,191,32.2,6.80,2.60,14.60,41.3,2.50,,,,,,,,,,,,,,,,0.40,,,,,,,,,,,,,,,,,,,,,,,,,,,,,,,,,,,,,,,,,,,,,,,,,,,,
04048,foundation,"ชะอม, ยอด","Climbing wattle, tender tips",ผักและผลิตภัณฑ์,ไม่ระบุ,67,80.8,9.50,0.60,4.28,3.7,1.13,46,120,44,3,439,2.91,0.16,1.19,,,6042,0.00,504,0.05,0.24,1.15,58,,,,,,,,,,,,,,,,,,,,,,,,,,,,,,,,,,,,,,,,,,,,,,,,,,,
04049,foundation,ดากเงาะ/ว่านกระทือดำ/ไพลม่วง,"Phlai muang, rhizome",ผักและผลิตภัณฑ์,ไม่ระบุ,,93.6,,,,,,,,,,,,,,,,208,,17,0.03,0.06,1.16,4,1.05,,,,,,,,,,,,,,,,,,,,,,,,,,,,,,,,,,,,,,,,,,,,,,,,,,
04051,foundation,"โด่เด่/โด๊ะเด๊ะ, ยอดอ่อนและใบ","Do-de, tender tips and leaves",ผักและผลิตภัณฑ์,ไม่ระบุ,59,81,4.70,0.90,5.40,5.4,2.60,,,,,,,,,9.00,,1479,,123,,,0.54,,11.30,,,,,,,,,,,,,,,,,,,,,,,,,,,,,,,,,,,,,,,,,,,,,,,,,,
04047,foundation,"ชะพลู, ใบ","Wildbetal leafbush, leaves",ผักและผลิตภัณฑ์,ไม่ระบุ,54,81.7,4.85,1.54,1.72,7.2,2.96,405,30,105,42,926,7.60,0.29,0.93,7.48,,1708,,142,0.02,0.28,2.24,21,1.52,,,,,,,,,,,,,,,,,,,,,,,,,,,,,,,,,,,,,,,,,,,,,,,,,,
04050,foundation,"เดือยดิน/มะเดื่อดิน, ยอดและใบอ่อน","Ma-deua-din, tender tips and leaves",ผักและผลิตภัณฑ์,ไม่ระบุ,95,65.5,2.70,1.10,8.90,19.4,2.40,282,,,,,,,,20.00,,2430,,202,0.04,3.15,1.28,32,40.37,,,,,,,,,,,,,,,,,,,,,,,,,,,,,,,,,,,,,,,,,,,,,,,,,,
04053,foundation,"ต้นหอม, ใบ","Onion, Ieaves",ผักและผลิตภัณฑ์,ไม่ระบุ,30,90.9,1.54,0.36,3.99,2.5,0.74,86,33,20,39,313,0.51,0.07,0.30,2.45,,226,,18,0.02,0.10,1.40,29,0.40,,,,,,,,,,,,,,,,,,,,,,,,,,,,,,,,,,,,,,,,,,,,,,,,,,
04052,foundation,"ต้นหอม, ดอก","Onion, flower",ผักและผลิตภัณฑ์,ไม่ระบุ,24,92.5,1.00,0.10,3.82,2.1,0.51,48,22,10,6,,,0.06,0.15,,,900,,75,0.04,0.12,0.20,33,,,,,,,,,,,,,,,,,,,,,,,,,,,,,,,,,,,,,,,,,,,,,,,,,,,
04054,foundation,ต้นอ่อนทานตะวัน ( Sunflower sprout),,ผักและผลิตภัณฑ์,ไม่ระบุ,2,98.5,0.39,0.23,0.00,0.6,0.74,38,38,24,4,327,,0.12,0.39,0.47,,,,,0.09,0.09,2.25,6,0.66,,,,,,,,,,,,,,,,,,,,,,,,,,,,,,,,,,,,,,,,,,,,,,,,,,
04056,foundation,"ตั้งโอ๋, ใบ","Crowdaisy, leaves",ผักและผลิตภัณฑ์,ไม่ระบุ,15,94.3,2.10,0.30,0.08,1.9,1.33,134,38,17,51,,tr,0.15,0.32,,,2722,,227,0.06,0.32,0.70,10,,,,,,,,,,,,,,,,,,,,,,,,,,,,,,,,,,,,,,,,,,,,,,,,,,,
04055,foundation,"ตะลิงปลิง, ผล","Bilimbi, fruits",ผักและผลิตภัณฑ์,ไม่ระบุ,0,96.9,0.30,0.00,0.00,0,0.30,1,6,,,,0.20,,,,,162,,13,0.03,0.09,0.70,2,,,,,,,,,,,,,,,,,,,,,,,,,,,,,,,,,,,,,,,,,,,,,,,,,,,
04057,foundation,"ต้างป่า/ต้างหลวง, ดอก",Snow flake,ผักและผลิตภัณฑ์,ไม่ระบุ,0,83.7,3.10,0.80,0.00,0,2.20,222,65,,,,tr,,,,,196,,16,tr,0.14,2.30,2,,,,,,,,,,,,,,,,,,,,,,,,,,,,,,,,,,,,,,,,,,,,,,,,,,,
04058,foundation,ตาลปัตรฤาษี,Talapatreusi,ผักและผลิตภัณฑ์,ไม่ระบุ,0,95.2,1.20,0.30,0.00,0,0.90,7,2,,,,0.50,,,,,801,,66,0.03,0.08,1.20,13,,,,,,,,,,,,,,,,,,,,,,,,,,,,,,,,,,,,,,,,,,,,,,,,,,,
04060,foundation,"เตียน/กระท้อนป่า, ผล","Tein/wild santol, fruit",ผักและผลิตภัณฑ์,ไม่ระบุ,63,84.2,0.50,0.70,0.00,,0.70,,,,,,,,,,,0,,0,0.15,0.27,2.43,35,0.32,,,,,,,,,,,,,,,,,,,,,,,,,,,,,,,,,,,,,,,,,,,,,,,,,,
04061,foundation,แตงกวา,Cucumber,ผักและผลิตภัณฑ์,ไม่ระบุ,13,96.1,0.80,0.10,1.90,0.7,0.40,5,11,,,,0.40,,,,,40,,3,0.03,0.05,tr,20,,,,,,,,,,,,,,,,,,,,,,,,,,,,,,,,,,,,,,,,,,,,,,,,,,,
04059,foundation,"ตำลึง, ใบ, ยอดอ่อน","Ivygourd, leaves, tender tips",ผักและผลิตภัณฑ์,ไม่ระบุ,0,90.7,3.30,0.40,0.00,0,0.10,126,30,,,,4.60,,,,,5190,,432,0.17,0.13,1.20,34,,,,,,,,,,,,,,,,,,,,,,,,,,,,,,,,,,,,,,,,,,,,,,,,,,,
04062,foundation,แตงกวาญี่ปุ่น,Japannese cucumber,ผักและผลิตภัณฑ์,ไม่ระบุ,9,96.9,0.71,0.14,1.01,0.8,0.45,23,30,10,2,186,,tr,0.13,0.44,,137,,12,0.01,0.03,1.72,9,0.07,,,,,,,,,,,,,,,,,,,,,,,,,,,,,,,,,,,,,,,,,,,,,,,,,,
04063,foundation,แตงไทยอ่อน,"Maskmelon, young",ผักและผลิตภัณฑ์,ไม่ระบุ,0,96.5,0.40,0.10,0.00,0,0.30,tr,9,,,,0.00,,,,,30,,3,0.04,0.10,0.40,18,,,,,,,,,,,,,,,,,,,,,,,,,,,,,,,,,,,,,,,,,,,,,,,,,,,
04066,foundation,ถั่วแขก,Green  beans,ผักและผลิตภัณฑ์,ไม่ระบุ,26,91.7,1.91,0.20,2.92,2.6,0.68,49,45,29,1,275,0.59,0.09,0.35,1.00,,232,,19,0.05,0.09,0.42,19,0.04,,,,,,,,,,,,,,,,,,,,,,,,,,,,,,,,,,,,,,,,,,,,,,,,,,
04064,foundation,แตงโมอ่อน,"Watermelon, young",ผักและผลิตภัณฑ์,ไม่ระบุ,0,96.9,0.40,0.10,0.00,0,0.20,2,8,,,,0.40,,,,,12,,1,0.03,0.03,0.30,28,,,,,,,,,,,,,,,,,,,,,,,,,,,,,,,,,,,,,,,,,,,,,,,,,,,
04065,foundation,แตงร้าน ( Long cucumber),,ผักและผลิตภัณฑ์,ไม่ระบุ,9,96.9,0.68,0.13,0.94,1,0.36,16,16,13,6,212,0.60,tr,0.15,1.00,,93,,4,0.01,0.04,0.84,26,0.04,,,,,,,,,,,,,,,,,,,,,,,,,,,,,,,,,,,,,,,,,,,,,,,,,,
04068,foundation,"ถั่วงอก, หัวโต",Soy  bean  sprout,ผักและผลิตภัณฑ์,ไม่ระบุ,0,83.5,9.10,3.40,0.00,0,1.00,45,31,,,,1.50,,,,,47,,3,0.20,0.13,1.30,17,,,,,,,,,,,,,,,,,,,,,,,,,,,,,,,,,,,,,,,,,,,,,,,,,,,
04067,foundation,ถั่วงอก,Mung  bean  sprout,ผักและผลิตภัณฑ์,ไม่ระบุ,0,90,2.80,0.10,0.00,0,0.50,27,85,,,,1.90,,,,,,,,0.07,0.03,1.00,12,,,,,,,,,,,,,,,,,,,,,,,,,,,,,,,,,,,,,,,,,,,,,,,,,,,
04070,foundation,ถั่วฝักยาว,"Yard long bean, green",ผักและผลิตภัณฑ์,ไม่ระบุ,34,90.4,2.60,0.50,4.00,1.9,0.60,29,50,49,,284,,,,,,682,,57,0.08,0.11,1.00,19,,,,,,,,,,,,,,,,,,,,,,,,,,,,,,,,,,,,,,,,,,,,,,,,,,,
04069,foundation,ถั่วปี,Asparagus  peas,ผักและผลิตภัณฑ์,ไม่ระบุ,0,90,2.00,0.30,0.00,0,0.60,,3,,,,0.60,,,,,336,,28,0.08,0.42,1.30,36,,,,,,,,,,,,,,,,,,,,,,,,,,,,,,,,,,,,,,,,,,,,,,,,,,,
04074,foundation,ถั่วลันเตา,Garden peas,ผักและผลิตภัณฑ์,ไม่ระบุ,0,84.9,4.30,0.10,0.00,0,0.80,171,115,,,,1.50,,,,,402,,33,0.11,0.09,1.40,34,,,,,,,,,,,,,,,,,,,,,,,,,,,,,,,,,,,,,,,,,,,,,,,,,,,
04075,foundation,"เถาคัน/ส้มเขาคัน, ผล","Treebine, fruit",ผักและผลิตภัณฑ์,ไม่ระบุ,0,93.4,0.40,0.40,0.00,,0.30,,,,,,,,,3.00,,236,,19,0.02,0.09,1.62,7,2.64,,,,,,,,,,,,,,,,,,,,,,,,,,,,,,,,,,,,,,,,,,,,,,,,,,
04072,foundation,ถั่วพู,Winged beans,ผักและผลิตภัณฑ์,ไม่ระบุ,20,93.1,2.28,0.24,0.94,2.9,0.56,65,43,29,5,307,0.56,0.67,1.36,5.00,,197,,16,0.26,0.13,1.01,13,0.12,,,,,,,,,,,,,,,,,,,,,,,,,,,,,,,,,,,,,,,,,,,,,,,,,,
04071,foundation,"ถั่วฝักยาว, แดง","Yard long bean, red",ผักและผลิตภัณฑ์,ไม่ระบุ,0,91,2.80,0.30,0.00,0,0.60,73,5,,,,0.50,,,,,438,,36,0.09,0.43,0.80,34,,,,,,,,,,,,,,,,,,,,,,,,,,,,,,,,,,,,,,,,,,,,,,,,,,,
04073,foundation,ถั่วไร่,Catjung,ผักและผลิตภัณฑ์,ไม่ระบุ,29,90.9,2.70,0.30,2.30,3.2,0.60,,,,,,,,,1.00,,240,,20,tr,0.12,0.73,12,0.56,,,,,,,,,,,,,,,,,,,,,,,,,,,,,,,,,,,,,,,,,,,,,,,,,,
04076,foundation,"ทองหลาง, ใบ","Coral, leaves",ผักและผลิตภัณฑ์,ไม่ระบุ,0,81.5,4.60,0.80,0.00,0,1.40,57,40,,,,1.80,,,,,2304,,192,0.24,0.17,1.20,68,,,,,,,,,,,,,,,,,,,,,,,,,,,,,,,,,,,,,,,,,,,,,,,,,,,
04078,foundation,นมสวรรค์,Pagoda plant,ผักและผลิตภัณฑ์,ไม่ระบุ,,83.2,4.70,,,,1.60,,,,,,,,,7.00,,4796,,399,0.05,0.47,1.45,51,5.60,,,,,,,,,,,,,,,,,,,,,,,,,,,,,,,,,,,,,,,,,,,,,,,,,,
04077,foundation,"เทียม, ยอด","Mega Neem, tender tips",ผักและผลิตภัณฑ์,ไม่ระบุ,,79.3,,,,,,,,,,,,,,12.00,,5287,,440,0.16,0.52,0.52,82,13.43,,,,,,,,,,,,,,,,,,,,,,,,,,,,,,,,,,,,,,,,,,,,,,,,,,
04079,foundation,"น้ำเต้า, เนื้อ","Bottle  gourd, outer portion",ผักและผลิตภัณฑ์,ไม่ระบุ,0,96.8,0.30,0.00,0.00,0,0.30,6,1,,,,0.10,,,,,234,,19,0.02,0.04,0.10,10,,,,,,,,,,,,,,,,,,,,,,,,,,,,,,,,,,,,,,,,,,,,,,,,,,,
04080,foundation,"น้ำเต้า, ผล","Bottle gourd, fruit",ผักและผลิตภัณฑ์,ไม่ระบุ,0,95.6,0.60,0.10,0.00,0,0.30,4,53,,,,0.50,,,,,48,,4,0.06,0.03,0.40,8,,,,,,,,,,,,,,,,,,,,,,,,,,,,,,,,,,,,,,,,,,,,,,,,,,,
04084,foundation,บวบหอม,Sponge gourd,ผักและผลิตภัณฑ์,ไม่ระบุ,16,94.9,1.01,0.18,2.10,1.4,0.41,17,32,17,0,189,0.40,0.05,0.20,1.13,,51,,4,0.02,0.06,1.56,8,,,,,,,,,,,,,,,,,,,,,,,,,,,,,,,,,,,,,,,,,,,,,,,,,,,
04083,foundation,บวบงู,Snake gourd,ผักและผลิตภัณฑ์,ไม่ระบุ,18,94.4,1.33,0.16,2.06,1.7,0.36,23,21,24,2,160,0.70,0.16,0.26,0.76,,48,,4,0.03,0.06,1.91,14,,,,,,,,,,,,,,,,,,,,,,,,,,,,,,,,,,,,,,,,,,,,,,,,,,,
04081,foundation,"น้ำเต้า, ไส้","Bottle gourd, inner portion",ผักและผลิตภัณฑ์,ไม่ระบุ,0,97.4,0.40,0.10,0.00,0,0.30,4,1,,,,0.20,,,,,48,,4,0.04,0.03,0.50,16,,,,,,,,,,,,,,,,,,,,,,,,,,,,,,,,,,,,,,,,,,,,,,,,,,,
04082,foundation,บร็อคโคลี่,Broccoli,ผักและผลิตภัณฑ์,ไม่ระบุ,32,90.1,3.64,0.50,1.98,2.9,0.90,24,61,20,12,310,1.20,0.13,0.52,1.14,,1752,,146,0.07,0.18,2.80,111,,,,,,,,,,,,,,,,,,,,,,,,,,,,,,,,,,,,,,,,,,,,,,,,,,,
04085,foundation,บวบเหลี่ยม,Angled gourd,ผักและผลิตภัณฑ์,ไม่ระบุ,17,95.4,0.70,0.20,0.00,0,0.40,5,24,,,,0.70,,,,,30,,2,0.02,0.04,0.40,15,,,,,,,,,,,,,,,,,,,,,,,,,,,,,,,,,,,,,,,,,,,,,,,,,,,
04086,foundation,บอนส้ม (),,ผักและผลิตภัณฑ์,ไม่ระบุ,18,95,0.60,0.30,0.00,,0.80,,,,,,,,,5.00,,618,,51,0.02,tr,0.28,3,5.20,,,,,,,,,,,,,,,,,,,,,,,,,,,,,,,,,,,,,,,,,,,,,,,,,,
04087,foundation,"บัวบก, ใบ","Indian pennywort, leaves",ผักและผลิตภัณฑ์,ไม่ระบุ,38,88.4,1.80,0.90,4.03,3.4,1.53,116,30,,,,2.29,,,,,2428,,202,0.24,0.09,0.80,15,,,,,,,,,,,,,,,,,,,,,,,,,,,,,,,,,,,,,,,,,,,,,,,,,,,
04088,foundation,"บุกเกียง, ยอดอ่อน","Stanley's water-tub,  tenders tips",ผักและผลิตภัณฑ์,ไม่ระบุ,21,94.4,0.20,0.20,0.00,,0.50,21,,,,,,,,7.00,,92,,7,tr,0.01,0.24,8,0.60,,,,,,,,,,,,,,,,,,,,,,,,,,,,,,,,,,,,,,,,,,,,,,,,,,
04090,foundation,ใบเตย,"Pandanus, leaves",ผักและผลิตภัณฑ์,ไม่ระบุ,55,85.3,1.90,0.80,0.00,5.2,1.90,124,27,,,,0.10,,,,,2987,,248,tr,0.20,1.20,8,,,,,,,,,,,,,,,,,,,,,,,,,,,,,,,,,,,,,,,,,,,,,,,,,,,
04091,foundation,"ใบเตย, น้ำคั้น","Pandanus, leaves, juice",ผักและผลิตภัณฑ์,ไม่ระบุ,4,98.5,0.40,0.20,0.20,0,0.70,73,10,,,,,,,,,533,,44,tr,0.18,1.20,,,,,,,,,,,,,,,,,,,,,,,,,,,,,,,,,,,,,,,,,,,,,,,,,,,,
04093,foundation,"ใบสะทอน, น้ำคั้น","Sa-ton, leaves, juice",ผักและผลิตภัณฑ์,ไม่ระบุ,133,66.2,22.50,0.10,10.60,0,0.60,2,11,,,,0.60,,,,,0,,0,0.26,,6.00,106,,,,,,,,,,,,,,,,,,,,,,,,,,,,,,,,,,,,,,,,,,,,,,,,,,,
04089,foundation,"บุกงูเหลือม, ยอดอ่อน","Stanley's water-tub, tenders tips",ผักและผลิตภัณฑ์,ไม่ระบุ,15,95.5,0.40,0.20,2.50,0.9,0.50,,,,,,,,,4.00,,118,,9,tr,tr,0.33,7,0.90,,,,,,,,,,,,,,,,,,,,,,,,,,,,,,,,,,,,,,,,,,,,,,,,,,
04092,foundation,ใบปอ,Jute,ผักและผลิตภัณฑ์,ไม่ระบุ,77,80.4,6.90,1.20,0.00,0,1.80,,,,,,,,,,,,,,0.07,0.34,1.60,164,,,,,,,,,,,,,,,,,,,,,,,,,,,,,,,,,,,,,,,,,,,,,,,,,,,
04095,foundation,ปวยเล้ง,Spinach,ผักและผลิตภัณฑ์,ไม่ระบุ,24,93.1,2.60,0.90,0.00,0,1.80,54,60,,,,0.10,,,,,2520,,210,0.05,0.48,0.40,15,,,,,,,,,,,,,,,,,,,,,,,,,,,,,,,,,,,,,,,,,,,,,,,,,,,
04094,foundation,ปรงทะเล,Queen sago,ผักและผลิตภัณฑ์,ไม่ระบุ,47,83.2,3.90,0.60,2.30,8.4,1.60,,,,,,,,,,,,,,tr,1.04,,41,,,,,,,,,,,,,,,,,,,,,,,,,,,,,,,,,,,,,,,,,,,,,,,,,,,
04097,foundation,ผักกะเฉด,Water mimosa,ผักและผลิตภัณฑ์,ไม่ระบุ,36,89.4,6.40,0.40,0.00,3.8,1.20,62,58,,,,4.40,,,,,3710,,309,0.12,0.14,3.20,34,,,,,,,,,,,,,,,,,,,,,,,,,,,,,,,,,,,,,,,,,,,,,,,,,,,
04100,foundation,ผักกาดเขียว,Mustrad greens,ผักและผลิตภัณฑ์,ไม่ระบุ,21,93.8,2.15,0.25,2.70,0.7,1.10,143,50,,,,2.25,,,,,1468,,122,0.03,0.12,0.95,86,,,,,,,,,,,,,,,,,,,,,,,,,,,,,,,,,,,,,,,,,,,,,,,,,,,
04096,foundation,"เปราะ, ใบ","Sand ginger, leaves",ผักและผลิตภัณฑ์,ไม่ระบุ,17,95,1.30,0.20,0.00,0,0.80,6,16,,,,2.50,,,,,,,,0.03,0.17,0.30,26,,,,,,,,,,,,,,,,,,,,,,,,,,,,,,,,,,,,,,,,,,,,,,,,,,,
04099,foundation,ผักกาดขาว,Chinese  white cabbage,ผักและผลิตภัณฑ์,ไม่ระบุ,11,96.6,1.50,0.10,0.00,0,0.70,7,20,,,,0.40,,,2.00,,11,,0,0.07,0.24,1.20,52,,,,,,,,,,,,,,,,,,,,,,,,,,,,,,,,,,,,,,,,,,,,,,,,,,,
04098,foundation,ผักกะสัง,"Peperomia, shiny",ผักและผลิตภัณฑ์,ไม่ระบุ,12,96.4,0.60,0.20,0.00,0,0.70,63,tr,,,,0.60,,,,,,,,tr,0.24,0.70,15,,,,,,,,,,,,,,,,,,,,,,,,,,,,,,,,,,,,,,,,,,,,,,,,,,,
04101,foundation,ผักกาดนกเขา,Pak-kad-nok-kao,ผักและผลิตภัณฑ์,ไม่ระบุ,23,93.5,1.80,0.30,3.40,0,1.00,73,43,,,,tr,,,,,2557,,213,0.01,0.56,1.20,5,,,,,,,,,,,,,,,,,,,,,,,,,,,,,,,,,,,,,,,,,,,,,,,,,,,
04102,foundation,ผักกาดหอม,Lettuce,ผักและผลิตภัณฑ์,ไม่ระบุ,26,92.7,2.00,0.40,3.80,0,1.10,16,39,,,,4.90,,,,,2356,,196,0.06,0.18,0.60,24,1.82,,,,,,,,,,,,,,,,,,,,,,,,,,,,,,,,,,,,,,,,,,,,,,,,,,
04103,foundation,ผักกาดหางหงส์,Chinese cabbage-michilli,ผักและผลิตภัณฑ์,ไม่ระบุ,12,95.8,1.22,0.12,0.85,1.4,0.66,18,35,11,5,258,0.23,tr,0.26,tr,,68,,5,0.03,0.05,1.07,22,0.00,,,,,,,,,,,,,,,,,,,,,,,,,,,,,,,,,,,,,,,,,,,,,,,,,,
04104,foundation,ผักกีบม้า,Giant fern,ผักและผลิตภัณฑ์,ไม่ระบุ,15,95.1,1.60,0.40,0.50,1.6,0.80,,,,,,,,,,,1658,,138,0.04,0.14,8.80,3,,,,,,,,,,,,,,,,,,,,,,,,,,,,,,,,,,,,,,,,,,,,,,,,,,,
04106,foundation,ผักกูด,Paco/Oak fern,ผักและผลิตภัณฑ์,ไม่ระบุ,24,93.7,1.70,0.40,3.60,0,0.60,5,35,,,,36.30,,,3.00,,681,,56,0.34,0.08,0.50,15,2.05,,,,,,,,,,,,,,,,,,,,,,,,,,,,,,,,,,,,,,,,,,,,,,,,,,
04105,foundation,"ผักกุ่ม, ดอง","Crataeva, pickled",ผักและผลิตภัณฑ์,ไม่ระบุ,107,73.4,3.40,1.30,20.60,0,1.30,124,20,,,,5.30,,,,,3648,,304,0.08,0.25,1.50,5,,,,,,,,,,,,,,,,,,,,,,,,,,,,,,,,,,,,,,,,,,,,,,,,,,,
04107,foundation,ผักขาเขียด/ผักลิ้น/ผักขี้ใต้,Piekerel weed,ผักและผลิตภัณฑ์,ไม่ระบุ,11,95.5,1.20,0.00,0.34,2,0.86,22,17,,,,1.05,,,40.00,,1541,,128,0.02,0.18,1.60,13,,,,,,,,,,,,,,,,,,,,,,,,,,,,,,,,,,,,,,,,,,,,,,,,,,,
04108,foundation,ผักขี้ขวง,Pak-kee-kweung,ผักและผลิตภัณฑ์,ไม่ระบุ,34,90.3,3.20,0.40,0.00,0,1.70,94,4,,,,1.80,,,,,2431,,202,0.03,0.45,2.70,19,0.00,,,,,,,,,,,,,,,,,,,,,,,,,,,,,,,,,,,,,,,,,,,,,,,,,,
04110,foundation,ผักโขม/ผักโหม/ผักหม,Chineses spinach,ผักและผลิตภัณฑ์,ไม่ระบุ,16,95.1,1.83,0.29,0.00,,1.05,26,33,47,31,71,1.22,0.07,0.25,,,1212,,101,0.01,0.18,0.69,19,,,,,,,,,,,,,,,,,,,,,,,,,,,,,,,,,,,,,,,,,,,,,,,,,,,
04109,foundation,ผักขี้หูด,Pak-kee-Hood,ผักและผลิตภัณฑ์,ไม่ระบุ,15,96.6,3.60,0.10,0.00,0,0.40,44,35,,,,1.80,,,,,462,,38,0.11,0.05,1.10,125,,,,,,,,,,,,,,,,,,,,,,,,,,,,,,,,,,,,,,,,,,,,,,,,,,,
04111,foundation,ผักคะน้า,Chinese kale,ผักและผลิตภัณฑ์,ไม่ระบุ,30,92.1,2.70,0.50,0.00,0,0.90,245,80,,,,1.20,,,,,2512,,209,0.05,0.08,1.00,147,,,,,,,,,,,,,,,,,,,,,,,,,,,,,,,,,,,,,,,,,,,,,,,,,,,
04113,foundation,ผักชีฝรั่ง,Culantro/long coriander,ผักและผลิตภัณฑ์,ไม่ระบุ,27,90.9,2.05,0.55,1.83,3.4,1.24,74,37,22,61,432,2.63,0.19,0.45,7.71,,2338,,143,0.12,0.18,0.75,20,1.12,,,,,,,,,,,,,,,,,,,,,,,,,,,,,,,,,,,,,,,,,,,,,,,,,,
04114,foundation,ผักชีล้อม,Water dropwort,ผักและผลิตภัณฑ์,ไม่ระบุ,21,92.9,1.70,0.30,1.70,2.6,0.80,87,,,,,,,,7.00,,2498,,208,0.01,0.20,2.87,19,6.60,,,,,,,,,,,,,,,,,,,,,,,,,,,,,,,,,,,,,,,,,,,,,,,,,,
04112,foundation,ผักชี,Coriander,ผักและผลิตภัณฑ์,ไม่ระบุ,23,91.6,2.68,0.63,0.38,3,1.70,107,56,32,38,568,1.87,0.14,0.47,5.13,,876,,73,0.05,0.22,1.76,45,1.12,,,,,,,,,,,,,,,,,,,,,,,,,,,,,,,,,,,,,,,,,,,,,,,,,,
04116,foundation,ผักติ้ว ดอก,"Pak-tew, flower",ผักและผลิตภัณฑ์,ไม่ระบุ,43,86.3,2.34,0.84,3.34,6.5,0.74,18,49,18,2,289,,0.21,0.53,,,980,,81,0.05,0.45,1.35,23,,,,,,,,,,,,,,,,,,,,,,,,,,,,,,,,,,,,,,,,,,,,,,,,,,,
04115,foundation,ผักชีลาว,Dill,ผักและผลิตภัณฑ์,ไม่ระบุ,31,89.3,3.44,0.80,0.94,3.6,1.94,137,200,43,178,686,2.73,0.17,0.46,9.52,,5644,,470,0.07,0.24,0.70,42,1.12,,,,,,,,,,,,,,,,,,,,,,,,,,,,,,,,,,,,,,,,,,,,,,,,,,
04118,foundation,ผักเตา/ผักเทา/สาหร่ายน้ำจืด,Fresh-water algae,ผักและผลิตภัณฑ์,ไม่ระบุ,15,94.9,1.20,0.10,1.77,1.4,0.67,84,22,5,145,23,4.70,0.00,0.00,9.00,,3032,,252,0.03,0.07,0.40,7,,,,,,,,,,,,,,,,,,,,,,,,,,,,,,,,,,,,,,,,,,,,,,,,,,,
04117,foundation,ผักติ้ว ใบ,"Pak-tew, leaves",ผักและผลิตภัณฑ์,ไม่ระบุ,69,79.9,3.41,1.55,6.95,7.3,0.95,47,68,25,2,365,,0.24,0.75,,,1272,,106,0.09,0.74,2.12,9,,,,,,,,,,,,,,,,,,,,,,,,,,,,,,,,,,,,,,,,,,,,,,,,,,,
04119,foundation,ผักบ่อ (),,ผักและผลิตภัณฑ์,ไม่ระบุ,15,94.9,1.30,0.10,2.30,0.7,1.40,5,16,,,,5.20,,,,,,,,0.05,0.32,1.00,,,,,,,,,,,,,,,,,,,,,,,,,,,,,,,,,,,,,,,,,,,,,,,,,,,,
04121,foundation,"ผักบุ้งไทย, ต้นขาว","Water spinach, white",ผักและผลิตภัณฑ์,ไม่ระบุ,21,92.8,2.18,0.32,1.34,2.4,0.92,26,33,20,67,359,3.00,0.02,0.28,6.12,,1151,,95,0.05,0.23,0.90,11,,,,,,,,,,,,,,,,,,,,,,,,,,,,,,,,,,,,,,,,,,,,,,,,,,,
04120,foundation,ผักบุ้งจีน,Water convolvulus,ผักและผลิตภัณฑ์,ไม่ระบุ,15,94.3,1.72,0.34,0.27,2.3,1.13,59,25,16,129,270,1.94,0.06,0.35,3.82,,1591,,132,0.02,0.17,0.55,13,1.16,,,,,,,,,,,,,,,,,,,,,,,,,,,,,,,,,,,,,,,,,,,,,,,,,,
04124,foundation,ผักผำ/ไข่น้ำ,Swamp  algae,ผักและผลิตภัณฑ์,ไม่ระบุ,9,97.1,0.60,0.10,1.50,0,0.70,59,25,,,,6.60,,,11.00,,3210,,267,0.03,0.09,0.40,11,,,,,,,,,,,,,,,,,,,,,,,,,,,,,,,,,,,,,,,,,,,,,,,,,,,
04122,foundation,"ผักบุ้งไทย, ต้นแดง","Water spinach, red",ผักและผลิตภัณฑ์,ไม่ระบุ,16,93.8,1.68,0.29,0.29,3,1.00,13,29,21,26,439,2.60,,0.25,6.00,,485,,40,0.07,0.14,1.30,12,,,,,,,,,,,,,,,,,,,,,,,,,,,,,,,,,,,,,,,,,,,,,,,,,,,
04123,foundation,ผักปลัง/ผักปั๋ง,Malabar spinach,ผักและผลิตภัณฑ์,ไม่ระบุ,23,93.4,2.00,0.20,3.50,0,0.90,4,50,,,,1.50,,,,,5592,,466,0.07,0.20,1.10,26,,,,,,,,,,,,,,,,,,,,,,,,,,,,,,,,,,,,,,,,,,,,,,,,,,,
04126,foundation,ผักแฟบ,Pak-fab,ผักและผลิตภัณฑ์,ไม่ระบุ,,88.8,1.60,,,,0.40,,,,,,,,,3.00,,507,,42,0.03,0.41,1.62,12,0.28,,,,,,,,,,,,,,,,,,,,,,,,,,,,,,,,,,,,,,,,,,,,,,,,,,
04125,foundation,ผักไผ่/ผักแพว  (Ceylon spinach (Malabar spinach)),Ceylon spinach (Malabar spinach,ผักและผลิตภัณฑ์,ไม่ระบุ,39,86.4,3.50,0.65,0.00,9.7,1.69,481,150,,,,3.46,,,,,3578,,298,0.04,0.47,1.75,86,,,,,,,,,,,,,,,,,,,,,,,,,,,,,,,,,,,,,,,,,,,,,,,,,,,
04128,foundation,ผักแมะ,Pak-mae,ผักและผลิตภัณฑ์,ไม่ระบุ,47,85.2,5.70,0.60,3.00,3.8,1.70,112,,,,,,,,18.00,,9102,,758,0.04,0.30,0.75,37,,,,,,,,,,,,,,,,,,,,,,,,,,,,,,,,,,,,,,,,,,,,,,,,,,,
04129,foundation,ผักแว่น,Water fern,ผักและผลิตภัณฑ์,ไม่ระบุ,44,89.3,2.30,0.90,6.70,0,0.80,48,tr,,,,2.50,,,,,,,,0.08,0.28,20.00,3,,,,,,,,,,,,,,,,,,,,,,,,,,,,,,,,,,,,,,,,,,,,,,,,,,,
04127,foundation,ผักเม็ก,Pak-meg,ผักและผลิตภัณฑ์,ไม่ระบุ,84,79.1,3.00,1.00,15.80,0,1.10,10,27,,,,11.60,,,,,1415,,117,0.03,0.06,1.70,16,,,,,,,,,,,,,,,,,,,,,,,,,,,,,,,,,,,,,,,,,,,,,,,,,,,
04130,foundation,"ผักเสี้ยว (ชงโค), ยอด","Thomas's tree, tender tips",ผักและผลิตภัณฑ์,ไม่ระบุ,60,84.5,6.30,0.80,7.00,0,1.40,152,107,,,,2.30,,,,,1218,,101,0.09,0.07,1.90,3,,,,,,,,,,,,,,,,,,,,,,,,,,,,,,,,,,,,,,,,,,,,,,,,,,,
04132,foundation,ผักหนาม,Lasia,ผักและผลิตภัณฑ์,ไม่ระบุ,21,94.1,2.10,0.20,2.80,0,0.80,14,11,,,,0.90,,,,,,,,0.92,0.04,0.90,23,,,,,,,,,,,,,,,,,,,,,,,,,,,,,,,,,,,,,,,,,,,,,,,,,,,
04131,foundation,"ผักแส้ว,ยอด","Scented star jasmine, tender tips",ผักและผลิตภัณฑ์,ไม่ระบุ,52,86.6,4.60,0.90,6.40,0,1.50,142,66,,,,1.30,,,,,4366,,363,,0.00,1.10,13,,,,,,,,,,,,,,,,,,,,,,,,,,,,,,,,,,,,,,,,,,,,,,,,,,,
04133,foundation,"ผักหวาน, บ้าน",Pak-waan-baan,ผักและผลิตภัณฑ์,ไม่ระบุ,36,88.4,5.60,0.50,0.60,3.5,1.45,33,68,123,,,1.30,,,10.00,,4812,,401,0.08,0.84,2.20,66,5.77,,,,,,,,,,,,,,,,,,,,,,,,,,,,,,,,,,,,,,,,,,,,,,,,,,
04136,foundation,"ผักฮ้วน/ฮ้วนหมู, ยอด","Pak- hawn, tender tips",ผักและผลิตภัณฑ์,ไม่ระบุ,67,82.8,5.20,1.10,9.20,0,1.70,104,90,,,,1.80,,,,,1595,,132,0.14,0.24,1.00,351,,,,,,,,,,,,,,,,,,,,,,,,,,,,,,,,,,,,,,,,,,,,,,,,,,,
04137,foundation,"ผักฮี้/ผักเฮียด, ยอด","Pak- hi, tender tips",ผักและผลิตภัณฑ์,ไม่ระบุ,52,86.4,3.40,0.50,8.60,1.4,1.10,53,80,,,,1.70,,,,,917,,76,0.07,0.00,0.90,3,,,,,,,,,,,,,,,,,,,,,,,,,,,,,,,,,,,,,,,,,,,,,,,,,,,
04134,foundation,"ผักหวาน, ป่า",Pak- waan-pa,ผักและผลิตภัณฑ์,ไม่ระบุ,55,83.2,6.99,1.06,1.63,5.5,1.64,135,,53,3,584,,0.33,1.03,3.43,,1671,,139,0.04,0.36,2.17,65,3.24,,,,,,,,,,,,,,,,,,,,,,,,,,,,,,,,,,,,,,,,,,,,,,,,,,
04135,foundation,"ผักฮ้วน/ฮ้วนหมู, ดอก","Pak- hawn, flowers",ผักและผลิตภัณฑ์,ไม่ระบุ,49,87,2.80,0.60,8.30,1.6,1.30,113,59,,,,0.90,,,,,352,,29,0.08,0.61,1.00,472,,,,,,,,,,,,,,,,,,,,,,,,,,,,,,,,,,,,,,,,,,,,,,,,,,,
04138,foundation,พริกขี้หนู,Chili pepper,ผักและผลิตภัณฑ์,ไม่ระบุ,62,81.2,3.41,2.11,2.92,9.3,1.03,27,54,33,4,461,1.20,0.13,0.29,,,1452,,121,0.39,0.12,1.50,49,,,,,,,,,,,,,,,,,,,,,,,,,,,,,,,,,,,,,,,,,,,,,,,,,,,
04139,foundation,"พริกขี้หนู, ยอด","Chili pepper, tender tips",ผักและผลิตภัณฑ์,ไม่ระบุ,0,86.6,4.50,0.70,0.00,0,1.70,25,22,,,,,,,,,,,,,,,90,,,,,,,,,,,,,,,,,,,,,,,,,,,,,,,,,,,,,,,,,,,,,,,,,,,
04140,foundation,"พริกจินดา/พริกซุปเปอร์ฮอท, เขียว","Chili pepper, green, hot",ผักและผลิตภัณฑ์,ไม่ระบุ,44,86.5,2.37,1.21,2.82,6.3,0.86,19,56,26,4,356,,0.19,0.27,0.74,,,,,0.14,0.08,3.76,78,,,,,,,,,,,,,,,,,,,,,,,,,,,,,,,,,,,,,,,,,,,,,,,,,,,
04142,foundation,"พริกชี้ฟ้า , แดง","Pepper, red, long",ผักและผลิตภัณฑ์,ไม่ระบุ,64,85.1,3.65,1.50,8.54,3.1,1.25,14,20,,,,1.30,,,,,,,,0.16,0.24,3.50,106,,,,,,,,,,,,,,,,,,,,,,,,,,,,,,,,,,,,,,,,,,,,,,,,,,,
04143,foundation,"พริกชี้ฟ้า, เขียว","Pepper, green, long",ผักและผลิตภัณฑ์,ไม่ระบุ,0,85.2,1.50,0.50,0.00,0,2.20,,27,,,,0.50,,,,,1152,,96,0.07,0.01,0.10,204,,,,,,,,,,,,,,,,,,,,,,,,,,,,,,,,,,,,,,,,,,,,,,,,,,,
04144,foundation,"พริกไทย, อ่อน, เมล็ด","Pepper, young fruit",ผักและผลิตภัณฑ์,ไม่ระบุ,0,72,4.40,2.60,0.00,0,1.70,152,23,,,,3.10,,,,,,,,0.02,0.12,2.60,14,,,,,,,,,,,,,,,,,,,,,,,,,,,,,,,,,,,,,,,,,,,,,,,,,,,
04141,foundation,"พริกจินดา/พริกซุปเปอร์ฮอท, แดง","Chili pepper, red, hot",ผักและผลิตภัณฑ์,ไม่ระบุ,79,76.1,3.94,2.48,3.98,12.5,1.00,16,84,34,6,488,,0.20,0.33,1.13,,,,,0.14,0.32,2.56,112,,,,,,,,,,,,,,,,,,,,,,,,,,,,,,,,,,,,,,,,,,,,,,,,,,,
04145,foundation,พริกหนุ่ม  (Chili spur pepper (Prik-num)),Chili spur pepper (Prik-num,ผักและผลิตภัณฑ์,ไม่ระบุ,19,93.7,0.84,0.41,1.76,2.9,0.44,8,19,18,1,,0.70,0.18,0.08,0.95,,394,,32,0.21,0.03,2.38,111,,,,,,,,,,,,,,,,,,,,,,,,,,,,,,,,,,,,,,,,,,,,,,,,,,,
04147,foundation,พริกหวาน/พริกยักษ์,Bell pepper/Sweet pepper,ผักและผลิตภัณฑ์,ไม่ระบุ,0,80.3,3.20,1.60,0.00,0,1.10,35,88,,,,,,,,,510,,42,0.58,0.08,0.40,218,,,,,,,,,,,,,,,,,,,,,,,,,,,,,,,,,,,,,,,,,,,,,,,,,,,
04149,foundation,"พาโหม, ยอด","Fever vine, tender tips",ผักและผลิตภัณฑ์,ไม่ระบุ,43,84.8,3.40,0.40,3.40,6.5,1.50,,,,,,,,,,,3244,,270,0.08,0.26,2.90,65,19.81,,,,,,,,,,,,,,,,,,,,,,,,,,,,,,,,,,,,,,,,,,,,,,,,,,
04146,foundation,พริกหยวก,Banana Pepper,ผักและผลิตภัณฑ์,ไม่ระบุ,22,93.3,1.05,0.21,3.32,1.7,0.43,8,30,6,0,138,0.10,tr,,0.59,,41,,3,0.22,0.06,2.90,64,,,,,,,,,,,,,,,,,,,,,,,,,,,,,,,,,,,,,,,,,,,,,,,,,,,
04151,foundation,"ฟักข้าว, ผล","Spring bitter cucumber, fruit",ผักและผลิตภัณฑ์,ไม่ระบุ,0,91.8,0.90,0.10,0.00,0,0.60,50,9,,,,0.40,,,,,120,,10,0.11,0.14,0.60,178,,,,,,,,,,,,,,,,,,,,,,,,,,,,,,,,,,,,,,,,,,,,,,,,,,,
04150,foundation,แพงพวยน้ำ/ผักปอดน้ำ,Creeping water primrose,ผักและผลิตภัณฑ์,ไม่ระบุ,38,88,2.20,0.40,4.80,3.6,1.00,53,277,,,,1.20,,,51.00,,3027,,252,0.03,0.52,2.60,57,6.94,,,,,,,,,,,,,,,,,,,,,,,,,,,,,,,,,,,,,,,,,,,,,,,,,,
04148,foundation,พริกเหลือง,"Pepper, yellow, long",ผักและผลิตภัณฑ์,ไม่ระบุ,0,76.6,4.00,3.60,0.00,0,1.50,10,6,,,,1.20,,,,,2898,,241,0.22,0.09,3.00,106,,,,,,,,,,,,,,,,,,,,,,,,,,,,,,,,,,,,,,,,,,,,,,,,,,,
04153,foundation,ฟักเขียว,Winter melon,ผักและผลิตภัณฑ์,ไม่ระบุ,0,96.4,0.40,0.00,0.00,0,0.30,8,1,,,,0.30,,,,,150,,12,0.01,0.02,0.30,69,,,,,,,,,,,,,,,,,,,,,,,,,,,,,,,,,,,,,,,,,,,,,,,,,,,
04152,foundation,"ฟักข้าว, ยอด","Spring bitter cucumber, tips",ผักและผลิตภัณฑ์,ไม่ระบุ,0,88,5.60,1.00,0.00,0,1.30,90,138,,,,1.50,,,,,4782,,398,0.39,0.05,1.50,31,,,,,,,,,,,,,,,,,,,,,,,,,,,,,,,,,,,,,,,,,,,,,,,,,,,
04154,foundation,"ฟักทอง, เนื้อ","Pumpkin, without skin",ผักและผลิตภัณฑ์,ไม่ระบุ,74,80.5,1.91,0.92,13.80,2,0.88,6,35,18,1,,1.90,0.29,tr,,,1860,,155,0.06,0.06,1.00,41,,,,,,,,,,,,,,,,,,,,,,,,,,,,,,,,,,,,,,,,,,,,,,,,,,,
04156,foundation,"ฟักทอง, ยอดอ่อน","Pumpkin, tender tips",ผักและผลิตภัณฑ์,ไม่ระบุ,0,94.6,2.00,0.20,0.00,0,0.80,6,9,,,,1.20,,,,,1927,,160,0.08,0.18,1.40,41,3.59,,,,,,,,,,,,,,,,,,,,,,,,,,,,,,,,,,,,,,,,,,,,,,,,,,
04155,foundation,"ฟักทอง, เนื้อและเปลือก","Pumpkin, with skin",ผักและผลิตภัณฑ์,ไม่ระบุ,43,85.8,1.64,0.50,7.00,2.3,2.76,14,35,19,,431,4.90,0.10,0.27,3.50,,1962,,163,0.08,0.07,1.10,17,,,,,,,,,,,,,,,,,,,,,,,,,,,,,,,,,,,,,,,,,,,,,,,,,,,
04158,foundation,"ฟักแม้ว/มะเขือเครือ/มะระหวาน, ยอด","Choko/Chayote, tender tips",ผักและผลิตภัณฑ์,ไม่ระบุ,23,93.3,3.82,0.33,0.00,2.6,0.86,26,16,32,1,489,0.54,0.17,0.62,1.53,,1323,,110,0.06,0.18,0.40,6,,,,,,,,,,,,,,,,,,,,,,,,,,,,,,,,,,,,,,,,,,,,,,,,,,,
04157,foundation,"ฟักแม้ว/มะเขือเครือ/มะระหวาน, ผล","Choko/Chayote, fruit",ผักและผลิตภัณฑ์,ไม่ระบุ,15,95.4,0.63,0.09,2.49,1.1,0.31,15,15,8,0,146,0.19,tr,0.10,0.89,,,,,tr,0.03,0.45,6,0.01,,,,,,,,,,,,,,,,,,,,,,,,,,,,,,,,,,,,,,,,,,,,,,,,,,
04159,foundation,"มะกอก, ยอดอ่อน","Hog plum, tender tips",ผักและผลิตภัณฑ์,ไม่ระบุ,68,76.4,2.70,1.00,6.50,11.5,1.90,49,80,,,,9.90,,,,,2017,,168,0.96,0.22,1.90,53,,,,,,,,,,,,,,,,,,,,,,,,,,,,,,,,,,,,,,,,,,,,,,,,,,,
04160,foundation,"มะกอกไทย, ผล","Hog plum, fruit",ผักและผลิตภัณฑ์,ไม่ระบุ,87,77.1,0.70,0.20,20.80,0,1.20,161,36,,,,1.30,,,,,324,,27,0.01,0.00,1.40,9,,,,,,,,,,,,,,,,,,,,,,,,,,,,,,,,,,,,,,,,,,,,,,,,,,,
04161,foundation,"มะกอกป่า, ยอดอ่อน","Wild Hog plum, tender tips",ผักและผลิตภัณฑ์,ไม่ระบุ,56,82,2.50,0.40,7.20,7.2,0.70,,,,,,,,,14.00,,871,,72,0.06,1.31,1.52,2,,,,,,,,,,,,,,,,,,,,,,,,,,,,,,,,,,,,,,,,,,,,,,,,,,,
04163,foundation,"มะขาม, ใบอ่อน","Tamarind, young leaves",ผักและผลิตภัณฑ์,ไม่ระบุ,58,84.3,3.60,0.30,10.40,0,1.40,19,38,,,,1.00,,,,,1002,,83,,0.23,2.40,53,,,,,,,,,,,,,,,,,,,,,,,,,,,,,,,,,,,,,,,,,,,,,,,,,,,
04165,foundation,มะเขือกรอบ/มะเขือเปราะ,Eggplant,ผักและผลิตภัณฑ์,ไม่ระบุ,49,87.9,1.80,0.80,8.80,0,0.70,38,70,,,,1.20,,,,,174,,14,0.07,0.16,2.40,3,,,,,,,,,,,,,,,,,,,,,,,,,,,,,,,,,,,,,,,,,,,,,,,,,,,
04164,foundation,มะขามเปียก,"Tamarind, pods",ผักและผลิตภัณฑ์,ไม่ระบุ,317,19,2.00,0.80,75.60,0,2.60,314,,,,,,,,,,0,,0,0.34,,2.60,13,,,,,,,,,,,,,,,,,,,,,,,,,,,,,,,,,,,,,,,,,,,,,,,,,,,
04162,foundation,"มะขาม, ฝักอ่อน","Tamarind, young pods",ผักและผลิตภัณฑ์,ไม่ระบุ,95,75.6,2.30,0.20,21.00,0,0.90,429,14,,26,,3.00,,,,,,,,0.08,0.34,1.50,44,0.00,,,,,,,,,,,,,,,,,,,,,,,,,,,,,,,,,,,,,,,,,,,,,,,,,,
04166,foundation,"มะเขือขาว, ดอง","White eggplant, pickle",ผักและผลิตภัณฑ์,ไม่ระบุ,33,88.5,1.20,0.60,5.90,0,3.80,10,18,,,,0.40,,,,,,,,0.08,0.11,2.90,,,,,,,,,,,,,,,,,,,,,,,,,,,,,,,,,,,,,,,,,,,,,,,,,,,,
04167,foundation,มะเขือขื่น,Cock roach berry,ผักและผลิตภัณฑ์,ไม่ระบุ,68,84.4,2.10,2.00,10.50,0,1.00,55,22,,,,1.30,,,,,295,,24,0.10,0.30,0.30,63,,,,,,,,,,,,,,,,,,,,,,,,,,,,,,,,,,,,,,,,,,,,,,,,,,,
04168,foundation,"มะเขือไข่เต่า, สีขาว","Egg plant, white",ผักและผลิตภัณฑ์,ไม่ระบุ,30,90.7,1.59,0.62,2.87,3.5,0.72,29,46,,4,279,0.30,0.17,0.25,1.70,,0,,tr,0.12,0.08,1.05,4,,,,,,,,,,,,,,,,,,,,,,,,,,,,,,,,,,,,,,,,,,,,,,,,,,,
04169,foundation,"มะเขือไข่เต่า, สีเขียว","Egg plant, green",ผักและผลิตภัณฑ์,ไม่ระบุ,29,91.1,1.57,0.48,3.13,3.1,0.66,23,38,,6,293,0.30,0.12,0.17,1.56,,61,,5,0.17,0.07,0.89,3,,,,,,,,,,,,,,,,,,,,,,,,,,,,,,,,,,,,,,,,,,,,,,,,,,,
04170,foundation,"มะเขือไข่เต่า, สีม่วง","Eggplant, purple",ผักและผลิตภัณฑ์,ไม่ระบุ,32,89.9,1.65,0.36,4.01,3.3,0.78,37,42,27,2,303,0.35,0.12,0.18,1.72,,6,,tr,0.14,0.09,1.65,4,0.04,,,,,,,,,,,,,,,,,,,,,,,,,,,,,,,,,,,,,,,,,,,,,,,,,,
04172,foundation,"มะเขือเทศ,  ลูกใหญ่","Tomato, big size",ผักและผลิตภัณฑ์,ไม่ระบุ,14,95.4,0.63,0.17,2.16,1.1,0.48,0,25,4,6,156,0.31,tr,0.12,tr,,221,,18,tr,0.03,0.44,17,0.64,,,,,,,,,,,,,,,,,,,,,,,,,,,,,,,,,,,,,,,,,,,,,,,,,,
04174,foundation,"มะเขือเปราะ, เจ้าพระยา","Eggplant, Chao-pra-ya variety",ผักและผลิตภัณฑ์,ไม่ระบุ,24,92.4,1.27,0.24,3.28,2.3,0.56,24,48,20,2,438,0.42,0.10,0.16,0.82,,49,,4,0.08,0.24,1.30,4,0.08,,,,,,,,,,,,,,,,,,,,,,,,,,,,,,,,,,,,,,,,,,,,,,,,,,
04173,foundation,"มะเขือเทศ, ราชินี",Cherry tomato,ผักและผลิตภัณฑ์,ไม่ระบุ,26,92.4,0.96,0.33,4.26,1.6,0.54,1,20,9,3,227,0.41,tr,0.13,tr,,638,,53,tr,0.04,0.82,41,1.34,,,,,,,,,,,,,,,,,,,,,,,,,,,,,,,,,,,,,,,,,,,,,,,,,,
04171,foundation,"มะเขือเทศ,  ลูกเล็ก","Tomato, small size",ผักและผลิตภัณฑ์,ไม่ระบุ,23,93.2,1.10,0.30,3.60,1.1,0.70,2,31,,,,4.90,,,,,373,,31,0.06,0.04,0.90,32,,,,,,,,,,,,,,,,,,,,,,,,,,,,,,,,,,,,,,,,,,,,,,,,,,,
04176,foundation,"มะเขือยาว, สีเขียว","Eggplant, long, green",ผักและผลิตภัณฑ์,ไม่ระบุ,17,93.9,1.03,0.27,1.91,1.9,1.01,9,26,,3,196,0.23,,,1.97,,30,,2,0.10,0.05,,5,,,,,,,,,,,,,,,,,,,,,,,,,,,,,,,,,,,,,,,,,,,,,,,,,,,
04177,foundation,"มะเขือยาว, สีม่วง","Eggplant, long, purple",ผักและผลิตภัณฑ์,ไม่ระบุ,15,94.8,0.99,0.18,1.47,2.1,0.52,16,27,13,2,206,,0.08,0.13,0.98,,,,,0.04,0.05,1.75,2,,,,,,,,,,,,,,,,,,,,,,,,,,,,,,,,,,,,,,,,,,,,,,,,,,,
04175,foundation,มะเขือพวง,Solanum,ผักและผลิตภัณฑ์,ไม่ระบุ,51,81.7,2.71,0.82,3.39,10.1,1.27,147,92,51,4,555,3.83,0.31,0.35,0.99,,170,,14,0.19,0.15,1.91,3,0.56,,,,,,,,,,,,,,,,,,,,,,,,,,,,,,,,,,,,,,,,,,,,,,,,,,
04178,foundation,มะเขือเสวย,Eggplant,ผักและผลิตภัณฑ์,ไม่ระบุ,39,90.2,1.60,0.50,7.10,0,0.60,7,10,,,,0.80,,,,,858,,71,0.11,0.06,0.60,24,,,,,,,,,,,,,,,,,,,,,,,,,,,,,,,,,,,,,,,,,,,,,,,,,,,
04179,foundation,"มะดัน, ผล","Madan, fruit",ผักและผลิตภัณฑ์,ไม่ระบุ,33,91.5,0.30,0.10,7.90,0,0.20,103,8,,,,tr,,,,,132,,11,0.01,0.04,0.20,16,,,,,,,,,,,,,,,,,,,,,,,,,,,,,,,,,,,,,,,,,,,,,,,,,,,
04180,foundation,"มะดัน, ใบอ่อน","Madon, young leaves",ผักและผลิตภัณฑ์,ไม่ระบุ,49,85.1,1.79,0.98,5.04,6.6,0.50,106,25,21,2,125,0.43,0.30,,4.40,,1111,,92,0.07,0.20,0.72,26,,,,,,,,,,,,,,,,,,,,,,,,,,,,,,,,,,,,,,,,,,,,,,,,,,,
04181,foundation,"มะเดื่อ, ผลอ่อน","Fig, young fruit",ผักและผลิตภัณฑ์,ไม่ระบุ,,88.5,1.30,,,,1.00,,,,,,,,,11.00,,31,,2,tr,0.97,0.10,6,1.05,,,,,,,,,,,,,,,,,,,,,,,,,,,,,,,,,,,,,,,,,,,,,,,,,,
04184,foundation,"มะระ, ยอดอ่อน","Bitter cucumber, tender tips",ผักและผลิตภัณฑ์,ไม่ระบุ,86,75.6,5.80,0.30,15.20,0,3.10,45,78,,,,3.00,,,,,,,,1.00,0.26,1.20,110,,,,,,,,,,,,,,,,,,,,,,,,,,,,,,,,,,,,,,,,,,,,,,,,,,,
04182,foundation,"มะตูม, ยอดอ่อน","Bael, tender tips",ผักและผลิตภัณฑ์,ไม่ระบุ,100,73.2,6.10,1.70,15.30,0,3.70,,,,,,,,,,,1054,,87,0.22,0.79,4.50,126,,,,,,,,,,,,,,,,,,,,,,,,,,,,,,,,,,,,,,,,,,,,,,,,,,,
04183,foundation,"มะยม, ยอดอ่อน","Star gooseberry, tender tips",ผักและผลิตภัณฑ์,ไม่ระบุ,31,74.3,5.60,1.00,8.14,9.4,1.61,147,,,,,0.94,,,,,2193,,182,0.02,0.69,2.40,302,,,,,,,,,,,,,,,,,,,,,,,,,,,,,,,,,,,,,,,,,,,,,,,,,,,
04185,foundation,มะระขี้นก,"Bitter gourd, Thai",ผักและผลิตภัณฑ์,ไม่ระบุ,19,92.9,1.18,0.44,0.81,3.8,0.86,229,5,203,26,,0.23,0.46,1.74,1.49,,124,,10,0.07,0.07,0.91,118,1.04,,,,,,,,,,,,,,,,,,,,,,,,,,,,,,,,,,,,,,,,,,,,,,,,,,
04187,foundation,"มะรุม, ฝัก","Horse radish tree, pods",ผักและผลิตภัณฑ์,ไม่ระบุ,10,89.9,2.20,0.20,5.40,1.2,1.10,9,26,,,,1.50,,,,,169,,14,0.05,0.05,0.60,185,0.10,,,,,,,,,,,,,,,,,,,,,,,,,,,,,,,,,,,,,,,,,,,,,,,,,,
04186,foundation,มะระจีน,"Bitter cucumber, Chinese",ผักและผลิตภัณฑ์,ไม่ระบุ,19,93.7,0.94,0.16,2.47,2.2,0.54,19,31,19,7,314,0.50,0.05,0.22,1.24,,4,,tr,0.03,0.03,0.72,50,0.06,,,,,,,,,,,,,,,,,,,,,,,,,,,,,,,,,,,,,,,,,,,,,,,,,,
04188,foundation,"มะละกอดิบ, ผลป้อม","Papaya, raw, short shape",ผักและผลิตภัณฑ์,ไม่ระบุ,36,90.1,0.80,0.10,8.10,0,0.90,20,18,,,,0.50,,,,,0,,0,0.00,0.01,0.40,53,,,,,,,,,,,,,,,,,,,,,,,,,,,,,,,,,,,,,,,,,,,,,,,,,,,
04191,foundation,มะอึก,Ma-eok,ผักและผลิตภัณฑ์,ไม่ระบุ,65,83.9,1.90,0.80,12.70,0,0.70,26,41,,,,0.80,,,,,1086,,90,0.07,0.05,4.90,3,,,,,,,,,,,,,,,,,,,,,,,,,,,,,,,,,,,,,,,,,,,,,,,,,,,
04192,foundation,"มันเทศ, ใบอ่อน","Sweet potato, young leaves",ผักและผลิตภัณฑ์,ไม่ระบุ,58,84.8,3.60,0.80,9.20,0,1.60,89,68,,,,4.20,,,,,2700,,225,0.07,0.80,1.30,27,,,,,,,,,,,,,,,,,,,,,,,,,,,,,,,,,,,,,,,,,,,,,,,,,,,
04189,foundation,"มะละกอดิบ, ผลยาว","Papaya, raw, long shape",ผักและผลิตภัณฑ์,ไม่ระบุ,25,93.2,0.60,0.10,5.50,0,0.60,13,13,,,,0.50,,,,,0,,0,0.05,0.02,0.40,34,,,,,,,,,,,,,,,,,,,,,,,,,,,,,,,,,,,,,,,,,,,,,,,,,,,
04190,foundation,มะแว้ง,Sparrow brinjal,ผักและผลิตภัณฑ์,ไม่ระบุ,72,82.3,2.60,1.00,13.20,0,0.90,50,68,,,,1.00,,,,,828,,69,0.04,0.10,8.40,6,,,,,,,,,,,,,,,,,,,,,,,,,,,,,,,,,,,,,,,,,,,,,,,,,,,
04193,foundation,"มันปู, ใบอ่อน","Mon-pu, young leaves",ผักและผลิตภัณฑ์,ไม่ระบุ,78,71.2,0.90,0.80,8.50,16.7,1.90,110,,,,,,,,12.00,,5646,,470,tr,2.12,0.36,27,6.54,,,,,,,,,,,,,,,,,,,,,,,,,,,,,,,,,,,,,,,,,,,,,,,,,,
04196,foundation,"ยอ, ใบ","Indian mulberry, leaves",ผักและผลิตภัณฑ์,ไม่ระบุ,0,77.3,5.00,1.20,0.00,0,2.00,469,tr,,,,1.40,,,,,3999,,333,0.30,0.14,7.20,27,,,,,,,,,,,,,,,,,,,,,,,,,,,,,,,,,,,,,,,,,,,,,,,,,,,
04194,foundation,"เม่านา/ส้มเม่า/เม่าไข่ปลา, ยอดอ่อน","Mau-na, tender tips",ผักและผลิตภัณฑ์,ไม่ระบุ,60,80.4,3.10,0.45,7.25,7.1,1.70,242,,,,,,,,,,2269,,189,0.04,0.62,0.50,5,2.87,,,,,,,,,,,,,,,,,,,,,,,,,,,,,,,,,,,,,,,,,,,,,,,,,,
04195,foundation,"แมงลัก, ใบ","Lemon basil, leaves",ผักและผลิตภัณฑ์,ไม่ระบุ,40,89.9,2.90,1.00,5.00,0,1.20,140,40,,,,17.20,,,,,6396,,533,0.12,0.28,1.00,3,,,,,,,,,,,,,,,,,,,,,,,,,,,,,,,,,,,,,,,,,,,,,,,,,,,
04197,foundation,"ยอ, ลูกสด, ไม่รวมเมล็ด","Awltree, raw, fruit",ผักและผลิตภัณฑ์,ไม่ระบุ,0,87.6,0.96,0.30,0.00,,1.12,,,,,,,,,2.73,,5,,0,0.10,0.06,0.48,110,3.08,,,,,,,,,,,,,,,,,,,,,,,,,,,,,,,,,,,,,,,,,,,,,,,,,,
04198,foundation,ยอดมะพร้าวอ่อน,"Coconut, heart",ผักและผลิตภัณฑ์,ไม่ระบุ,0,89.3,1.95,0.55,0.00,0.8,1.15,58,53,,,,0.35,,,,,5,,tr,0.03,0.08,1.90,6,,,,,,,,,,,,,,,,,,,,,,,,,,,,,,,,,,,,,,,,,,,,,,,,,,,
04200,foundation,"ยี่หร่า, ใบ","Tree Basil, leaves",ผักและผลิตภัณฑ์,ไม่ระบุ,41,86.2,3.84,0.99,1.50,5.7,1.77,286,56,81,9,,,0.33,0.40,4.00,,7410,,618,0.14,0.32,8.20,24,,,,,,,,,,,,,,,,,,,,,,,,,,,,,,,,,,,,,,,,,,,,,,,,,,,
04199,foundation,"ย่านาง, ใบ","Ya-nang, young leaves",ผักและผลิตภัณฑ์,ไม่ระบุ,0,67.6,5.60,0.90,0.00,0,1.90,155,11,,,,7.00,,,,,,,,0.03,0.36,1.40,40,,,,,,,,,,,,,,,,,,,,,,,,,,,,,,,,,,,,,,,,,,,,,,,,,,,
04203,foundation,ลูกเนียง/ชะเนียง,"Djenkol beans, fruit",ผักและผลิตภัณฑ์,ไม่ระบุ,0,59.6,8.80,0.40,0.00,0,0.50,25,52,,,,0.70,,,,,648,,54,0.19,0.01,0.40,3,,,,,,,,,,,,,,,,,,,,,,,,,,,,,,,,,,,,,,,,,,,,,,,,,,,
04201,foundation,"ลิ้นฟ้า/เพกา, ใบ","Broken bone tree, leaves",ผักและผลิตภัณฑ์,ไม่ระบุ,0,67.1,9.60,2.80,0.00,0,2.70,,,,,,,,,,,690,,58,0.17,0.09,1.20,44,,,,,,,,,,,,,,,,,,,,,,,,,,,,,,,,,,,,,,,,,,,,,,,,,,,
04202,foundation,"ลิ้นฟ้า/เพกา, ยอด","Broken bone tree, tips",ผักและผลิตภัณฑ์,ไม่ระบุ,0,76.4,6.40,2.60,0.00,,1.60,,,,,,,,,,,,,,0.18,0.69,2.40,,,,,,,,,,,,,,,,,,,,,,,,,,,,,,,,,,,,,,,,,,,,,,,,,,,,
04204,foundation,ลูกเนียงนก,"Djenkol beans, fruit",ผักและผลิตภัณฑ์,ไม่ระบุ,0,61.7,8.60,0.70,0.00,0,0.90,7,80,,,,tr,,,4.00,,18,,1,0.06,0.81,1.80,17,,,,,,,,,,,,,,,,,,,,,,,,,,,,,,,,,,,,,,,,,,,,,,,,,,,
04206,foundation,"ลูกประ, ดอง","Look pra, pickled",ผักและผลิตภัณฑ์,ไม่ระบุ,331,46.5,5.90,27.90,9.70,9.2,0.80,,,,,,,,,,,0,,0,0.04,0.04,1.70,0,3.57,,,,,,,,,,,,,,,,,,,,,,,,,,,,,,,,,,,,,,,,,,,,,,,,,,
04205,foundation,ลูกเนียงรอก,"Djenkol beans, fruit",ผักและผลิตภัณฑ์,ไม่ระบุ,65,78.1,2.20,0.80,6.50,11.5,0.90,,,,,,,,,,,249,,21,0.03,,,61,2.02,,,,,,,,,,,,,,,,,,,,,,,,,,,,,,,,,,,,,,,,,,,,,,,,,,
04208,foundation,ส้มป่อย,Som-poi,ผักและผลิตภัณฑ์,ไม่ระบุ,,85.6,3.80,,,,0.70,95,,,,,,,,,,6568,,547,0.04,0.26,1.10,6,6.70,,,,,,,,,,,,,,,,,,,,,,,,,,,,,,,,,,,,,,,,,,,,,,,,,,
04207,foundation,"ส้มเกรียบ, ใบและยอดอ่อน ()",,ผักและผลิตภัณฑ์,ไม่ระบุ,83,74.8,3.10,1.30,10.40,8.8,1.60,,,,,,,,,,,1530,,128,0.02,0.28,,86,18.71,,,,,,,,,,,,,,,,,,,,,,,,,,,,,,,,,,,,,,,,,,,,,,,,,,
04211,foundation,"สะเดา, ยอด","Neem tree, tender tips",ผักและผลิตภัณฑ์,ไม่ระบุ,0,77.9,5.40,0.50,0.00,0,1.50,354,26,,,,4.60,,,,,3611,,300,0.06,0.07,3.50,194,,,,,,,,,,,,,,,,,,,,,,,,,,,,,,,,,,,,,,,,,,,,,,,,,,,
04210,foundation,"สะเดา, ดอก","Neem tree, flowers",ผักและผลิตภัณฑ์,ไม่ระบุ,84,77.4,5.50,4.20,0.00,12.2,1.60,,,,,,,,,,,1264,,105,0.11,,6.20,123,4.57,,,,,,,,,,,,,,,,,,,,,,,,,,,,,,,,,,,,,,,,,,,,,,,,,,
04209,foundation,สมอไทย,Chebulic Marobalans,ผักและผลิตภัณฑ์,ไม่ระบุ,0,85.9,1.20,1.70,0.00,0,0.40,18,18,,,,tr,,,,,300,,25,0.00,0.01,2.00,116,,,,,,,,,,,,,,,,,,,,,,,,,,,,,,,,,,,,,,,,,,,,,,,,,,,
04212,foundation,สะตอ,Bitter bean,ผักและผลิตภัณฑ์,ไม่ระบุ,0,70.7,8.00,4.00,0.00,0,1.30,76,83,,,,0.70,,,,,474,,39,0.11,0.01,1.00,6,,,,,,,,,,,,,,,,,,,,,,,,,,,,,,,,,,,,,,,,,,,,,,,,,,,
04213,foundation,"สะแล, ดอก","Sa- lare, flowers",ผักและผลิตภัณฑ์,ไม่ระบุ,0,80.8,6.00,1.60,0.00,0,2.30,349,4,,,,1.20,,,,,363,,30,0.11,0.54,0.30,13,4.94,,,,,,,,,,,,,,,,,,,,,,,,,,,,,,,,,,,,,,,,,,,,,,,,,,
04214,foundation,สันตะวาใบพาย,Santawa- bai- phai,ผักและผลิตภัณฑ์,ไม่ระบุ,0,97.1,0.40,0.10,0.00,0,0.60,5,9,,,,,,,,,,,,,,,,,,,,,,,,,,,,,,,,,,,,,,,,,,,,,,,,,,,,,,,,,,,,,,,,,,
04216,foundation,"สำประศรี, ต้นอ่อน ()",,ผักและผลิตภัณฑ์,ไม่ระบุ,24,90.9,2.20,0.40,1.40,3.3,1.80,52,,,,,,,,16.00,,15156,,1263,0.05,0.03,2.70,15,30.58,,,,,,,,,,,,,,,,,,,,,,,,,,,,,,,,,,,,,,,,,,,,,,,,,,
04215,foundation,สายบัว,"Water lily, stem",ผักและผลิตภัณฑ์,ไม่ระบุ,0,87.4,0.20,0.10,0.00,0,0.50,0,3,,,,0.20,,,,,59,,5,0.02,0.02,0.40,8,tr,,,,,,,,,,,,,,,,,,,,,,,,,,,,,,,,,,,,,,,,,,,,,,,,,,
04217,foundation,เสม็ด,"Eugenia, trips, milk wood",ผักและผลิตภัณฑ์,ไม่ระบุ,57,81.5,2.40,0.90,5.40,9,0.80,,,,,,,,,,,1824,,152,0.03,0.09,,,,,,,,,,,,,,,,,,,,,,,,,,,,,,,,,,,,,,,,,,,,,,,,,,,,,
04219,foundation,"หญ้าปักกิ่ง, ราก","Beijing grass/Angel grass, root",ผักและผลิตภัณฑ์,ไม่ระบุ,14,93.6,0.50,0.20,0.70,3.5,1.50,64,,,,,,,,,,70,,5,0.07,0.04,0.70,6,1.09,,,,,,,,,,,,,,,,,,,,,,,,,,,,,,,,,,,,,,,,,,,,,,,,,,
04220,foundation,"หญ้าปักกิ่ง, ต้นและใบ","Beijing grass/Angel grass, stems   and leaves",ผักและผลิตภัณฑ์,ไม่ระบุ,12,94.6,0.80,0.20,0.60,2.5,1.30,101,,,,,,,,,,606,,50,0.04,0.07,0.20,9,2.31,,,,,,,,,,,,,,,,,,,,,,,,,,,,,,,,,,,,,,,,,,,,,,,,,,
04218,foundation,"โสน, ดอก","Sesbania, flowers, yellow",ผักและผลิตภัณฑ์,ไม่ระบุ,42,87.1,3.60,0.40,4.11,3.9,0.89,51,60,,,,8.20,,,,,2004,,167,0.26,0.40,2.80,24,,,,,,,,,,,,,,,,,,,,,,,,,,,,,,,,,,,,,,,,,,,,,,,,,,,
04221,foundation,หน่อไม้ไผ่ตง,"Bamboo shoot, cultivaled",ผักและผลิตภัณฑ์,ไม่ระบุ,0,91.9,2.30,0.20,0.00,0,0.80,49,55,,,,0.30,,,,,,,,0.06,0.06,0.80,11,,,,,,,,,,,,,,,,,,,,,,,,,,,,,,,,,,,,,,,,,,,,,,,,,,,
04224,foundation,"หน่อไม้พันธุ์กิมซุง, ดิบ","Bamboo shoot, raw",ผักและผลิตภัณฑ์,ไม่ระบุ,33,90.6,1.97,0.57,3.95,2.2,0.75,13,45,,,,0.32,,,,,10,,0,,,,37,,,,,,,,,,,,,,,,,,,,,,,,,,,,,,,,,,,,,,,,,,,,,,,,,,,
04223,foundation,"หน่อไม้พันธุ์กิมซุง, ต้ม","Bamboo shoot, boil",ผักและผลิตภัณฑ์,ไม่ระบุ,22,93.5,1.81,0.56,1.37,2.3,0.51,15,35,,,,0.28,,,,,0,,tr,,,,13,,,,,,,,,,,,,,,,,,,,,,,,,,,,,,,,,,,,,,,,,,,,,,,,,,,
04222,foundation,หน่อไม้ไผ่ป่า,"Bamboo shoot, wild",ผักและผลิตภัณฑ์,ไม่ระบุ,0,91.3,2.40,0.20,0.00,0,0.70,58,48,,,,0.20,,,,,,,tr,0.08,0.18,1.20,13,,,,,,,,,,,,,,,,,,,,,,,,,,,,,,,,,,,,,,,,,,,,,,,,,,,
04225,foundation,"หน่อไม้หวาน, หน่อเล็ก","Bamboo shoot, hairy, sweet",ผักและผลิตภัณฑ์,ไม่ระบุ,0,96.6,1.90,0.20,0.00,0,0.90,20,26,,,,0.10,,,,,25,,2,0.06,0.24,1.20,,,,,,,,,,,,,,,,,,,,,,,,,,,,,,,,,,,,,,,,,,,,,,,,,,,,
04227,foundation,"หน่อหวาย, คั่ว","Rattan palm, roasted",ผักและผลิตภัณฑ์,ไม่ระบุ,0,0.1,27.27,5.44,0.00,,6.68,541,613,318,6,1513,4.06,,22.02,16.60,,,,,,,,,,,,,,,,,,,,,,,,,,,,,,,,,,,,,,,,,,,,,,,,,,,,,,,,,,,
04226,foundation,"หน่อไม้หวาน, หน่อใหญ่","Bamboo shoot, hairy, sweet",ผักและผลิตภัณฑ์,ไม่ระบุ,0,94.5,1.50,0.30,0.00,0,0.60,3,2,,,,0.60,,,,,44,,3,0.05,0.25,1.20,15,,,,,,,,,,,,,,,,,,,,,,,,,,,,,,,,,,,,,,,,,,,,,,,,,,,
04228,foundation,"หน่อหวาย, ต้ม, อบแห้ง","Rattan palm, boiled and baked",ผักและผลิตภัณฑ์,ไม่ระบุ,0,9.7,27.51,6.27,0.00,,5.79,494,599,321,6,1058,4.10,,21.88,21.00,,,,,,,,,,,,,,,,,,,,,,,,,,,,,,,,,,,,,,,,,,,,,,,,,,,,,,,,,,,
04232,foundation,"หยวกกล้วย, อ่อน","Banana, young stem",ผักและผลิตภัณฑ์,ไม่ระบุ,0,95.7,0.80,0.20,0.00,0,0.70,25,3,,,,0.04,,,,,0,,0,0.02,0.24,0.30,2,,,,,,,,,,,,,,,,,,,,,,,,,,,,,,,,,,,,,,,,,,,,,,,,,,,
04229,foundation,หน่อเหรียง,"Nitta tree, sprout",ผักและผลิตภัณฑ์,ไม่ระบุ,0,79.6,7.50,3.50,0.00,0,1.40,182,4,,,,2.00,,,,,132,,11,0.06,0.62,0.10,83,,,,,,,,,,,,,,,,,,,,,,,,,,,,,,,,,,,,,,,,,,,,,,,,,,,
04231,foundation,หมากหมก/ผักหวานใบแหลม (),,ผักและผลิตภัณฑ์,ไม่ระบุ,57,78.4,5.60,1.00,2.60,7.7,4.70,,,,,,,,,18.00,,4384,,365,0.29,0.03,2.70,4,1.70,,,,,,,,,,,,,,,,,,,,,,,,,,,,,,,,,,,,,,,,,,,,,,,,,,
04230,foundation,หมรุย/สมุย/หัสคุณ,Hatsa khun,ผักและผลิตภัณฑ์,ไม่ระบุ,75,72.9,4.70,0.40,6.10,14.2,1.70,,,,,,,,,18.00,,5390,,449,0.06,,1.40,4,8.80,,,,,,,,,,,,,,,,,,,,,,,,,,,,,,,,,,,,,,,,,,,,,,,,,,
04233,foundation,"หยวกกล้วยน้ำว้า, อ่อน","Banana, young stem",ผักและผลิตภัณฑ์,ไม่ระบุ,0,97.6,0.40,0.10,0.00,0,0.50,22,47,,,,0.30,,,,,4,,tr,tr,tr,0.40,tr,,,,,,,,,,,,,,,,,,,,,,,,,,,,,,,,,,,,,,,,,,,,,,,,,,,
04235,foundation,หัวปลี,Banana flower,ผักและผลิตภัณฑ์,ไม่ระบุ,0,92.3,1.40,0.20,0.00,0,0.90,28,40,,,,0.70,,,,,156,,13,0.01,0.02,0.60,25,,,,,,,,,,,,,,,,,,,,,,,,,,,,,,,,,,,,,,,,,,,,,,,,,,,
04236,foundation,เห็ดขมิ้น,"Mushroom, hed-kamin",ผักและผลิตภัณฑ์,ไม่ระบุ,0,92.7,2.70,0.50,0.00,0,0.80,2,17,,,,1.60,,,,,5494,,458,0.03,0.44,3.70,7,,,,,,,,,,,,,,,,,,,,,,,,,,,,,,,,,,,,,,,,,,,,,,,,,,,
04237,foundation,เห็ดเข็มทอง,"Mushroom,  golden neddle",ผักและผลิตภัณฑ์,ไม่ระบุ,24,92,1.71,0.11,3.02,2.4,0.79,0,72,8,6,291,1.06,tr,tr,1.40,,0,,0,tr,0.00,6.92,tr,tr,,,,,,,,,,,,,,,,,,,,,,,,,,,,,,,,,,,,,,,,,,,,,,,,,,
04234,foundation,หอมหัวใหญ่,Onion,ผักและผลิตภัณฑ์,ไม่ระบุ,29,91.8,1.40,0.10,5.00,1.2,0.50,8,27,,,,,,,,,0,,0,0.02,0.01,0.40,8,0.00,,,,,,,,,,,,,,,,,,,,,,,,,,,,,,,,,,,,,,,,,,,,,,,,,,
04240,foundation,เห็ดตาโล่,"Mushroom, hed-ta-loh",ผักและผลิตภัณฑ์,ไม่ระบุ,0,97.9,0.15,0.13,0.00,,0.08,7,,,,,,,,1.88,,,,,tr,0.03,0.26,,,,,,,,,,,,,,,,,,,,,,,,,,,,,,,,,,,,,,,,,,,,,,,,,,,,
04241,foundation,เห็ดนางฟ้า,"Mushroom, Indian oyster",ผักและผลิตภัณฑ์,ไม่ระบุ,0,91,2.30,0.30,0.00,0,0.70,,,,,,,,,,,,,,0.05,0.85,2.50,,,,,,,,,,,,,,,,,,,,,,,,,,,,,,,,,,,,,,,,,,,,,,,,,,,,
04238,foundation,เห็ดซาง,"Mushroom, hed-saang",ผักและผลิตภัณฑ์,ไม่ระบุ,0,37.7,2.40,0.20,0.00,0,13.30,,,,,,,,,,,,,,,,3.10,35,,,,,,,,,,,,,,,,,,,,,,,,,,,,,,,,,,,,,,,,,,,,,,,,,,,
04239,foundation,เห็ดตับเต่า,"Mushroom, bolete",ผักและผลิตภัณฑ์,ไม่ระบุ,0,92.4,2.50,0.10,0.00,0,0.50,13,37,,,,,,,,,,,,0.06,0.33,2.00,16,,,,,,,,,,,,,,,,,,,,,,,,,,,,,,,,,,,,,,,,,,,,,,,,,,,
04244,foundation,เห็ดเป๋าฮื้อ,"Mushroom, abalone",ผักและผลิตภัณฑ์,ไม่ระบุ,0,91.1,1.60,0.40,0.00,0,0.90,3,78,,,,1.10,,,,,,,,0.01,0.24,2.80,11,,,,,,,,,,,,,,,,,,,,,,,,,,,,,,,,,,,,,,,,,,,,,,,,,,,
04242,foundation,เห็ดนางรม,"Mushroom, oyster",ผักและผลิตภัณฑ์,ไม่ระบุ,0,92,2.10,0.30,0.00,0,0.80,4,61,,,,0.30,,,,,,,,0.02,0.13,2.70,21,,,,,,,,,,,,,,,,,,,,,,,,,,,,,,,,,,,,,,,,,,,,,,,,,,,
04245,foundation,เห็ดเผาะ,"Mushroom, barometer earthstars",ผักและผลิตภัณฑ์,ไม่ระบุ,0,87.8,2.20,0.40,0.00,0,1.00,39,85,,,,3.60,,,,,0,,0,0.04,0.03,0.70,12,,,,,,,,,,,,,,,,,,,,,,,,,,,,,,,,,,,,,,,,,,,,,,,,,,,
04243,foundation,เห็ดบัว (เห็ดฟาง),"Mushroom, chinese/straw",ผักและผลิตภัณฑ์,ไม่ระบุ,0,90.6,3.20,0.20,0.00,0,1.00,8,18,,,,1.10,,,,,,,,0.07,0.25,3.00,7,,,,,,,,,,,,,,,,,,,,,,,,,,,,,,,,,,,,,,,,,,,,,,,,,,,
04246,foundation,เห็ดลม/เห็ดกระด้าง,"Mushroom, hed-lom",ผักและผลิตภัณฑ์,ไม่ระบุ,0,72.4,1.85,0.15,0.00,0,0.40,282,14,,,,6.00,,,,,0,,0,0.13,0.40,1.40,42,,,,,,,,,,,,,,,,,,,,,,,,,,,,,,,,,,,,,,,,,,,,,,,,,,,
04248,foundation,เห็ดหูหนูสด,"Mushroom Jew's ear, fresh",ผักและผลิตภัณฑ์,ไม่ระบุ,0,87.1,1.40,0.10,0.00,0,0.50,60,tr,,,,6.10,,,,,0,,0,0.04,0.71,2.80,21,,,,,,,,,,,,,,,,,,,,,,,,,,,,,,,,,,,,,,,,,,,,,,,,,,,
04249,foundation,"เหลียง, ใบ","Baegu/Pak-lieng, leaves",ผักและผลิตภัณฑ์,ไม่ระบุ,82,75.1,6.60,1.20,7.00,8.8,1.30,151,224,,,,2.50,,,,,3814,,318,0.18,0.75,1.70,124,,,,,,,,,,,,,,,,,,,,,,,,,,,,,,,,,,,,,,,,,,,,,,,,,,,
04247,foundation,เห็ดหอมสด,"Mushroom, shiitake, fresh",ผักและผลิตภัณฑ์,ไม่ระบุ,24,92.4,2.24,0.28,1.82,2.7,0.55,0,37,3,2,233,0.34,tr,0.79,1.28,,44,,3,0.13,0.32,2.43,0,0.78,,,,,,,,,,,,,,,,,,,,,,,,,,,,,,,,,,,,,,,,,,,,,,,,,,
04250,foundation,"ออบแอบ, ใบ","Op-aep, leaves",ผักและผลิตภัณฑ์,ไม่ระบุ,0,87.6,1.70,0.90,-8.60,0,1.20,,18,,,,2.80,,,,,,,,0.01,0.00,1.20,118,,,,,,,,,,,,,,,,,,,,,,,,,,,,,,,,,,,,,,,,,,,,,,,,,,,
04252,foundation,เอื้องน้ำ,Ueang-nam,ผักและผลิตภัณฑ์,ไม่ระบุ,23,91.9,0.80,0.10,2.70,3.8,0.70,100,,,,,,,,10.00,,581,,48,tr,1.49,0.70,21,2.00,,,,,,,,,,,,,,,,,,,,,,,,,,,,,,,,,,,,,,,,,,,,,,,,,,
04253,foundation,เรดโอ๊ค (),,ผักและผลิตภัณฑ์,ไม่ระบุ,0,96,1.27,0.01,0.00,0,0.60,0,0,0,0,0,0.00,0.00,0.00,0.00,,0,0.00,0,0.00,0.00,0.00,0,0.00,,,0.00,0,,,,,,,,,,,,,,,,,,,,,,,,,,,,,,,,,,,,,,,,,,,,,,
04251,foundation,"อีหล่ำ/มะกล่ำ, ใบอ่อน","Red sanda wood tree, young leaves",ผักและผลิตภัณฑ์,ไม่ระบุ,0,78.1,5.50,1.10,0.00,0,1.90,,,,,,,,,,,,,,0.01,0.33,2.40,169,,,,,,,,,,,,,,,,,,,,,,,,,,,,,,,,,,,,,,,,,,,,,,,,,,,
04255,foundation,แรดิช (),,ผักและผลิตภัณฑ์,ไม่ระบุ,11,96.9,0.61,0.10,1.81,0,0.62,0,0,0,0,0,0.00,0.00,0.00,0.00,,0,0.00,0,0.00,0.00,0.00,0,0.00,,,0.00,0,,,,,,,,,,,,,,,,,,,,,,,,,,,,,,,,,,,,,,,,,,,,,,
04254,foundation,แคร์รอต (),,ผักและผลิตภัณฑ์,ไม่ระบุ,39,90.1,0.59,0.09,8.80,0,0.38,0,0,0,0,0,0.00,0.00,0.00,0.00,,0,0.00,0,0.00,0.00,0.00,0,0.00,,,0.00,0,,,,,,,,,,,,,,,,,,,,,,,,,,,,,,,,,,,,,,,,,,,,,,
04257,foundation,"ไก, สาหร่ายไก ()",,ผักและผลิตภัณฑ์,ไม่ระบุ,0,7.6,27.48,2.98,0.00,0,29.72,0,0,0,0,0,0.00,0.00,0.00,0.00,,0,0.00,0,0.00,0.00,0.00,0,0.00,,,0.00,0,,,,,,,,,,,,,,,,,,,,,,,,,,,,,,,,,,,,,,,,,,,,,,
04256,foundation,"ใบมะกรูด, สด ()",,ผักและผลิตภัณฑ์,ไม่ระบุ,153,58.7,4.63,1.43,30.37,0,4.88,7310,223,525,256,3851,0.00,0.00,0.00,0.00,,0,0.00,0,0.00,0.00,0.00,0,0.00,,,1.95,0,,,,,,,,,,,,,,,,,,,,,,,,,,,,,,,,,,,,,,,,,,,,,,
04259,foundation,กรีนโอ๊ค (),,ผักและผลิตภัณฑ์,ไม่ระบุ,0,96.1,1.39,0.12,0.00,0,0.56,0,0,0,0,0,0.00,0.00,0.00,0.00,,0,0.00,0,0.00,0.00,0.00,0,0.00,,,0.00,0,,,,,,,,,,,,,,,,,,,,,,,,,,,,,,,,,,,,,,,,,,,,,,
04262,foundation,คะน้าไชยา (),,ผักและผลิตภัณฑ์,ไม่ระบุ,0,79.6,6.60,1.64,0.00,0,3.77,0,0,0,0,0,0.00,0.00,0.00,0.00,,0,0.00,0,0.00,0.00,0.00,0,0.00,,,0.00,0,,,,,,,,,,,,,,,,,,,,,,,,,,,,,,,,,,,,,,,,,,,,,,
04260,foundation,กะหล่ำปลี (),,ผักและผลิตภัณฑ์,ไม่ระบุ,0,94.1,1.63,0.06,0.00,0,0.52,0,21,0,0,0,0.00,0.00,0.00,0.00,,0,0.00,0,0.00,0.00,0.00,0,0.00,,,1.76,0,,,,,,,,,,,,,,,,,,,,,,,,,,,,,,,,,,,,,,,,,,,,,,
04258,foundation,ไหลบัว (),,ผักและผลิตภัณฑ์,ไม่ระบุ,0,96.6,0.65,0.09,0.00,0,0.43,0,0,0,0,0,0.00,0.00,0.00,0.00,,0,0.00,0,0.00,0.00,0.00,0,0.00,,,0.00,0,,,,,,,,,,,,,,,,,,,,,,,,,,,,,,,,,,,,,,,,,,,,,,
04261,foundation,กุยช่ายขาว (),,ผักและผลิตภัณฑ์,ไม่ระบุ,18,95,1.48,0.05,2.67,0,0.76,0,0,0,0,0,0.00,0.00,0.00,0.00,,0,0.00,0,0.00,0.00,0.00,0,0.00,,,0.00,0,,,,,,,,,,,,,,,,,,,,,,,,,,,,,,,,,,,,,,,,,,,,,,
04263,foundation,"คะน้าไชยา, ผงแห้ง ()",,ผักและผลิตภัณฑ์,ไม่ระบุ,0,6.1,24.25,25.50,0.00,0,8.67,0,0,0,0,0,0.00,0.00,0.00,0.00,,0,0.00,0,0.00,0.00,0.00,0,0.00,,,0.00,0,,,,,,,,,,,,,,,,,,,,,,,,,,,,,,,,,,,,,,,,,,,,,,
04264,foundation,ถั่วงอก (),,ผักและผลิตภัณฑ์,ไม่ระบุ,19,94.9,2.27,0.04,2.38,0,0.43,0,0,0,0,0,0.00,0.00,0.00,0.00,,0,0.00,0,0.00,0.00,0.00,0,0.00,,,0.00,0,,,,,,,,,,,,,,,,,,,,,,,,,,,,,,,,,,,,,,,,,,,,,,
04265,foundation,บีทรูท  (),,ผักและผลิตภัณฑ์,ไม่ระบุ,56,84.7,2.57,0.07,11.16,0,1.55,0,0,0,0,0,0.00,0.00,0.00,0.00,,0,0.00,0,0.00,0.00,0.00,0,0.00,,,0.00,0,,,,,,,,,,,,,,,,,,,,,,,,,,,,,,,,,,,,,,,,,,,,,,
04267,foundation,"ผักเชียงดา, ยอดและใบอ่อน ()",,ผักและผลิตภัณฑ์,ไม่ระบุ,0,76.9,5.59,1.72,0.00,0,3.06,0,0,0,0,0,0.00,0.00,0.00,0.00,,0,0.00,0,0.00,0.00,0.00,0,0.00,,,0.00,0,,,,,,,,,,,,,,,,,,,,,,,,,,,,,,,,,,,,,,,,,,,,,,
04266,foundation,ผักเคล (),,ผักและผลิตภัณฑ์,ไม่ระบุ,0,86.4,2.33,0.29,0.00,0,1.59,0,0,0,0,0,0.00,0.00,0.00,0.00,,0,0.00,0,0.00,0.00,0.00,0,0.00,,,0.00,0,,,,,,,,,,,,,,,,,,,,,,,,,,,,,,,,,,,,,,,,,,,,,,
04269,foundation,ผักคะน้า (),,ผักและผลิตภัณฑ์,ไม่ระบุ,0,92.4,2.27,0.22,0.00,0,1.27,0,46,0,0,0,0.00,0.00,0.00,0.00,,0,0.00,0,0.00,0.00,0.00,0,0.00,,,0.39,0,,,,,,,,,,,,,,,,,,,,,,,,,,,,,,,,,,,,,,,,,,,,,,
04270,foundation,ผักบุ้งจีน (),,ผักและผลิตภัณฑ์,ไม่ระบุ,0,95,1.67,0.16,0.00,0,1.04,82,25,22,60,367,1.63,0.08,0.38,0.00,,0,0.00,0,0.00,0.00,0.00,0,0.00,,,0.07,0,,,,,,,,,,,,,,,,,,,,,,,,,,,,,,,,,,,,,,,,,,,,,,
04268,foundation,ผักกวางตุ้ง (),,ผักและผลิตภัณฑ์,ไม่ระบุ,0,94.5,1.69,0.12,0.00,0,1.16,143,41,27,63,360,0.58,0.05,0.36,0.00,,0,0.00,0,0.00,0.00,0.00,0,0.00,,,0.24,0,,,,,,,,,,,,,,,,,,,,,,,,,,,,,,,,,,,,,,,,,,,,,,
04272,foundation,พริกหวานสีเหลือง (),,ผักและผลิตภัณฑ์,ไม่ระบุ,27,92.9,0.87,0.06,5.61,0,0.53,0,0,0,0,0,0.00,0.00,0.00,0.00,,0,0.00,0,0.00,0.00,0.00,0,0.00,,,0.00,0,,,,,,,,,,,,,,,,,,,,,,,,,,,,,,,,,,,,,,,,,,,,,,
04271,foundation,พริกหวานสีเขียว (),,ผักและผลิตภัณฑ์,ไม่ระบุ,20,94.7,0.74,0.05,4.09,0,0.44,0,0,0,0,0,0.00,0.00,0.00,0.00,,0,0.00,0,0.00,0.00,0.00,0,0.00,,,0.00,0,,,,,,,,,,,,,,,,,,,,,,,,,,,,,,,,,,,,,,,,,,,,,,
04273,foundation,พริกหวานสีแดง (),,ผักและผลิตภัณฑ์,ไม่ระบุ,27,93.1,0.90,0.12,5.35,0,0.55,0,0,0,0,0,0.00,0.00,0.00,0.00,,0,0.00,0,0.00,0.00,0.00,0,0.00,,,0.00,0,,,,,,,,,,,,,,,,,,,,,,,,,,,,,,,,,,,,,,,,,,,,,,
04276,foundation,"สาหร่ายทะเลคอมบุ, แห้ง ()",,ผักและผลิตภัณฑ์,ไม่ระบุ,252,12.1,7.15,0.34,54.83,0,25.56,0,0,0,0,0,0.00,0.00,0.00,0.00,,0,0.00,0,0.00,0.00,0.00,0,0.00,,,28.53,0,,,,,,,,,,,,,,,,,,,,,,,,,,,,,,,,,,,,,,,,,,,,,,
04274,foundation,ฟักทองบัตเตอร์นัต (),,ผักและผลิตภัณฑ์,ไม่ระบุ,46,87.9,1.50,0.16,9.60,0,0.83,0,0,0,0,0,0.00,0.00,0.00,1.00,,0,0.00,0,0.00,0.00,0.00,0,0.00,,,0.00,0,,,,,,,,,,,,,,,,,,,,,,,,,,,,,,,,,,,,,,,,,,,,,,
04275,foundation,ว่านหางจระเข้ (),,ผักและผลิตภัณฑ์,ไม่ระบุ,0,99,0.05,0.00,0.00,0,0.20,0,0,0,0,0,0.00,0.00,0.00,0.00,,0,0.00,0,0.00,0.00,0.00,0,0.00,,,0.00,0,,,,,,,,,,,,,,,,,,,,,,,,,,,,,,,,,,,,,,,,,,,,,,
04277,foundation,หัวไขเท้า (),,ผักและผลิตภัณฑ์,ไม่ระบุ,19,95,0.65,0.02,3.86,0,0.49,0,0,0,0,0,0.00,0.00,0.00,0.00,,0,0.00,0,0.00,0.00,0.00,0,0.00,,,0.00,0,,,,,,,,,,,,,,,,,,,,,,,,,,,,,,,,,,,,,,,,,,,,,,
04278,foundation,หัวปลี (),,ผักและผลิตภัณฑ์,ไม่ระบุ,25,93.3,1.30,0.31,4.11,0,1.00,0,0,0,0,0,0.00,0.00,0.00,0.00,,0,0.00,0,0.00,0.00,0.00,0,0.00,,,0.00,0,,,,,,,,,,,,,,,,,,,,,,,,,,,,,,,,,,,,,,,,,,,,,,
04279,foundation,เห็ดแครง (จ.พัทลุง) (),,ผักและผลิตภัณฑ์,ไม่ระบุ,54,79.6,5.20,0.48,0.61,13,1.11,1,205,31,4,381,2.75,0.04,2.26,1.00,,tr,5.00,5,tr,0.18,,0,0.05,9.53,,0.36,,,,,,,,,,,,,,,,,,,,,,,,,,,,,,,,,,,,,,,,,,,,0.20,,,
04280,foundation,ดอกดาหลา (จ.สระบุรี)  (),,ผักและผลิตภัณฑ์,ไม่ระบุ,43,85.3,1.69,1.53,1.61,8,1.91,72,37,48,3,696,0.37,0.19,0.79,1.00,,4,1.00,1,,0.02,,0,0.04,18.45,,0.45,,,,,,,,,,,,,,,,,,,,,,,,,,,,,,,,,,,,,,,,,,,,10.25,,,
04281,foundation,ตะลิงปลิง (จ.นครปฐม) (),,ผักและผลิตภัณฑ์,ไม่ระบุ,18,94.6,0.51,0.09,3.05,1.4,0.33,5,12,9,2,112,0.25,0.04,0.27,1.00,,48,2.00,6,0.02,0.07,,0,0.14,21.13,,1.83,,,,,,,,,,,,,,,,,,,,,,,,,,,,,,,,,,,,,,,,,,,,8.80,,,
04283,foundation,มันฝรั่งไทย (makro) (),makro,ผักและผลิตภัณฑ์,ไม่ระบุ,64,82.4,2.11,0.03,13.18,1.3,1.01,4,43,17,2,381,0.35,0.10,0.38,tr,,tr,3.00,3,,0.01,,0,0.07,15.09,,0.46,,,,,,,,,,,,,,,,,,,,,,,,,,,,,,,,,,,,,,,,,,,,4.30,,,
05001,foundation,"กล้วยไข่, สุก","Banana, Khai variety, ripe",ผลไม้ และผลิตภัณฑ์,ไม่ระบุ,107,71.4,1.24,0.20,24.26,1.9,0.99,1,16,15,2,269,tr,tr,tr,1.28,,271,,22,,0.13,0.81,10,0.47,,,21.84,,,,,,,,,,,,,,,,,,,,,,,,,,,,,,,,,,,,,,,,,,,,,,,
04282,foundation,"มะปริงสุก, ทั้งลูกไม่รวมเปลือก ()",,ผักและผลิตภัณฑ์,ไม่ระบุ,48,87.2,0.52,-0.01,11.10,0.9,0.26,5,10,9,3,96,0.17,0.10,0.35,1.00,,511,15.00,58,tr,0.83,,0,tr,59.61,,,,,,,,,,,,,,,,,,,,,,,,,,,,,,,,,,,,,,,,,,,,,,2.14,,,
05004,foundation,"กล้วยงาช้าง, สุก","Banana, Ngachang variety, ripe",ผลไม้ และผลิตภัณฑ์,ไม่ระบุ,127,65.3,0.99,0.13,29.27,2.8,1.44,4,34,29,1,363,0.30,tr,0.21,1.04,,519,,43,0.04,11.14,11.74,21,0.52,,,22.88,,,,,,,,,,,,,,,,,,,,,,,,,,,,,,,,,,,,,,,,,,,,,,,
05003,foundation,"กล้วยไข่พม่า, สุก","Banana, Khai phma variety, ripe",ผลไม้ และผลิตภัณฑ์,ไม่ระบุ,64,78.9,0.97,0.21,10.79,8,1.18,3,14,17,,375,,tr,tr,1.21,,528,,44,,,0.73,6,0.32,,,15.67,,,,,,,,,,,,,,,,,,,,,,,,,,,,,,,,,,,,,,,,,,,,,,,
05002,foundation,"กล้วยไข่โนนสูง, สุก","Banana, Khai nonssung variety, ripe",ผลไม้ และผลิตภัณฑ์,ไม่ระบุ,73,77.3,0.70,0.20,13.70,7.2,0.87,,15,,1,319,tr,tr,,tr,,397,,33,,,0.89,8,0.18,,,15.03,,,,,,,,,,,,,,,,,,,,,,,,,,,,,,,,,,,,,,,,,,,,,,,
05006,foundation,"กล้วยตีบมุกดาหาร, สุก","Banana, Tib- mukdahan variety, ripe",ผลไม้ และผลิตภัณฑ์,ไม่ระบุ,117,69.9,1.22,0.11,27.90,,0.88,3,28,32,,334,0.13,tr,,1.24,,36,,3,0.02,0.17,0.67,10,0.14,,,22.49,,,,,,,,,,,,,,,,,,,,,,,,,,,,,,,,,,,,,,,,,,,,,,,
05005,foundation,"กล้วยตะกุ่ย, สุก","Banana, Takuy variety, ripe",ผลไม้ และผลิตภัณฑ์,ไม่ระบุ,83,75.2,1.36,0.33,15.18,7,0.92,6,38,34,3,342,0.41,tr,0.29,1.65,,132,,11,0.02,2.91,3.14,13,0.61,,,19.08,,,,,,,,,,,,,,,,,,,,,,,,,,,,,,,,,,,,,,,,,,,,,,,
05007,foundation,"กล้วยทิพรส, สุก","Banana, Thipparot variety, ripe",ผลไม้ และผลิตภัณฑ์,ไม่ระบุ,97,70.9,1.12,0.09,18.95,8,0.94,5,27,35,1,314,tr,tr,tr,1.16,,15,,1,,0.46,0.46,15,0.34,,,19.98,,,,,,,,,,,,,,,,,,,,,,,,,,,,,,,,,,,,,,,,,,,,,,,
05008,foundation,"กล้วยเทพรส, สุก","Banana, Thepparot variety, ripe",ผลไม้ และผลิตภัณฑ์,ไม่ระบุ,114,64.8,1.19,0.12,21.53,11.4,0.97,8,35,35,2,368,0.54,tr,0.28,1.76,,108,,9,0.02,0.24,0.78,22,0.39,,,25.31,,,,,,,,,,,,,,,,,,,,,,,,,,,,,,,,,,,,,,,,,,,,,,,
05011,foundation,"กล้วยนางพญา, สุก","Banana, Nang-paya variety, ripe",ผลไม้ และผลิตภัณฑ์,ไม่ระบุ,128,63.5,1.38,0.19,26.52,7.5,0.93,5,38,42,0,397,0.44,tr,0.24,2.77,,392,,32,0.03,0.12,0.79,13,0.44,,,26.79,,,,,,,,,,,,,,,,,,,,,,,,,,,,,,,,,,,,,,,,,,,,,,,
05009,foundation,"กล้วยนมสาว, สุก","Banana, Nom-sao variety, ripe",ผลไม้ และผลิตภัณฑ์,ไม่ระบุ,73,77.4,0.90,0.18,13.65,6.9,1.03,5,26,21,,387,tr,tr,,1.96,,145,,12,,,0.53,4,0.39,,,16.19,,,,,,,,,,,,,,,,,,,,,,,,,,,,,,,,,,,,,,,,,,,,,,,
05012,foundation,"กล้วยน้ำ, สุก","Banana, Nam variety, ripe",ผลไม้ และผลิตภัณฑ์,ไม่ระบุ,109,68.2,1.04,0.10,22.59,7.2,0.91,6,28,28,1,318,0.35,tr,0.15,1.45,,229,,19,0.01,0.21,0.63,14,0.54,,,20.70,,,,,,,,,,,,,,,,,,,,,,,,,,,,,,,,,,,,,,,,,,,,,,,
05010,foundation,"กล้วยนาก, สุก","Banana,  Nak variety, ripe",ผลไม้ และผลิตภัณฑ์,ไม่ระบุ,68,76.7,0.90,0.16,11.87,8.2,2.19,2,23,,2,274,,tr,,,,142,,11,,,0.66,4,0.12,,,17.00,,,,,,,,,,,,,,,,,,,,,,,,,,,,,,,,,,,,,,,,,,,,,,,
05013,foundation,"กล้วยน้ำเชียงราย, สุก","Banana, Nam-chiangrai variety, ripe",ผลไม้ และผลิตภัณฑ์,ไม่ระบุ,111,67.6,1.03,0.19,22.35,8,0.89,4,36,40,,351,0.23,tr,0.21,1.43,,16,,1,0.01,0.13,0.78,9,0.12,,,11.98,,,,,,,,,,,,,,,,,,,,,,,,,,,,,,,,,,,,,,,,,,,,,,,
05014,foundation,"กล้วยน้ำไทย, สุก","Banana, Nam-tai variety, ripe",ผลไม้ และผลิตภัณฑ์,ไม่ระบุ,123,68.6,1.50,0.20,29.00,0,0.70,1,8,,,,0.70,,,,,,,,0.04,0.19,0.80,48,,,,,,,,,,,,,,,,,,,,,,,,,,,,,,,,,,,,,,,,,,,,,,,,,,,
05015,foundation,"กล้วยน้ำว้า, สุก","Banana, Nam-wa variety, ripe",ผลไม้ และผลิตภัณฑ์,ไม่ระบุ,143,62.6,1.10,0.20,33.10,2.3,0.70,7,43,,,,0.80,,,12.00,,54,,4,0.04,0.02,1.40,11,,,,,,,,,,,,,,,,,,,,,,,,,,,,,,,,,,,,,,,,,,,,,,,,,,,
05017,foundation,"กล้วยน้ำว้าไส้แดง, สุก ( Banana, Namwa-dang variety, ripe)",,ผลไม้ และผลิตภัณฑ์,ไม่ระบุ,110,69.8,1.06,0.18,24.00,4.2,0.76,5,29,30,1,347,tr,tr,tr,1.44,,18,,1,,0.15,0.79,18,0.14,,,21.19,,,,,,,,,,,,,,,,,,,,,,,,,,,,,,,,,,,,,,,,,,,,,,,
05016,foundation,"กล้วยน้ำว้าเงิน, สุก ( Banana, Namwa-ngaen variety, ripe)",,ผลไม้ และผลิตภัณฑ์,ไม่ระบุ,117,70.2,0.85,0.18,28.00,,0.78,3,32,26,2,294,tr,tr,tr,1.24,,88,,7,0.10,0.13,0.68,18,0.11,,,22.33,,,,,,,,,,,,,,,,,,,,,,,,,,,,,,,,,,,,,,,,,,,,,,,
05018,foundation,"กล้วยปิซังซูซู, สุก ( Banana, Pisangsusu variety, ripe)",,ผลไม้ และผลิตภัณฑ์,ไม่ระบุ,80,75.1,0.90,0.14,14.76,8.1,1.03,2,41,31,3,421,0.00,tr,tr,2.20,,7,,0,0.00,0.19,0.75,9,0.00,,,,,,,,,,,,,,,,,,,,,,,,,,,,,,,,,,,,,,,,,,,,,,,,,,
05019,foundation,"กล้วยพม่าแหกคุก, สุก","Banana, Phama-heak-kuk variety, ripe",ผลไม้ และผลิตภัณฑ์,ไม่ระบุ,101,71.3,0.70,0.18,21.76,5.1,0.96,6,39,37,,345,0.22,tr,tr,,,20,,1,,,0.56,7,0.23,,,17.63,,,,,,,,,,,,,,,,,,,,,,,,,,,,,,,,,,,,,,,,,,,,,,,
05020,foundation,"กล้วยเล็บมือนาง, สุก","Banana, Leb-muenang variety, ripe",ผลไม้ และผลิตภัณฑ์,ไม่ระบุ,124,66,1.39,0.32,26.59,4.8,0.91,,,,,,,,,2.18,,0,,0,0.02,0.09,0.86,18,0.11,,,,,,,,,,,,,,,,,,,,,,,,,,,,,,,,,,,,,,,,,,,,,,,,,,
05021,foundation,"กล้วยหอม, สุก","Banana, Hom variety, ripe",ผลไม้ และผลิตภัณฑ์,ไม่ระบุ,128,66.3,0.90,0.20,29.80,1.9,0.90,26,46,,,,0.80,,,16.00,,99,,8,0.04,0.07,0.10,27,,,,,,,,,,,,,,,,,,,,,,,,,,,,,,,,,,,,,,,,,,,,,,,,,,,
05023,foundation,"กล้วยหอมทิพย์, สุก","Banana, Hom-thip variety, ripe",ผลไม้ และผลิตภัณฑ์,ไม่ระบุ,81,74.5,0.97,0.10,15.10,8.2,1.05,6,36,33,1,374,0.38,tr,0.23,0.00,,43,,3,0.01,0.17,0.85,9,0.19,,,18.28,,,,,,,,,,,,,,,,,,,,,,,,,,,,,,,,,,,,,,,,,,,,,,,
05022,foundation,"กล้วยหอมจำปา, สุก","Banana, Hom-jumpa variety, ripe",ผลไม้ และผลิตภัณฑ์,ไม่ระบุ,108,71.9,1.11,0.10,25.79,0,1.06,9,26,27,0,352,0.31,tr,0.38,1.52,,84,,7,0.01,0.14,0.69,9,0.43,,,18.47,,,,,,,,,,,,,,,,,,,,,,,,,,,,,,,,,,,,,,,,,,,,,,,
05024,foundation,"กล้วยหอมผลสั้น, สุก","Banana, Hom, short-body variety, ripe",ผลไม้ และผลิตภัณฑ์,ไม่ระบุ,72,77.3,0.95,0.20,13.07,7.5,1.05,5,29,26,,338,0.16,tr,tr,1.21,,62,,5,,,0.99,5,0.28,,,17.30,,,,,,,,,,,,,,,,,,,,,,,,,,,,,,,,,,,,,,,,,,,,,,,
05025,foundation,"กล้วยหักมุก, สุก","Banana, Hak-mook variety, ripe",ผลไม้ และผลิตภัณฑ์,ไม่ระบุ,113,71.2,1.20,0.20,26.70,0,0.70,7,48,,,,0.80,,,1.08,,77,,6,0.08,0.11,0.08,13,0.18,,,,,,,,,,,,,,,,,,,,,,,,,,,,,,,,,,,,,,,,,,,,,,,,,,
05027,foundation,"กล้วยหิน, สุก","Banana, Hin variety, ripe",ผลไม้ และผลิตภัณฑ์,ไม่ระบุ,128,62.5,1.29,0.13,25.98,9.1,1.09,7,42,45,,375,tr,tr,,1.76,,12,,1,,,0.55,19,0.22,,,20.55,,,,,,,,,,,,,,,,,,,,,,,,,,,,,,,,,,,,,,,,,,,,,,,
05026,foundation,"กล้วยหักมุกนวล, สุก","Banana, Hak-mook-nuon variety, ripe",ผลไม้ และผลิตภัณฑ์,ไม่ระบุ,109,69.5,0.78,0.25,23.38,5.1,0.99,4,51,34,,359,0.31,tr,tr,1.95,,270,,22,,,0.78,9,0.17,,,18.43,,,,,,,,,,,,,,,,,,,,,,,,,,,,,,,,,,,,,,,,,,,,,,,
05028,foundation,"แก้วมังกร, เนื้อชมพู","Dragon fruit, red  flesh",ผลไม้ และผลิตภัณฑ์,ไม่ระบุ,59,84.1,1.28,1.02,9.54,3.4,0.62,4,37,28,2,287,0.35,tr,0.70,2.77,,0,,0,0.02,0.04,0.33,3,0.59,,,8.11,,,,,,,,,,,,,,,,,,,,,,,,,,,,,,,,,,,,,,,,,,,,,,,
05031,foundation,"ขนุน, จำปา","Jackfruit, Jum-pa variety",ผลไม้ และผลิตภัณฑ์,ไม่ระบุ,117,63.2,2.24,0.39,25.25,2.2,6.70,7,15,17,4,355,0.12,tr,0.08,1.65,,40,,3,0.13,0.13,0.73,13,0.43,,,28.20,,,,,,,,,,,,,,,,,,,,,,,,,,,,,,,,,,,,,,,,,,,,,,,
05029,foundation,"แก้วมังกร, เนื้อสีขาว","Dragon fruit, white flesh",ผลไม้ และผลิตภัณฑ์,ไม่ระบุ,58,85.4,1.27,0.68,11.87,0,0.80,,,,,,,,,tr,,0,,0,0.06,0.03,0.18,4,0.35,,,10.00,,,,,,,,,,,,,,,,,,,,,,,,,,,,,,,,,,,,,,,,,,,,,,,
05030,foundation,"ขนุน, ละมุด","Jackfruit, La-mud variety",ผลไม้ และผลิตภัณฑ์,ไม่ระบุ,117,70.3,1.30,0.40,27.10,0,0.90,20,22,,,,1.00,,,,,,,,0.10,0.01,0.40,88,,,,,,,,,,,,,,,,,,,,,,,,,,,,,,,,,,,,,,,,,,,,,,,,,,,
05032,foundation,"ขนุน, หนัง","Jackfruit, Nang variety",ผลไม้ และผลิตภัณฑ์,ไม่ระบุ,76,73.6,1.80,0.27,15.57,2.2,6.57,5,23,16,0,327,0.21,tr,0.08,2.21,,78,,6,0.08,0.10,0.83,15,2.38,,,21.45,,,,,,,,,,,,,,,,,,,,,,,,,,,,,,,,,,,,,,,,,,,,,,,
05033,foundation,"แคนตาลูป, เนื้อเขียว","Cantaloupe, green flesh",ผลไม้ และผลิตภัณฑ์,ไม่ระบุ,29,92,0.50,0.00,6.50,0.6,0.40,1,6,8,4,162,0.80,,,0.60,,28,,2,0.02,0.01,,13,0.07,,,6.00,,,,,,,,,,,,,,,,,,,,,,,,,,,,,,,,,,,,,,,,,,,,,,,
05034,foundation,"แคนตาลูป, เนื้อเหลือง","Cantaloupe, yellow  flesh",ผลไม้ และผลิตภัณฑ์,ไม่ระบุ,26,92.3,0.50,0.09,5.37,1.3,0.38,4,13,9,5,159,0.10,tr,0.23,1.76,,216,,18,0.01,0.02,0.35,13,0.00,,,9.90,,,,,,,,,,,,,,,,,,,,,,,,,,,,,,,,,,,,,,,,,,,,,,,
05035,foundation,เงาะ,Rambutan,ผลไม้ และผลิตภัณฑ์,ไม่ระบุ,66,82.9,0.90,0.10,15.60,0,0.50,3,6,,,,1.80,,,,,,,tr,0.04,0.05,0.60,31,,,,,,,,,,,,,,,,,,,,,,,,,,,,,,,,,,,,,,,,,,,,,,,,,,,
05036,foundation,"เงาะ, โรงเรียน","Rambutan, Rong-rean variety",ผลไม้ และผลิตภัณฑ์,ไม่ระบุ,73,81,1.00,0.30,15.80,1.6,0.30,29,20,,,161,0.30,,,,,0,,0,tr,0.13,1.30,76,,,,18.00,,,,,,,,,,,,,,,,,,,,,,,,,,,,,,,,,,,,,,,,,,,,,,,
05037,foundation,"เงาะ, สีชมพู","Rambutan, Pink variety",ผลไม้ และผลิตภัณฑ์,ไม่ระบุ,78,80.4,1.10,0.40,17.20,0.6,0.30,37,18,,,,0.30,,,,,,,,0.01,0.15,1.10,3,,,,,,,,,,,,,,,,,,,,,,,,,,,,,,,,,,,,,,,,,,,,,,,,,,,
05040,foundation,"ชมพู่, ทับทิมจันทร์","Rose apple, Tub-tim-jun variety",ผลไม้ และผลิตภัณฑ์,ไม่ระบุ,40,89.4,0.50,0.09,8.99,0.8,0.19,tr,12,6,8,111,0.18,tr,tr,1.20,,11,,0,0.03,0.02,0.20,10,0.12,,,8.00,,,,,,,,,,,,,,,,,,,,,,,,,,,,,,,,,,,,,,,,,,,,,,,
05039,foundation,"ชมพู่, แขกดำ","Rose apple, Khak-dum variety",ผลไม้ และผลิตภัณฑ์,ไม่ระบุ,27,93.1,0.60,0.00,6.20,0,0.10,5,18,,,,0.20,,,,,102,,8,0.76,0.03,0.30,24,,,,,,,,,,,,,,,,,,,,,,,,,,,,,,,,,,,,,,,,,,,,,,,,,,,
05038,foundation,"ชมพู่, แก้มแหม่ม",Java apple/Wax jambu,ผลไม้ และผลิตภัณฑ์,ไม่ระบุ,16,95.7,0.30,0.00,3.80,0,0.20,7,4,,,,0.30,,,,,132,,11,0.14,0.02,0.80,35,,,,,,,,,,,,,,,,,,,,,,,,,,,,,,,,,,,,,,,,,,,,,,,,,,,
05042,foundation,"ชมพู่, นาค","Rose apple, Nak variety",ผลไม้ และผลิตภัณฑ์,ไม่ระบุ,20,94.7,0.30,0.00,4.90,0,0.10,2,10,,,,0.80,,,,,150,,12,0.01,0.02,0.10,25,,,,,,,,,,,,,,,,,,,,,,,,,,,,,,,,,,,,,,,,,,,,,,,,,,,
05041,foundation,"ชมพู่, ทูลเกล้า","Rose apple, Toon-klow variety",ผลไม้ และผลิตภัณฑ์,ไม่ระบุ,37,90,0.52,0.08,8.11,1,0.31,tr,11,5,5,106,0.30,tr,tr,1.34,,11,,0,0.02,0.02,0.24,7,0.20,,,8.00,,,,,,,,,,,,,,,,,,,,,,,,,,,,,,,,,,,,,,,,,,,,,,,
05043,foundation,ชมพู่. มะเหมี่ยว (Malay - apple (Mameaw)),Malay - apple (Mameaw,ผลไม้ และผลิตภัณฑ์,ไม่ระบุ,24,93.8,0.50,0.10,5.30,3.1,0.30,1,8,,,,0.70,,,,,126,,10,0.34,,0.60,17,,,,,,,,,,,,,,,,,,,,,,,,,,,,,,,,,,,,,,,,,,,,,,,,,,,
05045,foundation,"ชมพู่, สาแหรก",Malay - apple,ผลไม้ และผลิตภัณฑ์,ไม่ระบุ,32,91.7,0.30,0.10,7.50,0,0.40,2,8,,,,0.60,,,,,66,,5,0.01,0.04,0.30,20,,,,,,,,,,,,,,,,,,,,,,,,,,,,,,,,,,,,,,,,,,,,,,,,,,,
05046,foundation,"ชมพู่, สีชาด","Rose apple,",ผลไม้ และผลิตภัณฑ์,ไม่ระบุ,20,94.6,0.40,0.00,4.80,0,0.20,2,14,,,,0.40,,,,,318,,26,0.09,0.05,0.20,36,,,,,,,,,,,,,,,,,,,,,,,,,,,,,,,,,,,,,,,,,,,,,,,,,,,
05044,foundation,"ชมพู่ ,เมืองเพชร","Rose apple, Phet variety",ผลไม้ และผลิตภัณฑ์,ไม่ระบุ,26,92.8,0.50,0.00,5.50,1.1,0.10,2,18,,,,0.30,,,,,53,,4,0.02,0.18,0.60,32,,,,,,,,,,,,,,,,,,,,,,,,,,,,,,,,,,,,,,,,,,,,,,,,,,,
05047,foundation,ชำมะเลียง,Luna nut,ผลไม้ และผลิตภัณฑ์,ไม่ระบุ,,,,,,,,,,,,,,,,0.84,,0,,0,,,,43,0.30,,,,,,,,,,,,,,,,,,,,,,,,,,,,,,,,,,,,,,,,,,,,,,,,,,
05048,foundation,เชอร์รี่นอก,Cherry,ผลไม้ และผลิตภัณฑ์,ไม่ระบุ,49,63.1,1.05,0.60,31.93,2.3,1.04,21,46,22,3,486,0.44,,0.12,1.18,,,,,0.02,0.02,,20,,,,10.70,,,,,,,,,,,,,,,,,,,,,,,,,,,,,,,,,,,,,,,,,,,,,,,
05050,foundation,"แตงไทย,สุก (Musk melon (Tang-tai))",Musk melon (Tang-tai,ผลไม้ และผลิตภัณฑ์,ไม่ระบุ,13,96.5,0.20,0.00,3.10,0,0.20,1,17,,,,0.30,,,,,36,,3,0.07,0.03,0.30,56,,,,,,,,,,,,,,,,,,,,,,,,,,,,,,,,,,,,,,,,,,,,,,,,,,,
05049,foundation,ตะขบ,Ramontchi /Governor’s plum / Batoko plum,ผลไม้ และผลิตภัณฑ์,ไม่ระบุ,78,76.4,2.28,0.28,13.67,6.3,1.04,108,51,9,12,773,1.20,,0.50,2.48,,17,,1,0.03,0.06,1.04,156,1.90,,,11.00,,,,,,,,,,,,,,,,,,,,,,,,,,,,,,,,,,,,,,,,,,,,,,,
05053,foundation,"แตงโม, เหยียบไม่แตก",Watermelon,ผลไม้ และผลิตภัณฑ์,ไม่ระบุ,38,90.3,0.65,0.09,8.77,0,0.21,,,,,,,,,1.07,,,,,,,,5,,,,,,,,,,,,,,,,,,,,,,,,,,,,,,,,,,,,,,,,,,,,,,,,,,,
05052,foundation,"แตงโม, ตอปิโด",Watermelon  Torpedo variety,ผลไม้ และผลิตภัณฑ์,ไม่ระบุ,32,91.6,0.87,0.09,6.99,0.1,0.33,3,14,10,1,106,0.22,,0.04,1.10,,,,,0.01,0.02,,5,,,,6.10,,,,,,,,,,,,,,,,,,,,,,,,,,,,,,,,,,,,,,,,,,,,,,,
05051,foundation,"แตงโม, กินรี","Watermelon, Kinnaree variety",ผลไม้ และผลิตภัณฑ์,ไม่ระบุ,32,91.5,0.69,0.10,7.10,0.4,0.21,2,10,9,1,122,0.22,,0.08,0.77,,483,,40,0.22,0.03,,7,,,,11.20,,,,,,,,,,,,,,,,,,,,,,,,,,,,,,,,,,,,,,,,,,,,,,,
05055,foundation,"ทุเรียน, กระดุม","Durian, Kra-dum variety",ผลไม้ และผลิตภัณฑ์,ไม่ระบุ,133,70.9,3.30,4.30,20.50,0,1.00,49,27,,,,2.00,,,,,366,,30,,0.11,1.00,,,,,,,,,,,,,,,,,,,,,,,,,,,,,,,,,,,,,,,,,,,,,,,,,,,,
05054,foundation,แตงโมเหลือง,"Watermelon,  yellow flesh",ผลไม้ และผลิตภัณฑ์,ไม่ระบุ,27,92.2,0.49,0.06,5.68,1.4,0.23,6,13,10,3,103,0.12,tr,0.12,1.66,,20,,1,0.01,0.03,0.20,4,0.10,,,5.96,,,,,,,,,,,,,,,,,,,,,,,,,,,,,,,,,,,,,,,,,,,,,,,
05057,foundation,"ทุเรียนกวน, ก้านยาว",Durian paste,ผลไม้ และผลิตภัณฑ์,ไม่ระบุ,349,20.3,4.00,7.20,67.10,0,1.40,93,47,,,,0.30,,,,,280,,23,0.21,0.66,3.50,,,,,,,,,,,,,,,,,,,,,,,,,,,,,,,,,,,,,,,,,,,,,,,,,,,,
05056,foundation,ทุเรียนกวน,Durian paste,ผลไม้ และผลิตภัณฑ์,ไม่ระบุ,339,22.8,3.20,7.50,64.90,0,1.60,116,44,,,,0.30,,,,,281,,23,0.21,0.72,3.40,,,,,,,,,,,,,,,,,,,,,,,,,,,,,,,,,,,,,,,,,,,,,,,,,,,,
05058,foundation,"ทุเรียนกวน, ก้านยาว+ชะนี",Durian paste,ผลไม้ และผลิตภัณฑ์,ไม่ระบุ,352,20.3,4.10,8.00,66.00,0,1.60,144,44,,,,0.50,,,,,265,,22,0.25,0.70,2.70,,,,,,,,,,,,,,,,,,,,,,,,,,,,,,,,,,,,,,,,,,,,,,,,,,,,
05059,foundation,"ทุเรียนกวน, ก้านยาว+หมอนทอง",Durian paste,ผลไม้ และผลิตภัณฑ์,ไม่ระบุ,344,20.9,3.70,6.60,67.50,0,1.30,136,44,,,,0.80,,,,,262,,21,0.18,0.71,3.00,,,,,,,,,,,,,,,,,,,,,,,,,,,,,,,,,,,,,,,,,,,,,,,,,,,,
05062,foundation,ทุเรียนเทศ/ทุเรียนน้ำ,Soursop,ผลไม้ และผลิตภัณฑ์,ไม่ระบุ,69,82.5,1.10,0.35,15.45,,0.60,13,23,,,289,0.60,,,,,,,,0.08,0.07,0.93,24,,,,13.38,,,,,,,,,,,,,,,,,,,,,,,,,,,,,,,,,,,,,,,,,,,,,,,
05060,foundation,"ทุเรียน, ก้านยาว","Durian, Kan-yow variety",ผลไม้ และผลิตภัณฑ์,ไม่ระบุ,187,57.3,2.50,4.10,35.10,0,1.00,18,36,,,,0.80,,,,,134,,11,0.22,0.18,2.80,34,,,,,,,,,,,,,,,,,,,,,,,,,,,,,,,,,,,,,,,,,,,,,,,,,,,
05061,foundation,"ทุเรียน, ชะนี","Durian, Cha-nee variety",ผลไม้ และผลิตภัณฑ์,ไม่ระบุ,148,67.3,2.50,4.40,24.70,0,1.10,8,35,,,,1.10,,,,,244,,20,0.15,0.18,3.10,28,,,,,,,,,,,,,,,,,,,,,,,,,,,,,,,,,,,,,,,,,,,,,,,,,,,
05065,foundation,น้อยหน่า,Custard apple,ผลไม้ และผลิตภัณฑ์,ไม่ระบุ,92,75.2,1.40,0.20,19.90,2.7,0.60,7,27,,,,0.40,,,,,0,,0,0.09,0.09,1.00,27,,,,,,,,,,,,,,,,,,,,,,,,,,,,,,,,,,,,,,,,,,,,,,,,,,,
05063,foundation,"ทุเรียน, หมอนทอง","Durian, Mon-thong variety",ผลไม้ และผลิตภัณฑ์,ไม่ระบุ,162,62.5,2.10,3.30,31.20,0,0.90,29,34,,,473,1.10,,,,,46,,3,0.16,0.23,2.50,38,,,,21.00,,,,,,,,,,,,,,,,,,,,,,,,,,,,,,,,,,,,,,,,,,,,,,,
05064,foundation,"ทุเรียน, อีลวง","Durian, Loung variety",ผลไม้ และผลิตภัณฑ์,ไม่ระบุ,160,64.6,2.70,4.60,27.00,0,1.10,41,48,,,,1.40,,,,,,,,,0.12,2.10,,,,,,,,,,,,,,,,,,,,,,,,,,,,,,,,,,,,,,,,,,,,,,,,,,,,
05066,foundation,"ฝรั่ง, กลมสาลี่","Guava, Klom-sali variety",ผลไม้ และผลิตภัณฑ์,ไม่ระบุ,36,89,0.60,0.10,6.90,2.9,0.50,2,12,,,184,0.40,,,,,21,,1,0.05,0.11,1.30,187,,,,6.00,,,,,,,,,,,,,,,,,,,,,,,,,,,,,,,,,,,,,,,,,,,,,,,
05067,foundation,"ฝรั่ง, กิมจู","Guava, Kim-ju variety",ผลไม้ และผลิตภัณฑ์,ไม่ระบุ,35,89.5,0.76,0.21,6.01,3.1,0.36,2,14,7,1,174,0.20,,0.10,,,4,,0,0.02,0.03,,115,,,,6.50,,,,,,,,,,,,,,,,,,,,,,,,,,,,,,,,,,,,,,,,,,,,,,,
05068,foundation,ฝรั่ง. ซันจู,"Guava, Sun-ju variety",ผลไม้ และผลิตภัณฑ์,ไม่ระบุ,37,88.6,0.65,0.12,6.80,3.1,0.64,,,,,,,,,,,4,,0,,,,116,0.13,,,,,,,,,,,,,,,,,,,,,,,,,,,,,,,,,,,,,,,,,,,,,,,,,,
05071,foundation,พลับ,Persimmon,ผลไม้ และผลิตภัณฑ์,ไม่ระบุ,59,84,0.50,0.16,13.10,1.9,0.27,,,,,,,,,0.94,,93,,7,0.02,0.06,0.25,73,0.06,,,,,,,,,,,,,,,,,,,,,,,,,,,,,,,,,,,,,,,,,,,,,,,,,,
05069,foundation,"ฝรั่ง, แป้นสีทอง","Guava, Pan-si-thong variety",ผลไม้ และผลิตภัณฑ์,ไม่ระบุ,36,89,0.50,0.20,6.60,3.3,0.40,2,13,6,3,194,0.40,,0.08,0.17,,7,,0,0.02,0.03,,73,0.21,,,6.00,,,,,,,,,,,,,,,,,,,,,,,,,,,,,,,,,,,,,,,,,,,,,,,
05070,foundation,"ฝรั่ง, ไร้เมล็ด",Guava no seed variety,ผลไม้ และผลิตภัณฑ์,ไม่ระบุ,41,88.2,0.56,0.13,7.95,2.9,0.26,,,,,,,,,1.27,,0,,0,0.02,0.05,0.52,150,0.21,,,,,,,,,,,,,,,,,,,,,,,,,,,,,,,,,,,,,,,,,,,,,,,,,,
05072,foundation,"พุทรา, ลูกยาว","Jujube, oval shape",ผลไม้ และผลิตภัณฑ์,ไม่ระบุ,120,71.6,0.70,1.70,25.50,0,0.50,30,30,,,,0.90,,,,,30,,2,0.04,0.18,1.00,23,,,,,,,,,,,,,,,,,,,,,,,,,,,,,,,,,,,,,,,,,,,,,,,,,,,
05073,foundation,พุทราไทย,"Jujube, Thai variety",ผลไม้ และผลิตภัณฑ์,ไม่ระบุ,88,77.7,1.70,0.80,18.70,0,1.10,11,8,,,,0.40,,,,,19,,1,0.01,0.63,1.30,44,,,,,,,,,,,,,,,,,,,,,,,,,,,,,,,,,,,,,,,,,,,,,,,,,,,
05075,foundation,"แพชชั่นฟรุท, กวน","Passion fruit, yam",ผลไม้ และผลิตภัณฑ์,ไม่ระบุ,320,22.5,0.70,3.20,71.80,0.9,0.90,17,19,,,,1.20,,,,,86,,7,,0.13,1.30,,,,,,,,,,,,,,,,,,,,,,,,,,,,,,,,,,,,,,,,,,,,,,,,,,,,
05074,foundation,"พุทรา, แอปเปิ้ล","Jujube, apple variety",ผลไม้ และผลิตภัณฑ์,ไม่ระบุ,43,88.2,0.81,0.13,8.78,1.8,0.38,14,6,,,,0.40,,,1.26,,24,,2,0.01,0.05,0.44,46,0.12,,,,,,,,,,,,,,,,,,,,,,,,,,,,,,,,,,,,,,,,,,,,,,,,,,
05077,foundation,"แพชชั่นฟรุท, เนื้อภายนอก","Passion fruit, outer layer",ผลไม้ และผลิตภัณฑ์,ไม่ระบุ,41,86.3,1.30,0.30,6.60,3.8,1.70,45,34,,,,tr,,,,,17,,1,0.01,0.10,2.30,3,,,,,,,,,,,,,,,,,,,,,,,,,,,,,,,,,,,,,,,,,,,,,,,,,,,
05076,foundation,"แพชชั่นฟรุท, น้ำคั้น","Passion fruit, juice",ผลไม้ และผลิตภัณฑ์,ไม่ระบุ,60,85.3,0.90,0.80,12.30,tr,0.70,20,11,,,,tr,,,,,245,,20,tr,0.07,0.80,30,,,,,,,,,,,,,,,,,,,,,,,,,,,,,,,,,,,,,,,,,,,,,,,,,,,
05079,foundation,มะกอกฝรั่ง,Hog plum,ผลไม้ และผลิตภัณฑ์,ไม่ระบุ,52,86.3,0.80,0.00,12.30,0,0.60,20,2,,,,1.20,,,,,828,,69,0.06,0.02,0.40,70,,,,,,,,,,,,,,,,,,,,,,,,,,,,,,,,,,,,,,,,,,,,,,,,,,,
05078,foundation,"แพชชั่นฟรุท, เมล็ด","Passion fruit, seeds",ผลไม้ และผลิตภัณฑ์,ไม่ระบุ,247,44.7,7.50,15.20,8.60,23.2,0.80,19,96,,,,2.50,,,,,29,,2,0.01,0.04,0.90,3,,,,,,,,,,,,,,,,,,,,,,,,,,,,,,,,,,,,,,,,,,,,,,,,,,,
05080,foundation,มะขามเทศ,Madas tamarind,ผลไม้ และผลิตภัณฑ์,ไม่ระบุ,80,78.9,3.50,1.00,12.60,3.4,0.60,53,52,,,,tr,,,1.00,,0,,0,0.14,0.75,1.50,97,2.29,,,,,,,,,,,,,,,,,,,,,,,,,,,,,,,,,,,,,,,,,,,,,,,,,,
05081,foundation,มะขามป้อม,Indian gooseberry,ผลไม้ และผลิตภัณฑ์,ไม่ระบุ,58,84.9,0.29,0.22,13.40,0.8,0.44,28,13,9,0,202,0.50,0.06,0.12,3.50,,,,,0.02,0.10,3.05,431,0.03,,,,,,,,,,,,,,,,,,,,,,,,,,,,,,,,,,,,,,,,,,,,,,,,,,
05082,foundation,มะขามหวาน,"Tamarind, sweet variety",ผลไม้ และผลิตภัณฑ์,ไม่ระบุ,332,12.4,2.90,0.00,80.30,0,4.40,141,165,,,,0.90,,,,,156,,13,0.46,0.01,1.30,75,,,,,,,,,,,,,,,,,,,,,,,,,,,,,,,,,,,,,,,,,,,,,,,,,,,
05083,foundation,มะปรางสุก,"Gandaria, ripe",ผลไม้ และผลิตภัณฑ์,ไม่ระบุ,49,86.6,0.40,0.00,11.30,1.5,0.20,9,4,,,,0.30,,,,,230,,19,0.11,0.05,0.50,100,,,,,,,,,,,,,,,,,,,,,,,,,,,,,,,,,,,,,,,,,,,,,,,,,,,
05084,foundation,มะเฟือง,Carambola/star fruit,ผลไม้ และผลิตภัณฑ์,ไม่ระบุ,34,89,0.70,0.10,6.26,3,0.94,1,20,4,20,121,0.12,tr,tr,1.32,,26,,2,0.01,0.06,0.48,23,0.34,,,9.66,,,,,,,,,,,,,,,,,,,,,,,,,,,,,,,,,,,,,,,,,,,,,,,
05087,foundation,"มะม่วง, แก้ว,  สุก","Mango, Kaew variety, ripe",ผลไม้ และผลิตภัณฑ์,ไม่ระบุ,89,76.7,0.60,0.10,20.80,1.6,0.20,34,10,,,,tr,,,,,1768,,147,0.05,0.06,1.10,28,,,,,,,,,,,,,,,,,,,,,,,,,,,,,,,,,,,,,,,,,,,,,,,,,,,
05085,foundation,มะไฟ,Rambai,ผลไม้ และผลิตภัณฑ์,ไม่ระบุ,47,88.2,0.70,0.30,10.50,0,0.30,2,20,,,,,,,,,12,,1,0.03,0.09,0.80,55,,,,,,,,,,,,,,,,,,,,,,,,,,,,,,,,,,,,,,,,,,,,,,,,,,,
05088,foundation,"มะม่วง, เขียวสะอาด, ดิบ","Mango, Kiew-sa-ard variety, unripe",ผลไม้ และผลิตภัณฑ์,ไม่ระบุ,61,84.3,0.70,0.10,14.40,0,0.50,4,16,,,,0.10,,,,,606,,50,0.16,0.07,0.20,75,,,,,,,,,,,,,,,,,,,,,,,,,,,,,,,,,,,,,,,,,,,,,,,,,,,
05086,foundation,"มะม่วง, แก้ว,  ดิบ","Mango, Kaew variety, unripe",ผลไม้ และผลิตภัณฑ์,ไม่ระบุ,71,81,0.50,0.20,15.70,2.4,0.20,14,2,,,,tr,,,,,219,,18,0.05,0.02,0.20,35,,,,,,,,,,,,,,,,,,,,,,,,,,,,,,,,,,,,,,,,,,,,,,,,,,,
05090,foundation,"มะม่วง, เขียวเสวย, สุก","Mango, Kiew-sa-weya variety, ripe",ผลไม้ และผลิตภัณฑ์,ไม่ระบุ,82,80.2,0.50,0.80,18.20,,0.30,,,,,,,,,,,160,,13,0.03,0.05,,25,1.23,,,,,,,,,,,,,,,,,,,,,,,,,,,,,,,,,,,,,,,,,,,,,,,,,,
05089,foundation,"มะม่วง, เขียวเสวย, ดิบ","Mango, Kiew-sa-weya variety, unripe",ผลไม้ และผลิตภัณฑ์,ไม่ระบุ,82,78.5,0.70,0.40,18.10,2,0.30,2,28,10,2,197,0.18,,0.10,3.00,,56,,4,0.02,0.03,,26,1.52,,,7.00,,,,,,,,,,,,,,,,,,,,,,,,,,,,,,,,,,,,,,,,,,,,,,,
05091,foundation,"มะม่วง, คาราบาว, สุก","Mango, Karabow variety, ripe",ผลไม้ และผลิตภัณฑ์,ไม่ระบุ,61,84.6,0.50,0.60,13.00,1,0.30,,,,,,,,,,,1350,,112,0.08,0.05,1.50,62,,,,,,,,,,,,,,,,,,,,,,,,,,,,,,,,,,,,,,,,,,,,,,,,,,,
05093,foundation,"มะม่วง, น้ำดอกไม้, สุก","Mango, Num-dok-mai variety, ripe",ผลไม้ และผลิตภัณฑ์,ไม่ระบุ,76,80.3,0.60,0.23,17.73,0.8,0.39,3,15,7,1,196,tr,0.15,tr,1.59,,877,,73,0.07,0.06,1.81,14,1.10,,,15.00,,,,,,,,,,,,,,,,,,,,,,,,,,,,,,,,,,,,,,,,,,,,,,,
05094,foundation,"มะม่วง, พราหมณ์, สุก","Mango, Prarm variety, ripe",ผลไม้ และผลิตภัณฑ์,ไม่ระบุ,48,87.5,0.60,0.10,11.40,0,0.40,1,15,,,,0.40,,,,,2676,,223,0.04,0.05,0.80,,,,,,,,,,,,,,,,,,,,,,,,,,,,,,,,,,,,,,,,,,,,,,,,,,,,
05092,foundation,"มะม่วง, ทองดำ, ดิบ","Mango, Thong-dum variety, unripe",ผลไม้ และผลิตภัณฑ์,ไม่ระบุ,105,74,0.80,0.40,24.60,0,0.20,30,2,,,,0.30,,,,,252,,21,0.01,0.12,0.30,25,,,,,,,,,,,,,,,,,,,,,,,,,,,,,,,,,,,,,,,,,,,,,,,,,,,
05095,foundation,"มะม่วง, พิมเสน, สุก","Mango, Pimsen variety, ripe",ผลไม้ และผลิตภัณฑ์,ไม่ระบุ,0,83.9,1.00,0.20,0.00,0,0.30,25,12,,,,tr,,,,,3210,,268,0.09,0.05,0.80,13,,,,,,,,,,,,,,,,,,,,,,,,,,,,,,,,,,,,,,,,,,,,,,,,,,,
05096,foundation,"มะม่วง, พิมเสนมัน, ดิบ","Mango, Pimsen-mun variety, unripe",ผลไม้ และผลิตภัณฑ์,ไม่ระบุ,87,77.5,1.00,0.50,18.90,1.8,0.30,25,14,,,,tr,,,,,148,,12,0.04,0.03,0.60,31,,,,,,,,,,,,,,,,,,,,,,,,,,,,,,,,,,,,,,,,,,,,,,,,,,,
05099,foundation,"มะม่วงลิ้นงูเห่า/มันขุนศรีบ้านแพ้ว, สุก","Mango, Mun-khun-si variety, ripe",ผลไม้ และผลิตภัณฑ์,ไม่ระบุ,75,80.3,0.91,0.21,16.97,1.3,0.34,,,,,,,,,1.48,,371,,30,0.04,0.06,,10,0.92,,,,,,,,,,,,,,,,,,,,,,,,,,,,,,,,,,,,,,,,,,,,,,,,,,
05097,foundation,"มะม่วง, ยายกล่ำ, สุก","Mango, Yai-glam variety, ripe",ผลไม้ และผลิตภัณฑ์,ไม่ระบุ,68,79.5,0.65,0.42,11.80,7.3,0.29,2,22,7,2,126,0.14,tr,0.10,tr,,238,,19,0.02,0.06,1.22,8,0.97,,,13.94,,,,,,,,,,,,,,,,,,,,,,,,,,,,,,,,,,,,,,,,,,,,,,,
05098,foundation,"มะม่วง, แรด, ดิบ","Mango, Rad variety, unripe",ผลไม้ และผลิตภัณฑ์,ไม่ระบุ,47,87.1,0.40,0.10,10.40,1.8,0.20,1,1,,,,0.10,,,,,46,,3,0.12,0.02,0.20,27,,,,,,,,,,,,,,,,,,,,,,,,,,,,,,,,,,,,,,,,,,,,,,,,,,,
05103,foundation,มะม่วงหาวมะนาวโห่,Karanda/Carunda,ผลไม้ และผลิตภัณฑ์,ไม่ระบุ,56,87.9,1.10,2.35,7.80,,0.90,37,18,17,2,410,0.35,0.10,0.43,,,71,,5,0.00,0.06,0.28,5,,,,,,,,,,,,,,,,,,,,,,,,,,,,,,,,,,,,,,,,,,,,,,,,,,,
05101,foundation,"มะม่วง, แห้วมัน, ดิบ","Mango, Haew variety, unripe",ผลไม้ และผลิตภัณฑ์,ไม่ระบุ,72,81.7,0.70,0.10,17.30,0,0.20,3,17,,,,0.10,,,,,426,,35,0.12,0.06,0.30,70,,,,,,,,,,,,,,,,,,,,,,,,,,,,,,,,,,,,,,,,,,,,,,,,,,,
05100,foundation,"มะม่วง, หนังกลางวัน, สุก","Mango, Nung-klang-wan variety, ripe",ผลไม้ และผลิตภัณฑ์,ไม่ระบุ,82,79.3,0.50,0.20,19.70,0,0.30,25,15,,,,,,,,,23,,1,0.11,0.07,0.80,29,1.26,,,,,,,,,,,,,,,,,,,,,,,,,,,,,,,,,,,,,,,,,,,,,,,,,,
05102,foundation,"มะม่วง, อกร่อง,  สุก","Mango, Ok-rong variety, ripe",ผลไม้ และผลิตภัณฑ์,ไม่ระบุ,76,80.1,0.90,0.20,17.20,1.1,0.50,29,19,,,,0.20,,,,,59,,4,0.04,0.06,1.10,13,,,,,,,,,,,,,,,,,,,,,,,,,,,,,,,,,,,,,,,,,,,,,,,,,,,
05106,foundation,"มะละกอ, ค่อนข้างสุก","Papaya, half ripe",ผลไม้ และผลิตภัณฑ์,ไม่ระบุ,12,96.6,0.20,0.00,3.00,0,0.20,18,1,,,,0.30,,,,,198,,16,0.03,0.10,0.20,58,,,,,,,,,,,,,,,,,,,,,,,,,,,,,,,,,,,,,,,,,,,,,,,,,,,
05104,foundation,"มะม่วงหิมพานต์, ผล, สุก","Cashew nut, fruit, ripe",ผลไม้ และผลิตภัณฑ์,ไม่ระบุ,47,87,0.80,0.40,8.90,2.6,0.30,11,12,,,,tr,,,,,258,,21,0.02,0.18,0.50,54,,,,,,,,,,,,,,,,,,,,,,,,,,,,,,,,,,,,,,,,,,,,,,,,,,,
05105,foundation,มะยงชิด (Marian plum (Ma-yong-chid)),Marian plum (Ma-yong-chid,ผลไม้ และผลิตภัณฑ์,ไม่ระบุ,58,84.7,0.51,0.32,12.54,1.6,0.28,1,13,6,2,137,0.28,tr,0.10,1.80,,207,,17,0.02,0.02,0.70,25,0.27,,,13.05,,,,,,,,,,,,,,,,,,,,,,,,,,,,,,,,,,,,,,,,,,,,,,,
05107,foundation,"มะละกอ, แขกดำสุก","Papaya, Kak-dum variety, ripe",ผลไม้ และผลิตภัณฑ์,ไม่ระบุ,39,89,0.60,0.10,8.10,1.7,0.50,11,14,12,3,229,0.25,,0.08,0.60,,482,,40,,,,55,0.21,,,8.00,,,,,,,,,,,,,,,,,,,,,,,,,,,,,,,,,,,,,,,,,,,,,,,
05109,foundation,"มะละกอ, ฮาวาย ,สุก","Papaya, Hawaii, variety, ripe",ผลไม้ และผลิตภัณฑ์,ไม่ระบุ,50,86.1,0.63,0.20,10.55,1.9,0.61,34,9,24,3,315,0.22,,0.06,0.42,,483,,40,0.02,0.04,,87,,,,9.90,,,,,,,,,,,,,,,,,,,,,,,,,,,,,,,,,,,,,,,,,,,,,,,
05110,foundation,มังคุด,Mangosteen,ผลไม้ และผลิตภัณฑ์,ไม่ระบุ,79,79.2,0.50,0.00,18.40,1.7,0.20,11,17,,,,0.90,,,,,0,,0,0.09,0.06,0.10,3,,,,,,,,,,,,,,,,,,,,,,,,,,,,,,,,,,,,,,,,,,,,,,,,,,,
05111,foundation,ระกำ,Salak palm,ผลไม้ และผลิตภัณฑ์,ไม่ระบุ,50,87.2,0.60,0.20,11.50,0,0.50,,,,,,,,,,,24,,2,0.03,0.26,0.60,33,,,,,,,,,,,,,,,,,,,,,,,,,,,,,,,,,,,,,,,,,,,,,,,,,,,
05108,foundation,"มะละกอ, ฮอลแลนด์ ,สุก","Papaya, Holland, variety, ripe",ผลไม้ และผลิตภัณฑ์,ไม่ระบุ,39,89,0.70,0.10,8.00,1.7,0.50,11,11,10,5,224,0.21,,0.96,0.40,,483,,40,,,,78,,,,9.00,,,,,,,,,,,,,,,,,,,,,,,,,,,,,,,,,,,,,,,,,,,,,,,
05112,foundation,ราสเบอรี่,Raspberry,ผลไม้ และผลิตภัณฑ์,ไม่ระบุ,37,89.7,1.11,0.76,5.41,2.4,0.60,35,214,305,16,9,0.57,,0.23,0.65,,7,,0,0.01,0.07,,2,,,,5.70,,,,,,,,,,,,,,,,,,,,,,,,,,,,,,,,,,,,,,,,,,,,,,,
05114,foundation,ละมุดไทย / ละมุดสีดา,"Sapodilla, Si-da  variety",ผลไม้ และผลิตภัณฑ์,ไม่ระบุ,82,77.3,0.30,0.80,15.60,5.6,0.40,15,6,,,269,0.60,,,,,22,,1,0.00,0.01,0.60,24,,,,17.00,,,,,,,,,,,,,,,,,,,,,,,,,,,,,,,,,,,,,,,,,,,,,,,
05113,foundation,ลองกอง,Longkong,ผลไม้ และผลิตภัณฑ์,ไม่ระบุ,61,80.8,0.91,0.14,11.89,4.4,1.90,5,19,9,2,173,0.12,tr,tr,1.60,,10,,0,0.04,0.09,1.43,4,0.00,,,16.02,,,,,,,,,,,,,,,,,,,,,,,,,,,,,,,,,,,,,,,,,,,,,,,
05115,foundation,"ละมุดฝรั่ง, พันธุ์มะกอก","Sapodilla, Ma-kok variety",ผลไม้ และผลิตภัณฑ์,ไม่ระบุ,34,91.4,0.20,0.20,8.00,0,0.20,1,79,,,,0.20,,,,,102,,8,0.11,0.50,0.20,26,,,,,,,,,,,,,,,,,,,,,,,,,,,,,,,,,,,,,,,,,,,,,,,,,,,
05116,foundation,ลางสาด,Lang-sat,ผลไม้ และผลิตภัณฑ์,ไม่ระบุ,66,82.9,0.90,0.10,15.60,0,0.50,5,35,,,,0.70,,,,,12,,1,0.08,0.04,1.70,24,,,,,,,,,,,,,,,,,,,,,,,,,,,,,,,,,,,,,,,,,,,,,,,,,,,
05117,foundation,ลำใย,Longan,ผลไม้ และผลิตภัณฑ์,ไม่ระบุ,110,72.4,1.00,0.50,25.60,0,0.50,2,6,,,,0.30,,,,,18,,1,0.04,0.07,0.60,44,,,,,,,,,,,,,,,,,,,,,,,,,,,,,,,,,,,,,,,,,,,,,,,,,,,
05118,foundation,"ลำใย, กะโหลก","Longan, Kaloke variety",ผลไม้ และผลิตภัณฑ์,ไม่ระบุ,77,80.2,0.90,0.10,18.20,0,0.60,4,3,,,,0.40,,,,,12,,1,0.06,0.07,0.60,,,,,,,,,,,,,,,,,,,,,,,,,,,,,,,,,,,,,,,,,,,,,,,,,,,,
05119,foundation,"ลำใย, เบี้ยวเขียว","Longan, Beawkeaw variety",ผลไม้ และผลิตภัณฑ์,ไม่ระบุ,63,83.4,1.10,0.10,14.00,1.1,0.30,1,12,,,,0.50,,,,,18,,1,0.07,0.08,0.90,11,,,,,,,,,,,,,,,,,,,,,,,,,,,,,,,,,,,,,,,,,,,,,,,,,,,
05120,foundation,ลิ้นจี่,Litchi,ผลไม้ และผลิตภัณฑ์,ไม่ระบุ,57,85.2,0.90,0.10,13.20,0,0.60,7,41,,,,1.30,,,,,0,,0,0.11,0.04,0.30,41,,,,,,,,,,,,,,,,,,,,,,,,,,,,,,,,,,,,,,,,,,,,,,,,,,,
05121,foundation,"ลิ้นจี่, กะโหลกใบอ้อ","Litchi, Kalok variety",ผลไม้ และผลิตภัณฑ์,ไม่ระบุ,68,81.9,1.01,0.18,14.85,1.6,0.50,,,,,,,,,1.08,,,,,,0.09,,89,,,,,,,,,,,,,,,,,,,,,,,,,,,,,,,,,,,,,,,,,,,,,,,,,,,
05123,foundation,"ลิ้นจี่, จักรพรรดิ์","Litchi, King variety",ผลไม้ และผลิตภัณฑ์,ไม่ระบุ,70,82,0.67,0.11,16.47,0.5,0.32,0,17,3,0,205,0.17,,0.51,0.30,,,,,,0.06,,78,,,,13.40,,,,,,,,,,,,,,,,,,,,,,,,,,,,,,,,,,,,,,,,,,,,,,,
05122,foundation,"ลิ้นจี่, ค่อม","Litchi, Kom variety",ผลไม้ และผลิตภัณฑ์,ไม่ระบุ,68,82,0.80,0.10,15.60,1.2,0.30,1,20,15,1,217,0.21,,1.38,0.90,,,,,,,,60,,,,18.00,,,,,,,,,,,,,,,,,,,,,,,,,,,,,,,,,,,,,,,,,,,,,,,
05124,foundation,"ลิ้นจี่, สำเภาแก้ว","Litchi, Sampao-kaew variety",ผลไม้ และผลิตภัณฑ์,ไม่ระบุ,78,79.3,1.24,0.19,16.99,1.7,0.56,,,,,,,,,1.34,,,,,,0.12,,65,,,,,,,,,,,,,,,,,,,,,,,,,,,,,,,,,,,,,,,,,,,,,,,,,,,
05125,foundation,"ลิ้นจี่, ฮงฮวย","Litchi, Hong-houy variety",ผลไม้ และผลิตภัณฑ์,ไม่ระบุ,67,82.7,0.77,0.18,15.75,0,0.64,,,,,,,,,1.30,,,,,,,,33,,,,,,,,,,,,,,,,,,,,,,,,,,,,,,,,,,,,,,,,,,,,,,,,,,,
05128,foundation,"ลูกท้อ (Peach, Thai variety (Loog-taw))","Peach, Thai variety (Loog-taw",ผลไม้ และผลิตภัณฑ์,ไม่ระบุ,44,87.4,1.17,0.12,8.19,2.7,0.41,4,24,207,19,183,0.31,,0.12,0.32,,130,,10,0.01,0.04,,7,tr,,,6.40,,,,,,,,,,,,,,,,,,,,,,,,,,,,,,,,,,,,,,,,,,,,,,,
05126,foundation,ลูกจันทน์/จันทน์เทศ,Nutmeg,ผลไม้ และผลิตภัณฑ์,ไม่ระบุ,325,13.1,13.60,0.60,66.30,,6.40,,,,,,,,,,,420,,35,0.07,0.32,0.20,6,,,,,,,,,,,,,,,,,,,,,,,,,,,,,,,,,,,,,,,,,,,,,,,,,,,
05127,foundation,ลูกตาล,Sugar-palm,ผลไม้ และผลิตภัณฑ์,ไม่ระบุ,45,88.5,0.50,1.00,7.65,1.9,0.50,1,16,6,2,129,0.06,,0.09,1.28,,0,,0,0.03,0.01,0.50,2,,,,5.50,,,,,,,,,,,,,,,,,,,,,,,,,,,,,,,,,,,,,,,,,,,,,,,
05129,foundation,ลูกหว้า,Jambolan,ผลไม้ และผลิตภัณฑ์,ไม่ระบุ,52,84.7,0.90,0.10,10.30,3.3,0.70,5,61,28,9,199,1.77,,0.15,1.10,,47,,3,0.01,0.28,1.90,12,,,,5.00,,,,,,,,,,,,,,,,,,,,,,,,,,,,,,,,,,,,,,,,,,,,,,,
05131,foundation,สตรอว์เบอร์รี่,Strawberry,ผลไม้ และผลิตภัณฑ์,ไม่ระบุ,29,91.4,0.68,0.27,5.20,2,0.47,2,22,8,0,156,0.30,tr,0.13,1.48,,5,,0,0.01,0.06,0.31,65,0.54,,,4.00,,,,,,,,,,,,,,,,,,,,,,,,,,,,,,,,,,,,,,,,,,,,,,,
05130,foundation,ลูกไหน/ลูกพลัม,Wild cherry,ผลไม้ และผลิตภัณฑ์,ไม่ระบุ,53,85.4,1.18,0.28,10.26,3,0.41,6,23,240,7,201,0.45,,0.17,1.73,,1537,,,0.02,0.09,,1,,,,7.40,,,,,,,,,,,,,,,,,,,,,,,,,,,,,,,,,,,,,,,,,,,,,,,
05132,foundation,"ส้ม,  เกลี้ยง","Orange, sour/Sweet",ผลไม้ และผลิตภัณฑ์,ไม่ระบุ,52,86.8,0.50,0.00,12.60,0,0.10,33,23,,,,0.40,,,,,60,,5,0.04,0.04,1.80,71,,,,,,,,,,,,,,,,,,,,,,,,,,,,,,,,,,,,,,,,,,,,,,,,,,,
05134,foundation,"ส้ม, โชกุน","Orange, Cho-guun variety",ผลไม้ และผลิตภัณฑ์,ไม่ระบุ,45,87.9,1.09,0.17,9.18,1.3,0.43,9,23,4,0,212,,,,0.57,,36,,3,0.05,0.03,0.31,18,0.16,,,,,,,,,,,,,,,,,,,,,,,,,,,,,,,,,,,,,,,,,,,,,,,,,,
05133,foundation,"ส้ม, เขียวหวาน",Tangerine/Mandarin,ผลไม้ และผลิตภัณฑ์,ไม่ระบุ,45,87.8,0.83,0.26,9.27,1.6,0.34,25,22,9,3,190,0.40,tr,0.10,tr,,71,,5,0.05,0.04,0.33,31,0.33,,,11.34,,,,,,,,,,,,,,,,,,,,,,,,,,,,,,,,,,,,,,,,,,,,,,,
05135,foundation,ส้มแก้ว,"Orange, Som-keaw variety",ผลไม้ และผลิตภัณฑ์,ไม่ระบุ,52,85.8,0.89,0.20,10.86,1.8,0.49,,,,,,,,,1.37,,126,,10,,0.05,,13,0.70,,,,,,,,,,,,,,,,,,,,,,,,,,,,,,,,,,,,,,,,,,,,,,,,,,
05138,foundation,ส้มสายน้ำผึ้ง,"Orange, Sai-nam-phung variety",ผลไม้ และผลิตภัณฑ์,ไม่ระบุ,48,86.7,0.81,0.17,10.08,1.7,0.54,18,15,8,1,157,0.16,tr,0.02,tr,,101,,8,0.07,0.05,0.27,29,0.35,,,10.71,,,,,,,,,,,,,,,,,,,,,,,,,,,,,,,,,,,,,,,,,,,,,,,
05137,foundation,ส้มเช้ง,"Orange, acidless",ผลไม้ และผลิตภัณฑ์,ไม่ระบุ,,,,,,,0.43,,,,,,,,,1.35,,0,,0,,,,46,0.06,,,,,,,,,,,,,,,,,,,,,,,,,,,,,,,,,,,,,,,,,,,,,,,,,,
05136,foundation,ส้มจีนไร้เมล็ด,"Orange, Chinese variety",ผลไม้ และผลิตภัณฑ์,ไม่ระบุ,51,85.4,0.81,0.22,9.70,3.6,0.28,,,,,,,,,1.05,,41,,3,0.06,0.04,0.27,17,0.21,,,,,,,,,,,,,,,,,,,,,,,,,,,,,,,,,,,,,,,,,,,,,,,,,,
05139,foundation,"ส้มโอ, ทองดี","Pomelo, Tong-dee variety",ผลไม้ และผลิตภัณฑ์,ไม่ระบุ,42,89.2,0.50,0.40,8.80,0.7,0.40,9,21,,,,tr,,,1.00,,26,,2,0.07,0.02,0.40,54,,,,,,,,,,,,,,,,,,,,,,,,,,,,,,,,,,,,,,,,,,,,,,,,,,,
05141,foundation,"ส้มโอ, ขาวแตงกวา","Pomelo, Khaw-tangkwa variety",ผลไม้ และผลิตภัณฑ์,ไม่ระบุ,39,89.2,0.87,0.24,7.57,1.6,0.50,11,16,8,2,225,0.13,,0.08,0.50,,8,,0,0.01,0.03,,48,tr,,,7.00,,,,,,,,,,,,,,,,,,,,,,,,,,,,,,,,,,,,,,,,,,,,,,,
05140,foundation,"ส้มโอ, บางขุนนนท์","Pomelo, Bang-khunnon variety",ผลไม้ และผลิตภัณฑ์,ไม่ระบุ,51,86.7,0.50,0.00,12.40,0,0.40,22,17,,,,0.70,,,,,42,,3,0.01,0.01,0.40,45,,,,,,,,,,,,,,,,,,,,,,,,,,,,,,,,,,,,,,,,,,,,,,,,,,,
05145,foundation,"สับปะรด, นางแล","Pineapple, Nang-lae variety",ผลไม้ และผลิตภัณฑ์,ไม่ระบุ,63,84.2,0.44,0.81,12.84,1.4,0.30,11,8,25,,128,,,0.06,3.20,,20,,1,0.14,0.02,0.44,7,,,,13.50,,,,,,,,,,,,,,,,,,,,,,,,,,,,,,,,,,,,,,,,,,,,,,,
05142,foundation,"ส้มโอ, ขาวน้ำผึ้ง","Pomelo, Khaw-nam Phung variety",ผลไม้ และผลิตภัณฑ์,ไม่ระบุ,38,89.6,0.78,0.17,7.88,1.2,0.46,7,22,7,1,218,0.18,,0.01,0.87,,,,,0.00,0.02,,41,,,,7.70,,,,,,,,,,,,,,,,,,,,,,,,,,,,,,,,,,,,,,,,,,,,,,,
05143,foundation,"ส้มโอ, ขาวใหญ่","Pomelo, Khaw-yai variety",ผลไม้ และผลิตภัณฑ์,ไม่ระบุ,50,86.6,0.81,0.23,10.34,1.7,0.35,7,20,7,1,205,0.11,,0.67,0.44,,8,,0,0.01,0.03,,40,0.37,,,9.90,,,,,,,,,,,,,,,,,,,,,,,,,,,,,,,,,,,,,,,,,,,,,,,
05144,foundation,สละ,Salak palm,ผลไม้ และผลิตภัณฑ์,ไม่ระบุ,67,80.6,0.40,0.10,14.70,3.2,1.00,0,,,6,,,,,0.88,,38,,3,0.03,0.29,0.80,13,,,,13.40,,,,,,,,,,,,,,,,,,,,,,,,,,,,,,,,,,,,,,,,,,,,,,,
05146,foundation,"สับปะรด, ภูแล","Pineapple, Phu-lae variety",ผลไม้ และผลิตภัณฑ์,ไม่ระบุ,60,84.3,0.41,0.23,13.55,1.3,0.30,4,7,25,,171,,,0.06,7.60,,21,,1,0.11,0.04,0.46,18,0.02,,,11.11,,,,,,,,,,,,,,,,,,,,,,,,,,,,,,,,,,,,,,,,,,,,,,,
05147,foundation,"สัปปะรด, ภูเก็ต","Pineapple, Phu-ket variety",ผลไม้ และผลิตภัณฑ์,ไม่ระบุ,66,82.5,0.66,0.13,14.95,1.4,0.35,7,9,17,0,160,0.31,tr,0.26,1.48,,149,,12,0.13,0.05,0.34,10,0.00,,,14.55,,,,,,,,,,,,,,,,,,,,,,,,,,,,,,,,,,,,,,,,,,,,,,,
05148,foundation,"สัปปะรด, ศรีราชา","Pineapple, Sri-ra-cha variety",ผลไม้ และผลิตภัณฑ์,ไม่ระบุ,49,86.8,0.54,0.10,10.91,1.4,0.25,3,14,7,0,106,0.15,tr,0.22,2.28,,23,,1,0.11,0.03,0.24,11,0.00,,,12.60,,,,,,,,,,,,,,,,,,,,,,,,,,,,,,,,,,,,,,,,,,,,,,,
05149,foundation,"สาลี่, ก้านยาว","Chinese pear, Kanyaw variety",ผลไม้ และผลิตภัณฑ์,ไม่ระบุ,45,87.4,0.40,0.09,9.83,2.1,0.23,,,,,,,,,1.10,,0,,0,,,,3,0.07,,,10.00,,,,,,,,,,,,,,,,,,,,,,,,,,,,,,,,,,,,,,,,,,,,,,,
05151,foundation,"สาลี่, หอม","Chinese pear, Hom variety",ผลไม้ และผลิตภัณฑ์,ไม่ระบุ,57,85.4,0.26,0.08,13.92,0,0.33,1,8,6,2,176,0.03,,0.01,1.00,,0,,0,,,,3,0.22,,,8.00,,,,,,,,,,,,,,,,,,,,,,,,,,,,,,,,,,,,,,,,,,,,,,,
05150,foundation,"สาลี่, น้ำผึ้ง","Chinese pear, Namphung variety",ผลไม้ และผลิตภัณฑ์,ไม่ระบุ,44,88,0.27,0.06,9.87,1.5,0.30,1,12,22,2,189,0.04,,0.06,0.76,,0,,0,,,,3,0.10,,,7.00,,,,,,,,,,,,,,,,,,,,,,,,,,,,,,,,,,,,,,,,,,,,,,,
05154,foundation,องุ่นดำ,"Grapes, black",ผลไม้ และผลิตภัณฑ์,ไม่ระบุ,46,87.8,0.51,0.10,10.45,0.8,0.35,0,15,3,3,181,tr,tr,tr,1.49,,45,,3,0.03,0.05,0.20,2,0.40,,,12.00,,,,,,,,,,,,,,,,,,,,,,,,,,,,,,,,,,,,,,,,,,,,,,,
05152,foundation,"สาลี่, หิมะ","Chinese pear, Hima variety",ผลไม้ และผลิตภัณฑ์,ไม่ระบุ,56,85.9,0.36,0.12,13.42,0,0.22,1,14,7,1,142,0.12,,0.05,0.60,,0,,0,,,,3,0.10,,,9.00,,,,,,,,,,,,,,,,,,,,,,,,,,,,,,,,,,,,,,,,,,,,,,,
05153,foundation,องุ่นเขียว,"Grapes, green",ผลไม้ และผลิตภัณฑ์,ไม่ระบุ,51,86.4,0.54,0.09,11.54,1,0.51,0,14,4,4,190,tr,tr,tr,1.20,,34,,2,0.03,0.02,0.15,4,0.22,,,13.00,,,,,,,,,,,,,,,,,,,,,,,,,,,,,,,,,,,,,,,,,,,,,,,
05155,foundation,"องุ่นแดง, ลูกใหญ่","Grapes, red, big size",ผลไม้ และผลิตภัณฑ์,ไม่ระบุ,37,87.6,0.40,0.09,5.80,5.9,0.25,6,12,4,4,138,tr,tr,tr,2.07,,55,,4,0.04,0.06,0.18,1,0.25,,,9.20,,,,,,,,,,,,,,,,,,,,,,,,,,,,,,,,,,,,,,,,,,,,,,,
05156,foundation,"องุ่นแดงนอก, ลูกเล็ก","Grapes, red, small size",ผลไม้ และผลิตภัณฑ์,ไม่ระบุ,61,84,0.50,0.20,13.92,1,0.38,4,15,6,2,246,0.23,,0.00,1.85,,8,,0,,,,2,0.17,,,13.00,,,,,,,,,,,,,,,,,,,,,,,,,,,,,,,,,,,,,,,,,,,,,,,
05157,foundation,แอ๊ปเปิ้ลเขียว,"Apple, green",ผลไม้ และผลิตภัณฑ์,ไม่ระบุ,47,87,0.24,0.21,9.95,2.2,0.35,1,6,3,1,127,tr,tr,tr,0.17,,31,,2,0.01,0.02,0.11,2,0.33,,,8.00,,,,,,,,,,,,,,,,,,,,,,,,,,,,,,,,,,,,,,,,,,,,,,,
05158,foundation,"แอ๊ปเปิ้ลแดง, ฟูจิ","Apple, red  Fuji  variety,",ผลไม้ และผลิตภัณฑ์,ไม่ระบุ,35,90.5,0.17,0.12,7.86,1.2,0.20,0,5,2,4,61,tr,tr,tr,1.60,,18,,1,0.01,0.02,0.08,1,0.23,,,9.00,,,,,,,,,,,,,,,,,,,,,,,,,,,,,,,,,,,,,,,,,,,,,,,
05161,foundation,เคพกู๊ดเบอร์รี่ (),,ผลไม้ และผลิตภัณฑ์,ไม่ระบุ,68,83,1.69,0.82,13.46,0,1.06,0,0,0,0,0,0.00,0.00,0.00,0.00,,0,0.00,0,0.00,0.00,0.00,0,0.00,,,0.00,0,,,,,,,,,,,,,,,,,,,,,,,,,,,,,,,,,,,,,,,,,,,,,,
05160,foundation,"แอ๊ปเปิ้ลแดงลาย, ฟูจิ","Apple, light red  Fuji variety",ผลไม้ และผลิตภัณฑ์,ไม่ระบุ,46,87.4,0.23,0.18,10.29,1.5,0.36,1,8,3,9,106,tr,tr,tr,2.19,,33,,2,0.01,0.02,0.05,1,0.19,,,9.00,,,,,,,,,,,,,,,,,,,,,,,,,,,,,,,,,,,,,,,,,,,,,,,
05164,foundation,กีวีสีเขียว (),,ผลไม้ และผลิตภัณฑ์,ไม่ระบุ,55,86.2,0.89,0.32,12.02,0,0.57,0,0,0,0,0,0.00,0.00,0.00,0.00,,0,0.00,0,0.00,0.00,0.00,0,0.00,,,0.00,0,,,,,,,,,,,,,,,,,,,,,,,,,,,,,,,,,,,,,,,,,,,,,,
05162,foundation,เงาะโรงเรียน (),,ผลไม้ และผลิตภัณฑ์,ไม่ระบุ,97,75.9,0.97,0.37,22.31,0,0.48,0,0,0,0,0,0.00,0.00,0.00,0.00,,0,0.00,0,0.00,0.00,0.00,0,0.00,,,0.00,0,,,,,,,,,,,,,,,,,,,,,,,,,,,,,,,,,,,,,,,,,,,,,,
05159,foundation,"แอ๊ปเปิ้ลแดง, วอชิงตัน","Apple, red Washington variety",ผลไม้ และผลิตภัณฑ์,ไม่ระบุ,56,84.8,0.18,0.25,12.26,2.1,0.41,2,9,3,3,98,tr,tr,tr,1.73,,36,,3,0.01,0.04,0.09,1,0.34,,,,,,,,,,,,,,,,,,,,,,,,,,,,,,,,,,,,,,,,,,,,,,,,,,
05163,foundation,แตงโมกินรี (),,ผลไม้ และผลิตภัณฑ์,ไม่ระบุ,42,89.5,0.74,0.05,9.48,0,0.28,0,0,0,0,0,0.00,0.00,0.00,0.00,,0,0.00,0,0.00,0.00,0.00,0,0.00,,,0.00,0,,,,,,,,,,,,,,,,,,,,,,,,,,,,,,,,,,,,,,,,,,,,,,
05165,foundation,กีวีสีทอง (),,ผลไม้ และผลิตภัณฑ์,ไม่ระบุ,68,82.8,0.67,0.25,15.61,0,0.64,0,0,0,0,0,0.00,0.00,0.00,0.00,,0,0.00,0,0.00,0.00,0.00,0,0.00,,,0.00,0,,,,,,,,,,,,,,,,,,,,,,,,,,,,,,,,,,,,,,,,,,,,,,
05166,foundation,ทุเรียนหมอนทอง (),,ผลไม้ และผลิตภัณฑ์,ไม่ระบุ,148,66.6,2.33,3.38,26.85,0,0.80,0,0,0,0,0,0.00,0.00,0.00,0.00,,0,0.00,0,0.00,0.00,0.00,0,0.00,,,0.00,0,,,,,,,,,,,,,,,,,,,,,,,,,,,,,,,,,,,,,,,,,,,,,,
05167,foundation,"ฝรั่งไส้แดง
 ()",,ผลไม้ และผลิตภัณฑ์,ไม่ระบุ,46,88.3,0.71,0.08,10.45,0,0.44,0,0,0,0,0,0.00,0.00,0.00,0.00,,0,0.00,0,0.00,0.00,0.00,0,0.00,,,0.00,0,,,,,,,,,,,,,,,,,,,,,,,,,,,,,,,,,,,,,,,,,,,,,,
05169,foundation,"มะม่วงน้ำดอกไม้, สุก ()",,ผลไม้ และผลิตภัณฑ์,ไม่ระบุ,77,80.5,0.72,0.10,18.22,0,0.45,0,0,0,0,0,0.00,0.00,0.00,1.00,,0,0.00,0,0.00,0.00,0.00,0,0.00,,,0.00,0,,,,,,,,,,,,,,,,,,,,,,,,,,,,,,,,,,,,,,,,,,,,,,
05168,foundation,"มะม่วงเขียวเสวย, ดิบ ()",,ผลไม้ และผลิตภัณฑ์,ไม่ระบุ,84,78.7,0.78,0.05,20.05,0,0.37,0,0,0,0,0,0.00,0.00,0.00,0.00,,0,0.00,0,0.00,0.00,0.00,0,0.00,,,0.00,0,,,,,,,,,,,,,,,,,,,,,,,,,,,,,,,,,,,,,,,,,,,,,,
05172,foundation,สตรอว์เบอร์รี่ (),,ผลไม้ และผลิตภัณฑ์,ไม่ระบุ,39,90.2,0.54,0.11,8.75,0,0.43,0,0,0,0,0,0.00,0.00,0.00,0.00,,0,0.00,0,0.00,0.00,0.00,0,0.00,,,0.00,0,,,,,,,,,,,,,,,,,,,,,,,,,,,,,,,,,,,,,,,,,,,,,,
05170,foundation,มะยงชิด (),,ผลไม้ และผลิตภัณฑ์,ไม่ระบุ,64,83.9,0.48,0.05,15.34,0,0.27,0,0,0,0,0,0.00,0.00,0.00,0.00,,0,0.00,0,0.00,0.00,0.00,0,0.00,,,0.00,0,,,,,,,,,,,,,,,,,,,,,,,,,,,,,,,,,,,,,,,,,,,,,,
05171,foundation,ลูกหว้า (),,ผลไม้ และผลิตภัณฑ์,ไม่ระบุ,52,86.7,0.78,0.10,11.78,0,0.69,0,21,0,0,0,0.00,0.00,0.00,0.00,,0,0.00,0,0.00,0.00,0.00,0,0.00,,,10.85,0,,,,,,,,,,,,,,,,,,,,,,,,,,,,,,,,,,,,,,,,,,,,,,
05173,foundation,ส้มเช้ง (),,ผลไม้ และผลิตภัณฑ์,ไม่ระบุ,55,85.9,1.13,0.05,12.40,0,0.54,0,0,0,0,0,0.00,0.00,0.00,0.00,,0,0.00,0,0.00,0.00,0.00,0,0.00,,,0.00,0,,,,,,,,,,,,,,,,,,,,,,,,,,,,,,,,,,,,,,,,,,,,,,
05176,foundation,"เมล่อน, เนื้อสีส้ม  ()",,ผลไม้ และผลิตภัณฑ์,ไม่ระบุ,29,91.8,0.57,0.03,6.44,0.5,0.66,4,39,9,7,208,0.14,0.02,0.10,,,1148,,96,,,,0,,,,,,,,,,,,,,,,,,,,,,,,,,,,,,,,,,,,,,,,,,,,,,,,,,,
05175,foundation,"เมล่อน, เนื้อสีเขียว  ()",,ผลไม้ และผลิตภัณฑ์,ไม่ระบุ,20,94,0.52,0.01,4.02,0.9,0.54,6,22,9,11,218,0.10,0.03,0.07,,,18,,2,0.10,0.99,,0,,,,,,,,,,,,,,,,,,,,,,,,,,,,,,,,,,,,,,,,,,,,,,,,,,,
05174,foundation,อะโวคาโด (),,ผลไม้ และผลิตภัณฑ์,ไม่ระบุ,181,72.9,1.22,16.13,7.66,0,2.09,0,0,0,0,0,0.00,0.00,0.00,0.00,,0,0.00,0,0.00,0.00,0.00,0,0.00,,,0.00,0,,,,,,,,,,,,,,,,,,,,,,,,,,,,,,,,,,,,,,,,,,,,,,
05179,foundation,พุทรานมบ้านโพน (จ.กาฬสินธุ์) (),,ผลไม้ และผลิตภัณฑ์,ไม่ระบุ,44,87.7,4.43,0.04,5.44,2.1,0.33,8,12,5,1,128,0.10,0.04,0.08,tr,,37,3.00,6,0.02,1.00,,0,0.10,11.12,,8.44,,,,,,,,,,,,,,,,,,,,,,,,,,,,,,,,,,,,,,,,,,,,1.32,,,
05180,foundation,มะขามหวานพันธุ์ประกายสีทอง (จ.เพชรบูรณ์) (),,ผลไม้ และผลิตภัณฑ์,ไม่ระบุ,311,18,2.79,0.47,73.39,0.8,4.59,6,9,7,1,136,0.08,0.11,0.08,1.00,,22,4.00,6,,2.05,,0,0.29,32.26,,57.19,,,,,,,,,,,,,,,,,,,,,,,,,,,,,,,,,,,,,,,,,,,,0.08,,,
05177,foundation,น้ำมะปี๊ด (จ.จันทบุรี) (),,ผลไม้ และผลิตภัณฑ์,ไม่ระบุ,29,92.2,0.42,0.00,6.95,,0.47,17,10,10,3,127,0.07,0.02,0.10,tr,,2,3.00,3,,0.27,,0,0.19,15.97,,4.27,,,,,,,,,,,,,,,,,,,,,,,,,,,,,,,,,,,,,,,,,,,,6.92,,,
05178,foundation,บ๊วยดอง (),,ผลไม้ และผลิตภัณฑ์,ไม่ระบุ,29,74.2,0.33,0.10,5.92,1.7,17.74,16,21,34,5100,175,0.53,0.06,0.12,,,14,3.00,4,,,,,,,,,,,,,,,,,,,,,,,,,,,,,,,,,,,,,,,,,,,,,,,,,,,,,,,
05181,foundation,มะขามหวานพันธุ์สีทอง (จ.เพชรบูรณ์) (),,ผลไม้ และผลิตภัณฑ์,ไม่ระบุ,243,34,2.33,0.45,56.56,1.6,5.07,7,6,8,1,143,0.07,0.06,0.07,1.00,,27,6.00,8,tr,1.93,,0,0.39,32.63,,54.51,,,,,,,,,,,,,,,,,,,,,,,,,,,,,,,,,,,,,,,,,,,,0.06,,,
05182,foundation,"มะปี๊ด, ทั้งลูกไม่รวมเปลือก (จ.จันทบุรี) ()",,ผลไม้ และผลิตภัณฑ์,ไม่ระบุ,35,89.5,0.66,0.00,6.54,2.9,0.47,47,16,13,3,155,0.21,0.08,0.20,tr,,,,,,0.30,,0,,13.41,,4.38,,,,,,,,,,,,,,,,,,,,,,,,,,,,,,,,,,,,,,,,,,,,3.92,,,
05183,foundation,"มะปี๊ด, ทั้งลูกรวมเปลือก (จ.จันทบุรี) ()",,ผลไม้ และผลิตภัณฑ์,ไม่ระบุ,42,86.6,0.86,0.28,6.51,4.9,0.80,131,15,19,5,189,0.22,0.18,0.25,1.00,,,,,,0.29,,0,,11.14,,4.57,,,,,,,,,,,,,,,,,,,,,,,,,,,,,,,,,,,,,,,,,,,,8.97,,,
05184,foundation,มะม่วงเบาใต้ (จ.สงขลา) (),,ผลไม้ และผลิตภัณฑ์,ไม่ระบุ,28,90.9,3.89,0.13,0.89,3.8,0.36,21,11,11,1,124,0.14,0.22,0.13,1.00,,151,14.00,26,tr,1.47,,0,0.86,13.39,,2.12,,,,,,,,,,,,,,,,,,,,,,,,,,,,,,,,,,,,,,,,,,,,7.88,,,
05185,foundation,มะม่วงน้ำดอกไม้สีทอง (จ.สระแก้ว) (),,ผลไม้ และผลิตภัณฑ์,ไม่ระบุ,70,81.8,3.29,0.22,13.21,1.2,0.38,8,16,13,1,146,0.09,0.12,0.12,1.00,,895,4.00,78,tr,0.18,,0,0.36,67.03,,,,,,,,,,,,,,,,,,,,,,,,,,,,,,,,,,,,,,,,,,,,,,3.00,,,
05186,foundation,ส้มโอทองดีนครชัยศรี (จ.นครปฐม) (),,ผลไม้ และผลิตภัณฑ์,ไม่ระบุ,38,87.5,0.95,0.07,7.81,1.2,2.50,10,11,4,1,152,0.05,0.02,0.03,tr,,20,3.00,5,0.03,1.58,,0,0.27,16.74,,8.79,,,,,,,,,,,,,,,,,,,,,,,,,,,,,,,,,,,,,,,,,,,,0.09,,,
05187,foundation,ส้มโอทับทิมสยาม (จ.นครศรีธรรมราช) (),,ผลไม้ และผลิตภัณฑ์,ไม่ระบุ,29,89.8,0.78,0.10,5.89,0.7,2.78,2,5,2,1,83,0.03,0.01,0.01,tr,,88,tr,7,tr,0.52,,0,0.32,8.30,,7.71,,,,,,,,,,,,,,,,,,,,,,,,,,,,,,,,,,,,,,,,,,,,0.09,,,
05188,foundation,ส้มโอท่าข่อยเมืองพิจิตร (จ.พิจิตร) (),,ผลไม้ และผลิตภัณฑ์,ไม่ระบุ,39,87.7,0.69,0.08,8.53,0.9,2.18,7,12,4,1,121,0.05,0.02,0.03,tr,,59,1.00,6,tr,0.54,,0,0.17,7.79,,9.54,,,,,,,,,,,,,,,,,,,,,,,,,,,,,,,,,,,,,,,,,,,,0.08,,,
05189,foundation,ส้มจีนไร้เมล็ด (กทม.) (),,ผลไม้ และผลิตภัณฑ์,ไม่ระบุ,64,82.9,0.92,0.17,14.00,1.5,0.47,30,19,11,1,177,0.08,0.03,0.06,tr,,122,24.00,34,0.05,1.18,,0,0.24,9.75,,13.50,,,,,,,,,,,,,,,,,,,,,,,,,,,,,,,,,,,,,,,,,,,,5.00,,,
06001,foundation,"กบ, ดิบ","Frog, raw",เนื้อสัตว์,ไม่ระบุ,102,75.2,17.62,3.53,0.00,0,3.02,,,,,,,,,6.91,,,74.00,74,0.33,0.22,0.52,,1.23,,,,,,,,,,,,,,,,,,,,,,,,,,,,,,,,,,,,,,,,,,,,,,,,,,
06002,foundation,"กระบือ, เนื้อ, ดิบ","Buffalo, meat, raw",เนื้อสัตว์,ไม่ระบุ,98,77.1,22.01,1.06,0.00,0,0.93,3,178,22,69,606,1.77,0.07,2.86,,,,,,,,,,,,,,,,,,,,,,,,,,,,,,,,,,,,,,,,,,,,,,,,,,,,,,,,,,,,
06007,foundation,"ไก่ดำ, กึ๋น, ดิบ","Black chicken, gizzard, raw",เนื้อสัตว์,ไม่ระบุ,97,76.6,21.10,1.30,0.30,0,0.70,,138,,,,4.60,,,,,0,,0,0.12,0.31,1.10,0,,,,,,,,,,,,,,,,,,,,,,,,,,,,,,,,,,,,,,,,,,,,,,,,,,,
06006,foundation,"ไก่, เลือด, สุก","Chicken, blood, cooked",เนื้อสัตว์,ไม่ระบุ,50,89,11.53,0.41,0.00,0,1.05,11,55,3,429,2132,11.25,0.03,0.19,,,,,,,,,,,,,,27,,,,,,,,,,,,,,,,,,,,,,,,,,,,,,,,,,,,,,,,,,,,,,
06008,foundation,"ไก่ดำ, น่อง, เนื้อและหนัง, ดิบ","Black chicken, drumstic, meat and skin, raw",เนื้อสัตว์,ไม่ระบุ,122,74,24.00,2.90,0.00,0,0.70,,138,,,,1.80,,,,,0,,0,0.12,0.22,1.80,,,,,,,,,,,,,,,,,,,,,,,,,,,,,,,,,,,,,,,,,,,,,,,,,,,,
06003,foundation,"กระรอก, ดิบ","Squirrel, raw",เนื้อสัตว์,ไม่ระบุ,112,72.4,23.01,2.29,0.00,0,5.26,,750,,,,,,,26.53,,,676.00,676,0.08,0.38,4.00,,0.00,,,,,,,,,,,,,,,,,,,,,,,,,,,,,,,,,,,,,,,,,,,,,,,,,,
06004,foundation,"ไก่, ตับ, ดิบ","Chicken, liver, raw",เนื้อสัตว์,ไม่ระบุ,115,76,18.62,4.55,0.00,0,1.35,3,122,14,81,228,5.72,0.12,2.39,,,,,,,,,,,,,,336,,,,,,,,,,,,,,,,,,,,,,,,,,,,,,,,,,,,,,,,,,,,,,
06005,foundation,"ไก่, เนื้อ, ดิบ","Chicken, meat, raw",เนื้อสัตว์,ไม่ระบุ,165,69.5,19.50,9.70,0.00,0,1.30,4,,,,,,,,24.00,,,,,,,,,,,,,,,,,,,,,,,,,,,,,,,,,,,,,,,,,,,,,,,,,,,,,,,,,,,
06009,foundation,"ไก่ดำ, ปีก, เนื้อและหนัง, ดิบ","Black chicken, wing, meat and skin, raw",เนื้อสัตว์,ไม่ระบุ,146,71.7,22.50,6.30,0.00,0,0.60,,113,,,,2.20,,,,,0,,0,0.10,0.20,1.30,,,,,,,,,,,,,,,,,,,,,,,,,,,,,,,,,,,,,,,,,,,,,,,,,,,,
06011,foundation,"ไก่ดำ, หน้าอก, เนื้อและหนัง, ดิบ","Black chicken, breast, meat and skin, raw",เนื้อสัตว์,ไม่ระบุ,114,74.7,23.70,2.20,0.00,0,1.00,,114,,,,1.20,,,,,0,,0,0.11,0.13,3.30,,,,,,,,,,,,,,,,,,,,,,,,,,,,,,,,,,,,,,,,,,,,,,,,,,,,
06010,foundation,"ไก่ดำ, สะโพก, เนื้อและหนัง, ดิบ","Black chicken, thigh, meat and skin, raw",เนื้อสัตว์,ไม่ระบุ,126,73.3,22.70,4.00,0.00,0,0.80,,134,,,,2.40,,,,,0,,0,0.16,0.26,1.60,,,,,,,,,,,,,,,,,,,,,,,,,,,,,,,,,,,,,,,,,,,,,,,,,,,,
06013,foundation,"ไก่บ้าน, น่อง, เนื้อและหนัง, ดิบ","Native chicken, drumstick, meat and skin, raw",เนื้อสัตว์,ไม่ระบุ,119,74.7,21.70,3.60,0.00,0,0.80,,,,,,7.80,,,,,10,,,0.12,0.29,2.40,,,,,,,,,,,,,,,,,,,,,,,,,,,,,,,,,,,,,,,,,,,,,,,,,,,,
06012,foundation,"ไก่บ้าน, กึ๋น, ดิบ","Native chicken, gizzard, raw",เนื้อสัตว์,ไม่ระบุ,111,75.1,20.80,3.10,0.00,0,0.90,,,,,,4.20,,,,,0,,0,0.11,0.41,2.90,,,,,,,,,,,,,,,,,,,,,,,,,,,,,,,,,,,,,,,,,,,,,,,,,,,,
06015,foundation,"ไก่บ้าน, สะโพก, เนื้อและหนัง, ดิบ","Native chicken, thigh, meat and skin, raw",เนื้อสัตว์,ไม่ระบุ,124,74.3,21.10,4.40,0.00,0,0.80,,,,,,,,,,,15,,0,0.12,0.29,2.80,,,,,,,,,,,,,,,,,,,,,,,,,,,,,,,,,,,,,,,,,,,,,,,,,,,,
06017,foundation,"ไก่ป่า, น่อง, เนื้อ, ดิบ","Jungle fowl, drumstick, meat, raw",เนื้อสัตว์,ไม่ระบุ,138,72.3,23.00,5.20,0.00,0,0.90,,283,,,,2.30,,,,,0,,0,0.21,0.22,1.70,,,,,,,,,,,,,,,,,,,,,,,,,,,,,,,,,,,,,,,,,,,,,,,,,,,,
06014,foundation,"ไก่บ้าน, ปีก, เนื้อและหนัง, ดิบ","Native chicken, wing, meat and skin, raw",เนื้อสัตว์,ไม่ระบุ,136,74,22.30,5.30,0.00,0,0.70,,,,,,,,,,,,,,0.06,0.17,,,,,,,,,,,,,,,,,,,,,,,,,,,,,,,,,,,,,,,,,,,,,,,,,,,,,
06016,foundation,"ไก่บ้าน, อก, เนื้อและหนัง, ดิบ","Native chicken, breast, meat and skin, raw",เนื้อสัตว์,ไม่ระบุ,126,73.9,23.60,3.60,0.00,0,1.00,,,,,,2.80,,,,,0,,0,0.10,0.12,2.70,,,,,,,,,,,,,,,,,,,,,,,,,,,,,,,,,,,,,,,,,,,,,,,,,,,,
06018,foundation,"ไก่ป่า, ปีก, เนื้อและหนัง, ดิบ","Jungle fowl, wing, meat and skin, raw",เนื้อสัตว์,ไม่ระบุ,187,66.4,22.20,11.00,0.00,0,0.80,,164,,,,1.70,,,,,0,,0,0.08,0.11,2.10,,,,,,,,,,,,,,,,,,,,,,,,,,,,,,,,,,,,,,,,,,,,,,,,,,,,
06020,foundation,"ไก่ป่า, หน้าอก, เนื้อและหนัง, ดิบ","Jungle fowl, breast, meat and skin, raw",เนื้อสัตว์,ไม่ระบุ,178,67.9,24.30,9.00,0.00,0,1.30,,146,,,,1.10,,,,,14,,,0.14,0.15,1.50,,,,,,,,,,,,,,,,,,,,,,,,,,,,,,,,,,,,,,,,,,,,,,,,,,,,
06021,foundation,"เขียด, ทั้งตัว, ดิบ","Frog, small, raw",เนื้อสัตว์,ไม่ระบุ,82,79.7,17.18,1.53,0.00,0,3.84,,526,,,,,,,18.07,,,,,0.09,0.45,1.40,,,,,,,,,,,,,,,,,,,,,,,,,,,,,,,,,,,,,,,,,,,,,,,,,,,,
06019,foundation,"ไก่ป่า, สะโพก, เนื้อและหนัง, ดิบ","Jungle fowl, thigh, meat and skin, raw",เนื้อสัตว์,ไม่ระบุ,217,64.1,20.20,15.20,0.00,0,0.90,,147,,,,3.90,,,,,36,,,0.11,0.23,1.80,,,,,,,,,,,,,,,,,,,,,,,,,,,,,,,,,,,,,,,,,,,,,,,,,,,,
06023,foundation,"แคบหมู, มีมัน","Pork skin, with fat, deep fried",เนื้อสัตว์,ไม่ระบุ,625,1.8,48.90,47.80,0.00,0,2.10,29,69,,,,2.10,,,,,,8.00,8,0.08,0.16,2.00,0,0.42,,,,,,,,,,,,,,,,,,,,,,,,,,,,,,,,,,,,,,,,,,,,,,,,,,
06024,foundation,"แคบหมู, ไม่มีมัน","Pork skin, with out fat, deep fried",เนื้อสัตว์,ไม่ระบุ,514,2.9,56.40,27.00,11.50,0,2.20,27,55,,,,3.40,,,,,,0.00,0,0.02,0.10,2.40,0,0.17,,,,,,,,,,,,,,,,,,,,,,,,,,,,,,,,,,,,,,,,,,,,,,,,,,
06022,foundation,"เขียด, เนื้อ, ดิบ","Frog,small, meat, raw",เนื้อสัตว์,ไม่ระบุ,46,87.1,9.50,0.60,0.70,0,2.10,29,69,,,,2.10,,,,,,,,0.23,0.13,0.50,,,,,,,,,,,,,,,,,,,,,,,,,,,,,,,,,,,,,,,,,,,,,,,,,,,,
06025,foundation,"นกกระทา, ดิบ","Quail, raw",เนื้อสัตว์,ไม่ระบุ,116,72,18.48,4.69,0.00,0,5.31,,,,92,245,,tr,tr,26.14,,,71.00,71,0.08,0.33,4.41,,0.73,,,,,,,,,,,,,,,,,,,,,,,,,,,,,,,,,,,,,,,,,,,,,,,,,,
06026,foundation,"เป็ด, เนื้อ, ดิบ","Duck, meat, raw",เนื้อสัตว์,ไม่ระบุ,199,70.2,13.40,16.20,0.00,0,0.50,15,123,,,,1.70,,,,,,,,0.10,0.25,5.40,0,,,,,,,,,,,,,,,,,,,,,,,,,,,,,,,,,,,,,,,,,,,,,,,,,,,
06027,foundation,"เป็ด, เลือด, สุก","Duck, blood, cooked",เนื้อสัตว์,ไม่ระบุ,15,86.8,10.36,0.13,1.75,0,0.92,6,75,4,443,1072,12.40,0.06,0.20,,,,,,,,,,,,,,70,,,,,,,,,,,,,,,,,,,,,,,,,,,,,,,,,,,,,,,,,,,,,,
06028,foundation,"แพะ, เนื้อ, ดิบ","Goat, meat, raw",เนื้อสัตว์,ไม่ระบุ,93,79.4,20.50,1.22,0.00,0,0.85,,148,16,96,1080,1.37,,4.57,,,,,,,,,,,,,,,,,,,,,,,,,,,,,,,,,,,,,,,,,,,,,,,,,,,,,,,,,,,,
06032,foundation,"วัว, เนื้อ, ดิบ","Beef, meat, raw",เนื้อสัตว์,ไม่ระบุ,133,69.5,20.30,4.80,2.30,0,3.10,4,,,,,,,,,,,,,,,,,,,,,65,,,,,,,,,,,,,,,,,,,,,,,,,,,,,,,,,,,,,,,,,,,,,,
06031,foundation,"วัว, กระเพาะ, สุก","Beef, abomasum, cooked",เนื้อสัตว์,ไม่ระบุ,173,72.7,14.11,13.03,0.00,0,0.41,15,66,9,48,66,,0.06,1.86,6.03,,,37.10,37,0.02,0.18,2.24,,0.52,,,,176,,,,,,,,,,,,,,,,,,,,,,,,,,,,,,,,,,,,,,,,,,,,,,
06029,foundation,"แย้, แห้ง","Ground lizzard, dried",เนื้อสัตว์,ไม่ระบุ,253,11.6,52.60,4.50,0.70,0,30.60,,,,,,,,,,,,,,,,,,,,,,,,,,,,,,,,,,,,,,,,,,,,,,,,,,,,,,,,,,,,,,,,,,,,
06030,foundation,"ลูกอ๊อด/ลูกฮวก, ดิบ","Tadpole, raw",เนื้อสัตว์,ไม่ระบุ,65,86.7,11.42,2.20,0.00,0,2.17,,198,,,,,,,19.33,,,138.00,138,0.01,0.40,1.59,,1.28,,,,,,,,,,,,,,,,,,,,,,,,,,,,,,,,,,,,,,,,,,,,,,,,,,
06033,foundation,"วัว, เนื้อคอโหนกไหล่, ดิบ","Beef, hump, raw",เนื้อสัตว์,ไม่ระบุ,193,67,20.24,12.49,0.00,0,0.81,4,,19,54,391,,0.09,3.79,2.86,,,11.03,11,0.03,0.21,4.77,,0.45,,,,56,,,,,,,,,,,,,,,,,,,,,,,,,,,,,,,,,,,,,,,,,,,,,,
06034,foundation,"วัว, เนื้อแดดเดียว, ดิบ","Beef, meat, sundried , raw",เนื้อสัตว์,ไม่ระบุ,138,61.3,30.60,1.50,0.70,0,5.90,31,227,,,,7.50,,,,,,,,0.08,0.19,3.60,0,,,,,,,,,,,,,,,,,,,,,,,,,,,,,,,,,,,,,,,,,,,,,,,,,,,
06039,foundation,"วัว, รก, ดิบ","Beef, placenta, raw",เนื้อสัตว์,ไม่ระบุ,69,88.7,11.59,2.55,0.00,0,0.25,,,,,,,,,,,,,,0.10,0.13,2.22,,,,,,118,,,,,,,,,,,,,,,,,,,,,,,,,,,,,,,,,,,,,,,,,,,,,,
06035,foundation,"วัว, เนื้อติดมัน, ทอด","Beef, medium fat, fried",เนื้อสัตว์,ไม่ระบุ,411,18.7,46.10,21.90,7.50,0,5.80,,372,,,,1.90,,,,,,,,0.01,,4.80,,,,,,,,,,,,,,,,,,,,,,,,,,,,,,,,,,,,,,,,,,,,,,,,,,,,
06040,foundation,"วัว, ลำไส้, สุก","Beef, intestine, cooked",เนื้อสัตว์,ไม่ระบุ,353,54.6,11.53,34.11,0.00,0,0.43,12,101,8,32,60,0.61,0.05,1.59,6.44,,,34.53,35,0.01,0.16,3.11,,1.56,,,,198,,,,,,,,,,,,,,,,,,,,,,,,,,,,,,,,,,,,,,,,,,,,,,
06036,foundation,"วัว, เนื้อสันใน, ดิบ","Beef, tenderloin, raw",เนื้อสัตว์,ไม่ระบุ,102,77.7,20.09,2.47,0.00,0,0.97,5,118,21,79,391,,0.11,5.91,5.38,,,19.42,19,0.02,0.21,4.08,,0.22,,,,53,,,,,,,,,,,,,,,,,,,,,,,,,,,,,,,,,,,,,,,,,,,,,,
06038,foundation,"วัว, ผ้าขี้ริ้ว, ดิบ","Beef, rumen, raw",เนื้อสัตว์,ไม่ระบุ,63,85.8,11.84,1.66,0.26,0,0.42,37,65,11,42,39,,0.08,2.10,4.52,,,6.92,6,0.02,0.41,0.98,,0.13,,,,114,,,,,,,,,,,,,,,,,,,,,,,,,,,,,,,,,,,,,,,,,,,,,,
06037,foundation,"วัว, ปอด, ดิบ","Beef, lung, raw",เนื้อสัตว์,ไม่ระบุ,82,80.8,15.83,2.00,0.40,0,0.93,10,140,11,139,322,,0.08,1.70,8.43,,,6.76,6,0.04,0.35,4.95,,0.77,,,,342,,,,,,,,,,,,,,,,,,,,,,,,,,,,,,,,,,,,,,,,,,,,,,
06041,foundation,"วัว, ลูกชิ้น, ทอด","Beef, meat ball, fried",เนื้อสัตว์,ไม่ระบุ,224,52.7,16.40,10.10,17.10,0,3.70,8,857,,,,1.20,,,,,,,,0.05,0.13,,,,,,,,,,,,,,,,,,,,,,,,,,,,,,,,,,,,,,,,,,,,,,,,,,,,,
06042,foundation,"วัว, เหงือก, ทอด","Beef, gill, fried",เนื้อสัตว์,ไม่ระบุ,417,14.8,66.70,16.70,0.00,0,4.40,58,337,,,,2.40,,,,,,,,0.01,4.14,6.70,,,,,,,,,,,,,,,,,,,,,,,,,,,,,,,,,,,,,,,,,,,,,,,,,,,,
06043,foundation,"ไส้กรอกคอกเทล, ไก่","Cocktail, sausage, chicken",เนื้อสัตว์,ไม่ระบุ,219,63.3,11.55,16.15,7.04,0,2.01,18,,19,599,157,0.33,tr,0.82,13.52,,,21.00,21,0.16,0.10,1.71,,0.29,,,,,,,,,,,,,,,,,,,,,,,,,,,,,,,,,,,,,,,,,,,,,,,,,,
06046,foundation,"ไส้กรอกเวียนนา, หมู","Vienna, sausage, pork",เนื้อสัตว์,ไม่ระบุ,262,59.7,14.50,21.80,2.10,0,1.90,4,,,,,,,,,,,,,,,,,,,,,,,,,,,,,,,,,,,,,,,,,,,,,,,,,,,,,,,,,,,,,,,,,,,
06044,foundation,"ไส้กรอกคอกเทล, หมู","Cocktail, sausage, pork",เนื้อสัตว์,ไม่ระบุ,241,60.2,11.78,18.42,7.19,0,2.38,19,,15,712,151,2.09,0.20,1.23,24.26,,,11.00,11,0.25,0.12,1.45,,0.33,,,,,,,,,,,,,,,,,,,,,,,,,,,,,,,,,,,,,,,,,,,,,,,,,,
06047,foundation,"ไส้กรอกหมุ, ทอด","Pork, sausage, fried",เนื้อสัตว์,ไม่ระบุ,408,35.7,9.30,32.20,20.40,0,2.40,96,1080,,,,0.50,,,,,,,,tr,0.08,,0,,,,,77,,,,,,,,,,,,,,,,,,,,,,,,,,,,,,,,,,,,,,,,,,,,,,
06045,foundation,"ไส้กรอกเวียนนา, ไก่","Vienna, sausage, chicken",เนื้อสัตว์,ไม่ระบุ,335,53,12.40,31.00,1.70,0,1.90,3,,,,,,,,,,,,,,,,,,,,,,,,,,,,,,,,,,,,,,,,,,,,,,,,,,,,,,,,,,,,,,,,,,,
06049,foundation,"หนูนา, เนื้อ, ดิบ","Rat, meat, raw",เนื้อสัตว์,ไม่ระบุ,218,63.7,16.73,15.46,3.12,0,0.97,,,,,,,,,6.29,,,187.53,187,0.09,0.35,4.21,,1.97,,,,96,,,,,,,,,,,,,,,,,,,,,,,,,,,,,,,,,,,,,,,,,,,,,,
06048,foundation,"ไส้อั่ว, ดิบ","Pork, sausage, northern style, raw",เนื้อสัตว์,ไม่ระบุ,419,37.4,18.00,36.10,5.70,0,2.80,57,144,,,,1.00,,,,,18,0.00,2,0.10,0.32,3.10,0,0.32,,,,,,,,,,,,,,,,,,,,,,,,,,,,,,,,,,,,,,,,,,,,,,,,,,
06050,foundation,"หมู, เนื้อ, ดิบ","Pork, meat, raw",เนื้อสัตว์,ไม่ระบุ,109,75.8,19.60,3.30,0.40,0,0.90,2,,,,,,,,,,,,,0.69,0.26,5.70,0,,,,,,,,,,,,,,,,,,,,,,,,,,,,,,,,,,,,,,,,,,,,,,,,,,,
06051,foundation,"หมู, ปอด, ดิบ","Pork, lung, raw",เนื้อสัตว์,ไม่ระบุ,87,81.5,13.34,3.47,0.70,0,0.96,23,171,12,155,348,47.60,tr,1.44,3.51,,,5.61,5,0.11,0.33,3.53,0,0.50,,,,320,,,,,,,,,,,,,,,,,,,,,,,,,,,,,,,,,,,,,,,,,,,,,,
06052,foundation,"หมู, เลือด, สุก","Pork, blood, cooked",เนื้อสัตว์,ไม่ระบุ,44,89.9,10.63,0.17,0.00,0,0.61,17,12,4,177,40,24.44,tr,tr,5.30,,0,16.64,16,0.01,0.05,0.82,0,0.00,,,,49,,,,,,,,,,,,,,,,,,,,,,,,,,,,,,,,,,,,,,,,,,,,,,
06053,foundation,"หมู, กระเพาะ, ดิบ","Pork, stomach, raw",เนื้อสัตว์,ไม่ระบุ,154,63.4,12.40,2.10,21.60,0,0.50,18,94,,,,,,,,,,,,,,,,,,,,181,,,,,,,,,,,,,,,,,,,,,,,,,,,,,,,,,,,,,,,,,,,,,,
06055,foundation,"หมู, เนื้อซี่โครงอ่อน, ดิบ","Pork, spare ribs, raw",เนื้อสัตว์,ไม่ระบุ,216,65.1,17.33,16.10,0.68,0,0.78,8,,16,84,436,,0.06,2.43,2.15,,,20.95,20,0.54,0.26,5.93,,0.44,,,,63,,,,,,,,,,,,,,,,,,,,,,,,,,,,,,,,,,,,,,,,,,,,,,
06057,foundation,"หมู, มัน, ดิบ","Pork, fat, raw",เนื้อสัตว์,ไม่ระบุ,713,15.2,4.70,76.00,2.70,0,1.40,2,,,,,,,,,,,,,,,,,,,,,,,,,,,,,,,,,,,,,,,,,,,,,,,,,,,,,,,,,,,,,,,,,,,
06054,foundation,"หมู, ตับ, ดิบ","Pork, liver, raw",เนื้อสัตว์,ไม่ระบุ,116,73.2,19.80,3.00,2.60,0,1.40,11,232,,,,10.50,,,,,,4204.00,4204,0.29,3.30,13.60,0,,,,,364,,,,,,,,,,,,,,,,,,,,,,,,,,,,,,,,,,,,,,,,,,,,,,
06056,foundation,"หมู, เบคอน","Pork, Bacon",เนื้อสัตว์,ไม่ระบุ,416,44.4,13.52,40.11,0.35,0,1.60,,,,,,,,,4.87,,,0.00,0,0.37,0.11,3.29,,0.00,,,,,,,,,,,,,,,,,,,,,,,,,,,,,,,,,,,,,,,,,,,,,,,,,,
06058,foundation,"หมู, ยอ (Pork, sausage, steamed (Moo-yor))","Pork, sausage, steamed (Moo-yor",เนื้อสัตว์,ไม่ระบุ,341,50.9,13.10,30.50,3.60,0,1.90,17,130,,,,tr,,,,,0,0.00,0,0.21,0.09,3.40,0,,,,,,,,,,,,,,,,,,,,,,,,,,,,,,,,,,,,,,,,,,,,,,,,,,,
06059,foundation,"หมู, ลูกชิ้น,  ทอด","Pork, meat ball, fried",เนื้อสัตว์,ไม่ระบุ,372,38.8,13.90,27.90,16.40,0,3.00,27,785,,,,0.90,,,,,,2.00,2,0.04,0.08,,,,,,,,,,,,,,,,,,,,,,,,,,,,,,,,,,,,,,,,,,,,,,,,,,,,,
06060,foundation,"หมู, สันคอ, ดิบ","Pork, shoulder, raw",เนื้อสัตว์,ไม่ระบุ,188,69.3,17.73,13.10,0.00,0,0.96,5,,20,55,375,,0.06,2.69,2.40,,0,6.43,6,0.79,0.25,4.12,,0.10,,,,58,,,,,,,,,,,,,,,,,,,,,,,,,,,,,,,,,,,,,,,,,,,,,,
06062,foundation,"หมู, หนัง, ดิบ","Pork, skin, raw",เนื้อสัตว์,ไม่ระบุ,305,49.4,28.00,21.10,0.90,0,0.60,3,23,,,,,,,,,,30.00,30,0.05,0.07,0.60,0,,,,,34,,,,,,,,,,,,,,,,,,,,,,,,,,,,,,,,,,,,,,,,,,,,,,
06063,foundation,"หมู, หยอง","Pork, shreded",เนื้อสัตว์,ไม่ระบุ,356,9.8,43.10,5.70,33.30,0,8.10,61,216,,,,17.80,,,,,,,,0.32,0.29,5.60,0,,,,,,,,,,,,,,,,,,,,,,,,,,,,,,,,,,,,,,,,,,,,,,,,,,,
06061,foundation,"หมู, สันใน, ดิบ","Pork, tender loin, raw",เนื้อสัตว์,ไม่ระบุ,119,74.1,21.31,3.77,0.00,0,1.09,4,173,26,49,432,,tr,1.83,3.33,,,5.34,5,1.02,0.25,7.43,,0.43,,,,54,,,,,,,,,,,,,,,,,,,,,,,,,,,,,,,,,,,,,,,,,,,,,,
06064,foundation,"หมู, แหนม",Fermented pork,เนื้อสัตว์,ไม่ระบุ,185,62.8,20.20,9.90,3.80,0,3.30,15,132,,,,1.30,,,,,,,,0.24,0.10,3.80,0,,,,,,,,,,,,,,,,,,,,,,,,,,,,,,,,,,,,,,,,,,,,,,,,,,,
06065,foundation,"หมู, แฮม","Pork, ham, raw",เนื้อสัตว์,ไม่ระบุ,109,72.7,19.82,2.50,1.96,0,3.00,,,,,,,,,4.68,,,0.00,0,0.42,0.16,4.66,,0.00,,,,,,,,,,,,,,,,,,,,,,,,,,,,,,,,,,,,,,,,,,,,,,,,,,
06066,foundation,ไส้กรอกไก่ (),,เนื้อสัตว์,ไม่ระบุ,216,61,8.90,13.54,14.61,0,1.96,51,194,11,594,121,0.90,0.00,0.77,0.00,,0,0.00,0,0.00,0.00,0.00,0,0.00,,,0.00,0,,,,,,,,,,,,,,,,,,,,,,,,,,,,,,,,,,,,,,,,,,,,,,
06067,foundation,ไส้กรอกคอกเทลรมควันคลาสสิค (ไก่ผสมหมู)  (),,เนื้อสัตว์,ไม่ระบุ,220,62.4,13.60,15.80,5.81,0,2.40,0,211,0,0,0,0.00,0.00,0.00,0.00,,0,0.00,0,0.00,0.00,0.00,0,0.00,,,0.00,0,,,,,,,,,,,,,,,,,,,,,,,,,,,,,,,,,,,,,,,,,,,,,,
06068,foundation,เนื้อสันคอโคขุนโพนยางคำ (จ.สกลนคร) (),,เนื้อสัตว์,ไม่ระบุ,240,60.8,20.58,17.36,0.33,,0.91,5,148,19,63,256,2.12,0.15,5.01,1.00,,3,13.00,13,,0.04,,0,0.43,69.07,,tr,75,,,,,,,,,,,,,,,,,,,,,,,,,,,,,,,,,,,,,,,,,,,3.27,,,
07001,foundation,"กระเพาะปลา, ทอด","Fish, maw, fried",ปลา  กุ้ง  สัตว์น้ำอื่นๆ และผลิตภัณฑ์,ไม่ระบุ,682,4.6,38.30,58.80,0.00,0,0.40,46,33,,,,tr,,,,,0,0.00,0,,0.70,0.60,,,,,,,,,,,,,,,,,,,,,,,,,,,,,,,,,,,,,,,,,,,,,,,,,,,,
07004,foundation,"กุ้งเคย, สด","Krill/ small shrimp, raw",ปลา  กุ้ง  สัตว์น้ำอื่นๆ และผลิตภัณฑ์,ไม่ระบุ,61,84,12.00,1.00,1.00,0,2.00,,205,,,,3.40,,,69.00,,,,,0.05,0.14,3.10,,,,,,,,,,,,,,,,,,,,,,,,,,,,,,,,,,,,,,,,,,,,,,,,,,,,
07003,foundation,"กุ้งกุลาดำ, หัว, สด","Giant tiger prawn, head, raw",ปลา  กุ้ง  สัตว์น้ำอื่นๆ และผลิตภัณฑ์,ไม่ระบุ,119,74,14.30,4.40,5.70,0,1.60,17,168,,,,tr,,,,,,,,0.14,,2.10,,,,,,,,,,,,,,,,,,,,,,,,,,,,,,,,,,,,,,,,,,,,,,,,,,,,
07002,foundation,"กุ้งกุลาดำ, เนื้อ, สด","Giant tiger prawn, body, raw",ปลา  กุ้ง  สัตว์น้ำอื่นๆ และผลิตภัณฑ์,ไม่ระบุ,92,80.3,20.10,1.30,0.00,0,1.10,8,140,,,,tr,,,,,,,,0.03,,3.50,,,,,,,,,,,,,,,,,,,,,,,,,,,,,,,,,,,,,,,,,,,,,,,,,,,,
07005,foundation,"กุ้งจ่อม, กุ้งหมักข้าวคั่ว","Small shrimp, fermented",ปลา  กุ้ง  สัตว์น้ำอื่นๆ และผลิตภัณฑ์,ไม่ระบุ,135,59.2,12.30,1.60,17.90,0,9.00,449,32,,,,3.20,,,,,,,3,0.06,,3.20,,,,,,,,,,,,,,,,,,,,,,,,,,,,,,,,,,,,,,,,,,,,,,,,,,,,
07006,foundation,"กุ้งฝอย, สด","Lanchester's fresh water, prawn, raw",ปลา  กุ้ง  สัตว์น้ำอื่นๆ และผลิตภัณฑ์,ไม่ระบุ,88,77.6,15.40,2.70,0.60,0,3.70,1339,247,,,,28.00,,,,,53,0.00,4,0.07,0.72,2.90,,,,,,,,,,,,,,,,,,,,,,,,,,,,,,,,,,,,,,,,,,,,,,,,,,,,
07007,foundation,"กุ้งส้ม, กุ้งหมัก","Shrimp, fermented",ปลา  กุ้ง  สัตว์น้ำอื่นๆ และผลิตภัณฑ์,ไม่ระบุ,58,79.1,7.20,0.60,6.00,0,7.10,446,95,,,,5.30,,,,,0,0.00,0,0.09,0.59,1.40,,,,,,,,,,,,,,,,,,,,,,,,,,,,,,,,,,,,,,,,,,,,,,,,,,,,
07008,foundation,"กุ้งตัวเล็ก, แห้ง","Shrimp, dried",ปลา  กุ้ง  สัตว์น้ำอื่นๆ และผลิตภัณฑ์,ไม่ระบุ,262,16.1,46.40,2.90,12.80,0,21.80,2305,625,,,,20.00,,,,,,,,0.05,0.20,5.70,,,,,,,,,,,,,,,,,,,,,,,,,,,,,,,,,,,,,,,,,,,,,,,,,,,,
07009,foundation,ไตปลากระบอก,"Bluespot gray mullet, viscera, fermented",ปลา  กุ้ง  สัตว์น้ำอื่นๆ และผลิตภัณฑ์,ไม่ระบุ,89,65.3,9.70,4.40,2.80,0,17.80,,317,,,,tr,,,,,14338,122.00,1194,0.01,0.50,1.60,,,,,,,,,,,,,,,,,,,,,,,,,,,,,,,,,,,,,,,,,,,,,,,,,,,,
07010,foundation,น้ำปู/น้ำปู๋,Crab paste,ปลา  กุ้ง  สัตว์น้ำอื่นๆ และผลิตภัณฑ์,ไม่ระบุ,210,42.7,26.00,9.10,6.10,0,16.10,2167,436,,,,39.00,,,,,3576,20.00,298,0.07,4.91,6.70,13,,,,,,,,,,,,,,,,,,,,,,,,,,,,,,,,,,,,,,,,,,,,,,,,,,,
07013,foundation,"ปลากระบอก, สด","Bluespot gray mullet, raw",ปลา  กุ้ง  สัตว์น้ำอื่นๆ และผลิตภัณฑ์,ไม่ระบุ,97,76.5,20.50,1.60,0.30,0,1.10,108,194,,,,0.80,,,28.00,,0,20.00,0,0.04,0.25,4.10,,,,,,,,,,,,,,,,,,,,,,,,,,,,,,,,,,,,,,,,,,,,,,,,,,,,
07014,foundation,"ปลากราย, สด","Spotted featherback fish, raw",ปลา  กุ้ง  สัตว์น้ำอื่นๆ และผลิตภัณฑ์,ไม่ระบุ,84,79.9,17.50,1.60,0.00,0,1.00,45,172,,,,1.20,,,,,,,,0.04,0.07,8.50,,,,,,,,,,,,,,,,,,,,,,,,,,,,,,,,,,,,,,,,,,,,,,,,,,,,
07011,foundation,"ปลากาเนื้อ, สด","Sharkminnow, raw",ปลา  กุ้ง  สัตว์น้ำอื่นๆ และผลิตภัณฑ์,ไม่ระบุ,97,77.5,18.48,2.48,0.35,0,1.20,,209,,,,,,,48.53,,,,,0.00,0.11,1.67,,,,,,,,,,,,,,,,,,,,,,,,,,,,,,,,,,,,,,,,,,,,,,,,,,,,
07012,foundation,"ปลากดทะเล, แห้ง","Catfish, sea, dried",ปลา  กุ้ง  สัตว์น้ำอื่นๆ และผลิตภัณฑ์,ไม่ระบุ,218,34,48.00,2.80,0.40,0,14.80,770,943,,,,8.00,,,67.00,,0,0.00,0,tr,0.02,0.60,,,,,,,,,,,,,,,,,,,,,,,,,,,,,,,,,,,,,,,,,,,,,,,,,,,,
07015,foundation,"ปลากะพงขาว, สด","Giant seaperch, raw",ปลา  กุ้ง  สัตว์น้ำอื่นๆ และผลิตภัณฑ์,ไม่ระบุ,100,76.5,21.34,1.64,0.00,0,1.09,10,160,26,,1086,0.70,0.20,0.33,,,,,,,,,,,,,,,,,,,,,,,,,,,,,,,,,,,,,,,,,,,,,,,,,,,,,,,,,,,,
07017,foundation,"ปลาแขยง, เนื้อหนัง, สด","Catfish, raw",ปลา  กุ้ง  สัตว์น้ำอื่นๆ และผลิตภัณฑ์,ไม่ระบุ,115,75.5,15.89,5.77,0.01,0,2.84,,,,,,,,,18.98,,,,9,0.00,0.08,1.18,,0.96,,,,,,,,,,,,,,,,,,,,,,,,,,,,,,,,,,,,,,,,,,,,,,,,,,
07016,foundation,"ปลาเก๋า, สด","Grouper, raw",ปลา  กุ้ง  สัตว์น้ำอื่นๆ และผลิตภัณฑ์,ไม่ระบุ,29,79.8,20.03,0.32,1.13,0,1.02,2,142,26,,615,0.49,0.07,0.25,,,,,,,,,,,,,,,,,,,,,,,,,,,,,,,,,,,,,,,,,,,,,,,,,,,,,,,,,,,,
07019,foundation,"ปลาข้าวสาร, เค็ม ( Anchovy, salted)",,ปลา  กุ้ง  สัตว์น้ำอื่นๆ และผลิตภัณฑ์,ไม่ระบุ,164,51.8,32.56,3.82,0.00,0,12.76,,666,,,,,,,72.82,,,,,0.01,0.06,3.29,,,,,,,,,,,,,,,,,,,,,,,,,,,,,,,,,,,,,,,,,,,,,,,,,,,,
07021,foundation,"ปลาซิว, ปลาเจ่า (Fish, fermented (pla-chaw))","Fish, fermented (pla-chaw",ปลา  กุ้ง  สัตว์น้ำอื่นๆ และผลิตภัณฑ์,ไม่ระบุ,117,66.9,12.20,5.60,4.50,0,10.80,326,171,,,,7.00,,,,,,,,0.01,0.84,3.40,,,,,,,,,,,,,,,,,,,,,,,,,,,,,,,,,,,,,,,,,,,,,,,,,,,,
07018,foundation,"ปลาขาว, สด","Siamese mud carp, raw",ปลา  กุ้ง  สัตว์น้ำอื่นๆ และผลิตภัณฑ์,ไม่ระบุ,90,78.4,18.08,2.01,0.08,0,1.44,25,,,47,324,,tr,tr,10.92,,,,20,0.00,0.10,1.46,,0.75,,,,,,,,,,,,,,,,,,,,,,,,,,,,,,,,,,,,,,,,,,,,,,,,,,
07020,foundation,"ปลาคัง, สด","Asian redtail catfish, raw",ปลา  กุ้ง  สัตว์น้ำอื่นๆ และผลิตภัณฑ์,ไม่ระบุ,80,80.2,17.92,0.95,0.00,0,1.04,4,,25,73,319,7.54,tr,tr,10.20,,,,7,0.01,0.06,2.51,,0.66,,,,,,,,,,,,,,,,,,,,,,,,,,,,,,,,,,,,,,,,,,,,,,,,,,
07022,foundation,"ปลาโจก, สด","Soldier river barb, raw",ปลา  กุ้ง  สัตว์น้ำอื่นๆ และผลิตภัณฑ์,ไม่ระบุ,169,70.4,18.12,10.83,0.00,0,1.05,,,,,,,,,16.06,,,,124,0.00,0.15,3.71,,0.65,,,,,,,,,,,,,,,,,,,,,,,,,,,,,,,,,,,,,,,,,,,,,,,,,,
07024,foundation,"ปลาช่อน, สด","Striped snake-head fish, raw",ปลา  กุ้ง  สัตว์น้ำอื่นๆ และผลิตภัณฑ์,ไม่ระบุ,121,73.1,20.50,3.80,1.40,0,1.20,31,218,,,,5.80,,,,,0,0.00,0,0.09,0.12,1.10,,,,,,,,,,,,,,,,,,,,,,,,,,,,,,,,,,,,,,,,,,,,,,,,,,,,
07023,foundation,"ปลาจาระเม็ดน้ำจืด/ปลาคู้, สด","Bellied pacu, raw",ปลา  กุ้ง  สัตว์น้ำอื่นๆ และผลิตภัณฑ์,ไม่ระบุ,179,70.8,17.29,12.29,0.00,0,1.22,16,213,25,61,325,8.34,tr,tr,8.10,,,,,0.00,0.15,2.27,,0.34,,,,,,,,,,,,,,,,,,,,,,,,,,,,,,,,,,,,,,,,,,,,,,,,,,
07025,foundation,"ปลาช่อนทะเล, แห้ง","Cobia, dried",ปลา  กุ้ง  สัตว์น้ำอื่นๆ และผลิตภัณฑ์,ไม่ระบุ,185,38.6,41.80,2.00,0.00,0,17.70,508,858,,,,4.30,,,,,,,,0.02,0.04,17.40,,,,,,,,,,,,,,,,,,,,,,,,,,,,,,,,,,,,,,,,,,,,,,,,,,,,
07027,foundation,"ปลาดุก, สด","Fresh-water catfish, raw",ปลา  กุ้ง  สัตว์น้ำอื่นๆ และผลิตภัณฑ์,ไม่ระบุ,113,74.8,23.00,2.40,0.00,0,1.40,13,282,,,,8.10,,,,,,,,0.20,0.24,1.30,,,,,,,,,,,,,,,,,,,,,,,,,,,,,,,,,,,,,,,,,,,,,,,,,,,,
07026,foundation,"ปลาซาบะ, สด","Saba, raw",ปลา  กุ้ง  สัตว์น้ำอื่นๆ และผลิตภัณฑ์,ไม่ระบุ,218,64.4,18.03,16.20,0.03,0,1.38,9,181,19,292,432,1.31,tr,0.52,129.73,,,34.00,34,0.09,0.29,7.71,,0.61,,,,,,,,,,,,,,,,,,,,,,,,,,,,,,,,,,,,,,,,,,,,,,,,,,
07028,foundation,"ปลาแดง,  สด","Orante threadfin bream, raw",ปลา  กุ้ง  สัตว์น้ำอื่นๆ และผลิตภัณฑ์,ไม่ระบุ,119,72.7,20.40,3.10,2.50,0,1.30,,287,,,,1.40,,,47.00,,,,,,,,,,,,,,,,,,,,,,,,,,,,,,,,,,,,,,,,,,,,,,,,,,,,,,,,,,,
07031,foundation,"ปลาตะเพียน, สด","Common silver barb, raw",ปลา  กุ้ง  สัตว์น้ำอื่นๆ และผลิตภัณฑ์,ไม่ระบุ,110,74.7,20.40,3.20,0.10,0,1.60,117,236,,,,5.60,,,,,,,,0.03,0.01,2.70,,,,,,,,,,,,,,,,,,,,,,,,,,,,,,,,,,,,,,,,,,,,,,,,,,,,
07029,foundation,"ปลาดอกหมาก, ขูดเนื้อ, สด","Whipfin silver-biddy, raw",ปลา  กุ้ง  สัตว์น้ำอื่นๆ และผลิตภัณฑ์,ไม่ระบุ,90,78,20.26,1.00,0.00,0,1.66,,266,,,,,,,22.89,,,,,0.05,0.10,2.18,,0.28,,,,,,,,,,,,,,,,,,,,,,,,,,,,,,,,,,,,,,,,,,,,,,,,,,
07030,foundation,"ปลาตะโกก, สด","Soldier river barb, raw",ปลา  กุ้ง  สัตว์น้ำอื่นๆ และผลิตภัณฑ์,ไม่ระบุ,92,78.2,18.70,1.89,0.11,0,1.06,,,,,,,,,20.54,,,,103,0.00,0.07,3.28,,0.19,,,,,,,,,,,,,,,,,,,,,,,,,,,,,,,,,,,,,,,,,,,,,,,,,,
07032,foundation,"ปลาตาเดียว/ปลาซีกเดียว, สด","Indian Hilabut, raw",ปลา  กุ้ง  สัตว์น้ำอื่นๆ และผลิตภัณฑ์,ไม่ระบุ,89,77,20.60,0.60,0.40,0,1.40,,,,,,,,,30.00,,,,,,,,,,,,,,,,,,,,,,,,,,,,,,,,,,,,,,,,,,,,,,,,,,,,,,,,,,,
07033,foundation,"ปลาตาโต, สด","Purple spotted bigeye, raw",ปลา  กุ้ง  สัตว์น้ำอื่นๆ และผลิตภัณฑ์,ไม่ระบุ,116,76.7,21.30,3.50,0.00,0,1.10,,,,,,,,,,,,,,,,,,,,,,,,,,,,,,,,,,,,,,,,,,,,,,,,,,,,,,,,,,,,,,,,,,,,
07034,foundation,"ปลาทู, นึ่ง","Short-body, mackerel, steamed",ปลา  กุ้ง  สัตว์น้ำอื่นๆ และผลิตภัณฑ์,ไม่ระบุ,135,67,24.90,4.00,0.00,0,4.40,163,640,,,,3.00,,,50.00,,0,0.00,0,0.09,0.10,6.10,,,,,,,,,,,,,,,,,,,,,,,,,,,,,,,,,,,,,,,,,,,,,,,,,,,,
07038,foundation,"ปลาทูน่า, ในน้ำสลัด","Tuna, in mayonnaise",ปลา  กุ้ง  สัตว์น้ำอื่นๆ และผลิตภัณฑ์,ไม่ระบุ,85,79.2,13.40,2.30,2.90,0,2.20,,,,,,,,,,,,,10,0.16,,6.50,,,,,,,,,,,,,,,,,,,,,,,,,,,,,,,,,,,,,,,,,,,,,,,,,,,,
07036,foundation,"ปลาทูน่า, สด","Tuna, raw",ปลา  กุ้ง  สัตว์น้ำอื่นๆ และผลิตภัณฑ์,ไม่ระบุ,110,72.5,24.80,1.20,0.00,0,1.50,,,,,,,,,,,,,,0.11,0.12,2.50,0,,,,,,,,,,,,,,,,,,,,,,,,,,,,,,,,,,,,,,,,,,,,,,,,,,,
07037,foundation,"ปลาทูน่า, ในน้ำมัน","Tuna, in oil",ปลา  กุ้ง  สัตว์น้ำอื่นๆ และผลิตภัณฑ์,ไม่ระบุ,217,60.4,23.50,13.50,0.50,0,2.10,,,,,,,,,,,,,,0.22,,10.10,,,,,,,,,,,,,,,,,,,,,,,,,,,,,,,,,,,,,,,,,,,,,,,,,,,,
07035,foundation,"ปลาทู, สด","Short-body, mackerel, raw",ปลา  กุ้ง  สัตว์น้ำอื่นๆ และผลิตภัณฑ์,ไม่ระบุ,140,72,20.00,6.70,0.00,0,1.50,170,,,,,,,,33.00,,,9.00,9,0.03,0.62,9.20,9,,,,,,,,,,,,,,,,,,,,,,,,,,,,,,,,,,,,,,,,,,,,,,,,,,,
07039,foundation,"ปลาทับทิม, สด","Nile tilapia, raw",ปลา  กุ้ง  สัตว์น้ำอื่นๆ และผลิตภัณฑ์,ไม่ระบุ,112,74.4,20.96,2.93,0.65,0,1.08,,,,,,,,,8.42,,,,2,0.12,0.05,2.95,,1.34,,,,,,,,,,,,,,,,,,,,,,,,,,,,,,,,,,,,,,,,,,,,,,,,,,
07041,foundation,"ปลานิล, สด","Nile tilapia, raw",ปลา  กุ้ง  สัตว์น้ำอื่นๆ และผลิตภัณฑ์,ไม่ระบุ,93,79.9,18.23,2.25,0.00,0,1.07,,,,,,,,,18.18,,,,2,0.02,0.09,2.05,,0.86,,,,,,,,,,,,,,,,,,,,,,,,,,,,,,,,,,,,,,,,,,,,,,,,,,
07040,foundation,"ปลาน้ำดอกไม้, สด","Shortjawed Barracuda, raw",ปลา  กุ้ง  สัตว์น้ำอื่นๆ และผลิตภัณฑ์,ไม่ระบุ,110,80.2,17.60,4.50,0.00,0,0.90,,,,,,,,,,,,,,,,,,,,,,,,,,,,,,,,,,,,,,,,,,,,,,,,,,,,,,,,,,,,,,,,,,,,
07042,foundation,"ปลาเนื้ออ่อน, สด","Whisker sheatfish, raw",ปลา  กุ้ง  สัตว์น้ำอื่นๆ และผลิตภัณฑ์,ไม่ระบุ,79,80.6,17.30,1.10,0.10,0,0.90,49,152,,,,1.00,,,,,,,,0.01,0.04,1.40,,,,,,,,,,,,,,,,,,,,,,,,,,,,,,,,,,,,,,,,,,,,,,,,,,,,
07043,foundation,"ปลาบึก, สด","Mekong giant catfish, raw",ปลา  กุ้ง  สัตว์น้ำอื่นๆ และผลิตภัณฑ์,ไม่ระบุ,70,82,16.20,0.50,0.30,0,1.00,,,,,,,,,,,10,0.00,0,0.03,0.07,1.90,,,,,,,,,,,,,,,,,,,,,,,,,,,,,,,,,,,,,,,,,,,,,,,,,,,,
07045,foundation,"ปลาแป้งแดง, ปลาหมัก","Fish, fermented",ปลา  กุ้ง  สัตว์น้ำอื่นๆ และผลิตภัณฑ์,ไม่ระบุ,113,70.7,4.90,2.40,18.10,0,3.90,813,155,,,,2.50,,,,,0,0.00,0,0.11,0.95,0.70,,,,,,,,,,,,,,,,,,,,,,,,,,,,,,,,,,,,,,,,,,,,,,,,,,,,
07044,foundation,"ปลาปีกไก่, สด","Blue sheatfhish, raw",ปลา  กุ้ง  สัตว์น้ำอื่นๆ และผลิตภัณฑ์,ไม่ระบุ,141,73.1,16.27,8.46,0.08,0,2.10,,,,,,,,,16.44,,,,0,0.00,0.79,1.21,,,,,,,,,,,,,,,,,,,,,,,,,,,,,,,,,,,,,,,,,,,,,,,,,,,,
07046,foundation,"ปลาแป้น, สด","Common ponyfish, raw",ปลา  กุ้ง  สัตว์น้ำอื่นๆ และผลิตภัณฑ์,ไม่ระบุ,119,74.4,20.20,4.30,0.10,0,1.00,42,175,,,,2.00,,,,,,,,0.12,0.05,3.00,,,,,,,,,,,,,,,,,,,,,,,,,,,,,,,,,,,,,,,,,,,,,,,,,,,,
07048,foundation,"ปลาม้า, สด","Boeseman croaker, raw",ปลา  กุ้ง  สัตว์น้ำอื่นๆ และผลิตภัณฑ์,ไม่ระบุ,115,74.1,18.70,3.12,3.11,0,0.98,,,,,,,,,11.63,,,,102,0.02,0.07,2.51,,1.07,,,,,,,,,,,,,,,,,,,,,,,,,,,,,,,,,,,,,,,,,,,,,,,,,,
07050,foundation,"ปลาร้า (Fish, fermented  (Pla-ra))","Fish, fermented  (Pla-ra",ปลา  กุ้ง  สัตว์น้ำอื่นๆ และผลิตภัณฑ์,ไม่ระบุ,148,52.5,15.30,8.00,3.90,0,20.30,,,,,,3.40,,,,,,,,0.02,0.16,0.80,,,,,,,,,,,,,,,,,,,,,,,,,,,,,,,,,,,,,,,,,,,,,,,,,,,,
07047,foundation,"ปลาแปบ, สด","Abramine, raw",ปลา  กุ้ง  สัตว์น้ำอื่นๆ และผลิตภัณฑ์,ไม่ระบุ,101,77.9,17.80,3.39,0.00,0,1.17,,,,,,,,,12.98,,,,78,0.12,0.11,1.97,,1.24,,,,,,,,,,,,,,,,,,,,,,,,,,,,,,,,,,,,,,,,,,,,,,,,,,
07049,foundation,"ปลายอน, สด","Macronema cat fish, raw",ปลา  กุ้ง  สัตว์น้ำอื่นๆ และผลิตภัณฑ์,ไม่ระบุ,114,75.5,16.42,5.39,0.10,0,2.56,,,,65,192,,tr,1.61,12.42,,,,103,0.33,0.10,1.71,,,,,,,,,,,,,,,,,,,,,,,,,,,,,,,,,,,,,,,,,,,,,,,,,,,,
07051,foundation,"ปลาร้า, ผง (Fish, fermented  powder (Pla-ra))","Fish, fermented  powder (Pla-ra",ปลา  กุ้ง  สัตว์น้ำอื่นๆ และผลิตภัณฑ์,ไม่ระบุ,274,4.8,28.00,13.90,9.30,0,44.00,2392,1312,,,,15.20,,,,,,,,0.12,0.19,1.80,,,,,,,,,,,,,,,,,,,,,,,,,,,,,,,,,,,,,,,,,,,,,,,,,,,,
07053,foundation,ปลาร้าอึ่งอ่าง,"Bullfrog, fermented",ปลา  กุ้ง  สัตว์น้ำอื่นๆ และผลิตภัณฑ์,ไม่ระบุ,113,57.3,14.90,4.80,2.60,0,20.40,2164,1139,,,,5.60,,,,,0,9.00,0,0.06,0.51,2.20,,,,,,,,,,,,,,,,,,,,,,,,,,,,,,,,,,,,,,,,,,,,,,,,,,,,
07054,foundation,"ปลาแรด, สด","Giant gourami, raw",ปลา  กุ้ง  สัตว์น้ำอื่นๆ และผลิตภัณฑ์,ไม่ระบุ,178,69.6,18.78,11.53,0.00,0,1.04,4,,27,51,371,0.41,tr,0.35,5.96,,,,205,0.02,0.08,3.74,,0.90,,,,,,,,,,,,,,,,,,,,,,,,,,,,,,,,,,,,,,,,,,,,,,,,,,
07052,foundation,"ปลาร้าปลาซิว, ดิบ","Rasbora Fish, fermented, raw",ปลา  กุ้ง  สัตว์น้ำอื่นๆ และผลิตภัณฑ์,ไม่ระบุ,118,64.9,12.24,2.70,11.37,0,8.84,1308,406,201,5930,412,494.73,tr,0.71,13.92,,,,62,0.01,0.12,1.34,,0.53,,,,,,,,,,,,,,,,,,,,,,,,,,,,,,,,,,,,,,,,,,,,,,,,,,
07056,foundation,"ปลาสูบ/ปลาสูด, สด","Spotted hampala barb, raw",ปลา  กุ้ง  สัตว์น้ำอื่นๆ และผลิตภัณฑ์,ไม่ระบุ,83,79.5,18.44,1.05,0.00,0,1.27,17,194,,,,,,,12.07,,,,53,0.00,0.08,2.43,,0.19,,,,,,,,,,,,,,,,,,,,,,,,,,,,,,,,,,,,,,,,,,,,,,,,,,
07055,foundation,"ปลาลิ้นหมา, แห้ง","Tongue-sole, dried",ปลา  กุ้ง  สัตว์น้ำอื่นๆ และผลิตภัณฑ์,ไม่ระบุ,279,21.4,63.20,3.00,0.00,0,12.60,1913,1290,,,,8.00,,,,,,,,0.03,0.10,6.90,,,,,,,,,,,,,,,,,,,,,,,,,,,,,,,,,,,,,,,,,,,,,,,,,,,,
07058,foundation,"ปลาส้ม, ตัวใหญ่, ปลาหมัก","Fish, large, fermented",ปลา  กุ้ง  สัตว์น้ำอื่นๆ และผลิตภัณฑ์,ไม่ระบุ,85,69.4,19.40,0.80,5.50,0,4.90,55,157,,,,1.60,,,,,,43.00,43,0.05,,2.50,,,,,,,,,,,,,,,,,,,,,,,,,,,,,,,,,,,,,,,,,,,,,,,,,,,,
07059,foundation,"ปลาสลิด, สด","Snake skin gourami, raw",ปลา  กุ้ง  สัตว์น้ำอื่นๆ และผลิตภัณฑ์,ไม่ระบุ,76,80.9,17.20,0.80,0.00,0,1.10,70,177,,,,2.30,,,,,,,,,0.19,2.00,,,,,,,,,,,,,,,,,,,,,,,,,,,,,,,,,,,,,,,,,,,,,,,,,,,,
07057,foundation,"ปลาส้ม, ตัวเล็ก, ปลาหมัก","Fish, small, fermented",ปลา  กุ้ง  สัตว์น้ำอื่นๆ และผลิตภัณฑ์,ไม่ระบุ,127,64.6,16.50,5.30,3.40,0,10.20,,509,,,,3.20,,,,,,0.00,0,0.03,,1.30,,,,,,,,,,,,,,,,,,,,,,,,,,,,,,,,,,,,,,,,,,,,,,,,,,,,
07062,foundation,"ปลาสวาย, สด","Striped catfish, raw",ปลา  กุ้ง  สัตว์น้ำอื่นๆ และผลิตภัณฑ์,ไม่ระบุ,255,62.1,15.50,21.50,0.10,0,0.80,30,132,,,,2.50,,,,,,0.00,0,0.03,0.08,0.80,,,,,,,,,,,,,,,,,,,,,,,,,,,,,,,,,,,,,,,,,,,,,,,,,,,,
07060,foundation,"ปลาสลาด, ย่าง","Grey feather back, roasted",ปลา  กุ้ง  สัตว์น้ำอื่นๆ และผลิตภัณฑ์,ไม่ระบุ,395,10.8,57.90,17.40,1.70,0,12.20,,,,,,,,,,,,,,,,,,,,,,,,,,,,,,,,,,,,,,,,,,,,,,,,,,,,,,,,,,,,,,,,,,,,
07061,foundation,ปลาเส้น,"Fish, minced strip",ปลา  กุ้ง  สัตว์น้ำอื่นๆ และผลิตภัณฑ์,ไม่ระบุ,65,81,12.31,0.16,3.67,0,2.90,,,,,,,,,10.26,,,,0,0.10,0.04,,,0.35,,,,,,,,,,,,,,,,,,,,,,,,,,,,,,,,,,,,,,,,,,,,,,,,,,
07066,foundation,"ปลาแมวหนวดพราหมณ์, แห้ง ( Hairfin anchovy, dried )",,ปลา  กุ้ง  สัตว์น้ำอื่นๆ และผลิตภัณฑ์,ไม่ระบุ,153,34.7,33.00,2.20,0.40,0,29.70,,,,,,,,,,,,,,,,,,,,,,,,,,,,,,,,,,,,,,,,,,,,,,,,,,,,,,,,,,,,,,,,,,,,
07065,foundation,"ปลาไส้ตัน, สด","Anchovy, raw",ปลา  กุ้ง  สัตว์น้ำอื่นๆ และผลิตภัณฑ์,ไม่ระบุ,75,80.5,18.00,0.30,0.10,0,1.10,218,211,,,,1.70,,,11.00,,0,20.00,0,0.02,0.04,0.60,,,,,,,,,,,,,,,,,,,,,,,,,,,,,,,,,,,,,,,,,,,,,,,,,,,,
07063,foundation,"ปลาสีเสียด, แห้ง","Yellow queenfish, dried",ปลา  กุ้ง  สัตว์น้ำอื่นๆ และผลิตภัณฑ์,ไม่ระบุ,176,43.7,37.80,2.80,0.00,0,16.00,253,407,,,,9.00,,,,,0,0.00,0,0.13,0.14,11.50,,,,,,,,,,,,,,,,,,,,,,,,,,,,,,,,,,,,,,,,,,,,,,,,,,,,
07064,foundation,"ปลาสำลี, สด","Black-banded travally, raw",ปลา  กุ้ง  สัตว์น้ำอื่นๆ และผลิตภัณฑ์,ไม่ระบุ,163,72.4,18.20,10.10,0.00,0,1.00,,,,,,,,,54.00,,,,,,0.20,5.00,,,,,,,,,,,,,,,,,,,,,,,,,,,,,,,,,,,,,,,,,,,,,,,,,,,,
07067,foundation,"ปลาริวกิว, หวาน","Giant catfish, sweetened",ปลา  กุ้ง  สัตว์น้ำอื่นๆ และผลิตภัณฑ์,ไม่ระบุ,298,22.2,29.80,1.56,41.35,0,5.14,19,217,50,1458,374,0.86,0.29,0.73,28.73,,,0.00,0,0.07,0.04,4.21,,0.25,,,,,,,,,,,,,,,,,,,,,,,,,,,,,,,,,,,,,,,,,,,,,,,,,,
07069,foundation,"ปลาหมึกกล้วย, สด","Splendid squid, raw",ปลา  กุ้ง  สัตว์น้ำอื่นๆ และผลิตภัณฑ์,ไม่ระบุ,67,83,15.20,0.70,0.20,0,0.90,5,128,,,,2.90,,,17.00,,,,,0.02,0.03,2.00,,,,,,,,,,,,,,,,,,,,,,,,,,,,,,,,,,,,,,,,,,,,,,,,,,,,
07068,foundation,"ปลาหมอ, สด","Common climbing perch, raw",ปลา  กุ้ง  สัตว์น้ำอื่นๆ และผลิตภัณฑ์,ไม่ระบุ,133,74.7,17.20,7.10,0.10,0,0.90,64,161,,,,2.50,,,6.00,,,1.00,1,0.03,0.18,2.60,,,,,,,,,,,,,,,,,,,,,,,,,,,,,,,,,,,,,,,,,,,,,,,,,,,,
07070,foundation,"ปลาหมึกกระเป๋า, สด","Spincless cuttlefish, raw",ปลา  กุ้ง  สัตว์น้ำอื่นๆ และผลิตภัณฑ์,ไม่ระบุ,62,84.2,13.69,0.64,0.41,0,1.02,,103,,,,,,,18.80,,,,8,0.01,0.08,0.96,,1.29,,,,,,,,,,,,,,,,,,,,,,,,,,,,,,,,,,,,,,,,,,,,,,,,,,
07074,foundation,"ปลาไหล, สด","Swamp eel, raw",ปลา  กุ้ง  สัตว์น้ำอื่นๆ และผลิตภัณฑ์,ไม่ระบุ,86,78.7,18.90,1.20,0.10,0,1.10,50,158,,,,2.20,,,,,,,,0.13,0.05,2.50,,,,,,,,,,,,,,,,,,,,,,,,,,,,,,,,,,,,,,,,,,,,,,,,,,,,
07071,foundation,"ปลาหลดจุด, สด","Spotfinned spiny eel, raw",ปลา  กุ้ง  สัตว์น้ำอื่นๆ และผลิตภัณฑ์,ไม่ระบุ,100,76.1,18.96,2.78,0.00,0,2.68,363,,28,62,327,3.13,tr,1.08,17.10,,,,16,0.07,0.26,3.37,,0.30,,,,,,,,,,,,,,,,,,,,,,,,,,,,,,,,,,,,,,,,,,,,,,,,,,
07075,foundation,"ปลาอังเกย, สด","Snapper, raw",ปลา  กุ้ง  สัตว์น้ำอื่นๆ และผลิตภัณฑ์,ไม่ระบุ,86,78.5,19.28,1.02,0.00,0,1.34,,203,,,,,,,11.85,,,,,0.02,0.05,1.45,,,,,,,,,,,,,,,,,,,,,,,,,,,,,,,,,,,,,,,,,,,,,,,,,,,,
07072,foundation,"ปลาหัวแข็ง, แห้ง","Jullien's mud carp, dried",ปลา  กุ้ง  สัตว์น้ำอื่นๆ และผลิตภัณฑ์,ไม่ระบุ,207,30.5,47.40,2.00,0.00,0,20.20,,,,,,,,,,,,,,,,,,,,,,,,,,,,,,,,,,,,,,,,,,,,,,,,,,,,,,,,,,,,,,,,,,,,
07073,foundation,"ปลาหางแข็ง, แห้ง","Torpedo scad, dried",ปลา  กุ้ง  สัตว์น้ำอื่นๆ และผลิตภัณฑ์,ไม่ระบุ,168,46.9,38.40,1.60,0.00,0,13.70,134,261,,,,6.00,,,,,0,0.00,0,0.09,0.23,15.50,,,,,,,,,,,,,,,,,,,,,,,,,,,,,,,,,,,,,,,,,,,,,,,,,,,,
07077,foundation,"ปลาออดแอด, สด","Lined silver grunt, raw",ปลา  กุ้ง  สัตว์น้ำอื่นๆ และผลิตภัณฑ์,ไม่ระบุ,97,77.7,19.04,2.40,0.00,0,1.40,,210,,,,,,,31.19,,,,,0.01,0.08,2.43,,,,,,,,,,,,,,,,,,,,,,,,,,,,,,,,,,,,,,,,,,,,,,,,,,,,
07078,foundation,"ปลาโอ, สด","Longtail - Tuna, raw",ปลา  กุ้ง  สัตว์น้ำอื่นๆ และผลิตภัณฑ์,ไม่ระบุ,109,73,24.49,1.12,0.23,0,1.14,13,185,26,,876,1.79,0.20,0.65,,,,,,,,,,,,,,,,,,,,,,,,,,,,,,,,,,,,,,,,,,,,,,,,,,,,,,,,,,,,
07076,foundation,"ปลาอีสร้อย, สด","Jullien's mud carp, raw",ปลา  กุ้ง  สัตว์น้ำอื่นๆ และผลิตภัณฑ์,ไม่ระบุ,100,76.6,7.81,2.46,11.90,0,1.28,,210,,,,,,,55.86,,,,,0.01,0.05,3.82,,,,,,,,,,,,,,,,,,,,,,,,,,,,,,,,,,,,,,,,,,,,,,,,,,,,
07079,foundation,"ปูทะเล/ปูดำ, นิ่ม, สด","Serrated  mud crab, young, raw",ปลา  กุ้ง  สัตว์น้ำอื่นๆ และผลิตภัณฑ์,ไม่ระบุ,55,85.9,9.46,1.38,1.29,0,1.97,198,202,59,349,192,0.45,,1.02,33.60,,,,,0.01,0.41,,0,,,,,,,,,,,,,,,,,,,,,,,,,,,,,,,,,,,,,,,,,,,,,,,,,,,
07080,foundation,"ปูทะเล/ปูดำ, สด","Serrated  mud crab, raw",ปลา  กุ้ง  สัตว์น้ำอื่นๆ และผลิตภัณฑ์,ไม่ระบุ,96,77.4,15.70,3.00,1.82,0,2.20,200,239,53,413,252,2.28,,2.32,39.60,,,,,0.03,0.34,4.60,0,,,,,,,,,,,,,,,,,,,,,,,,,,,,,,,,,,,,,,,,,,,,,,,,,,,
07083,foundation,"ปูม้า, นิ่ม, สด","Blue swimming crab, young, raw",ปลา  กุ้ง  สัตว์น้ำอื่นๆ และผลิตภัณฑ์,ไม่ระบุ,54,83.6,10.50,1.10,0.77,0,4.07,502,201,84,605,259,0.28,,1.88,21.31,,15,16.52,17,0.02,0.20,,0,,,,,,,,,,,,,,,,,,,,,,,,,,,,,,,,,,,,,,,,,,,,,,,,,,,
07084,foundation,ปูอัด,Crab flavoured stick,ปลา  กุ้ง  สัตว์น้ำอื่นๆ และผลิตภัณฑ์,ไม่ระบุ,112,70.8,9.47,1.01,16.28,0,2.49,,,,,,,,,8.76,,,,0,0.11,0.23,0.36,,0.56,,,,,,,,,,,,,,,,,,,,,,,,,,,,,,,,,,,,,,,,,,,,,,,,,,
07081,foundation,"ปูนา, ตัวเล็ก, สด","Ricefield crabs, small,  raw",ปลา  กุ้ง  สัตว์น้ำอื่นๆ และผลิตภัณฑ์,ไม่ระบุ,67,81.8,9.14,3.05,0.86,0,5.20,,,,,,,,,117.40,,,,47,0.00,1.38,2.28,,0.00,,,,,,,,,,,,,,,,,,,,,,,,,,,,,,,,,,,,,,,,,,,,,,,,,,
07086,foundation,"ลูกชิ้นปลา, ทอด","Fish ball, deep fried",ปลา  กุ้ง  สัตว์น้ำอื่นๆ และผลิตภัณฑ์,ไม่ระบุ,277,45.9,21.70,14.40,15.20,0,2.80,64,787,,,,0.60,,,,,,,,0.03,0.12,,,,,,,,,,,,,,,,,,,,,,,,,,,,,,,,,,,,,,,,,,,,,,,,,,,,,
07082,foundation,"ปูม้า, สด","Blue swimming crab, raw",ปลา  กุ้ง  สัตว์น้ำอื่นๆ และผลิตภัณฑ์,ไม่ระบุ,78,80,16.20,1.40,0.27,0,2.13,172,211,60,335,261,1.10,,1.13,78.90,,,,,0.02,0.26,2.80,1,,,,,,,,,,,,,,,,,,,,,,,,,,,,,,,,,,,,,,,,,,,,,,,,,,,
07085,foundation,ลูกชิ้นปลา,Fish ball,ปลา  กุ้ง  สัตว์น้ำอื่นๆ และผลิตภัณฑ์,ไม่ระบุ,82,75.7,15.90,0.40,3.89,,4.20,101,160,,,,1.96,,,10.82,,,0.00,0,0.00,0.00,0.60,,0.00,,,,,,,,,,,,,,,,,,,,,,,,,,,,,,,,,,,,,,,,,,,,,,,,,,
07087,foundation,"ลูกชิ้นกุ้ง, ทอด","Shrimp ball, deep fried",ปลา  กุ้ง  สัตว์น้ำอื่นๆ และผลิตภัณฑ์,ไม่ระบุ,197,59.5,17.60,9.60,10.34,,3.00,89,805,,,,0.60,,,33.82,,,,0,0.00,0.10,1.65,,1.70,,,,,,,,,,,,,,,,,,,,,,,,,,,,,,,,,,,,,,,,,,,,,,,,,,
07090,foundation,"หอยกะพง, สด","Horse mussel, raw",ปลา  กุ้ง  สัตว์น้ำอื่นๆ และผลิตภัณฑ์,ไม่ระบุ,41,90.3,7.20,1.40,0.10,0,1.00,79,136,,,,9.80,,,,,,,,0.02,0.07,2.20,,,,,,,,,,,,,,,,,,,,,,,,,,,,,,,,,,,,,,,,,,,,,,,,,,,,
07089,foundation,สมันปลา,"Fish, shreded, sounthern style",ปลา  กุ้ง  สัตว์น้ำอื่นๆ และผลิตภัณฑ์,ไม่ระบุ,386,16.8,34.50,16.10,25.80,0,6.80,103,313,,,,4.40,,,,,0,0.00,0,0.18,0.22,3.60,3,,,,,,,,,,,,,,,,,,,,,,,,,,,,,,,,,,,,,,,,,,,,,,,,,,,
07092,foundation,"หอยโข่ง, สด","Apple snail, raw",ปลา  กุ้ง  สัตว์น้ำอื่นๆ และผลิตภัณฑ์,ไม่ระบุ,84,76.9,11.50,0.20,9.20,0,2.20,750,107,,,,,,,,,450,,37,0.06,0.40,2.90,,,,,,,,,,,,,,,,,,,,,,,,,,,,,,,,,,,,,,,,,,,,,,,,,,,,
07088,foundation,ส้มฟัก,Fermented fish,ปลา  กุ้ง  สัตว์น้ำอื่นๆ และผลิตภัณฑ์,ไม่ระบุ,96,74.4,18.00,1.40,2.90,0,3.30,14,110,,,,tr,,,,,0,0.00,0,0.05,0.06,4.60,1,,,,,,,,,,,,,,,,,,,,,,,,,,,,,,,,,,,,,,,,,,,,,,,,,,,
07091,foundation,"หอยขม, สด","Pond snail, river snail, raw",ปลา  กุ้ง  สัตว์น้ำอื่นๆ และผลิตภัณฑ์,ไม่ระบุ,74,79.3,12.10,0.70,4.90,0,3.00,1,114,,,,25.20,,,,,432,0.00,36,0.01,0.40,0.60,,,,,,,,,,,,,,,,,,,,,,,,,,,,,,,,,,,,,,,,,,,,,,,,,,,,
07094,foundation,"หอยแครง, สด","Blood cockle, raw",ปลา  กุ้ง  สัตว์น้ำอื่นๆ และผลิตภัณฑ์,ไม่ระบุ,80,79.8,12.90,1.30,4.30,0,1.70,134,128,,,,6.40,,,,,74,0.00,6,0.12,0.28,1.70,,,,,,,,,,,,,,,,,,,,,,,,,,,,,,,,,,,,,,,,,,,,,,,,,,,,
07093,foundation,"หอยโข่งทะเล/หอยเป๋าฮื้อ, สด","Abalone, raw",ปลา  กุ้ง  สัตว์น้ำอื่นๆ และผลิตภัณฑ์,ไม่ระบุ,71,81.4,15.35,0.82,0.77,0,1.66,,76,,,,,,,28.64,,,,,0.00,0.08,1.32,,,,,,,,,,,,,,,,,,,,,,,,,,,,,,,,,,,,,,,,,,,,,,,,,,,,
07095,foundation,"หอยจูน, สด ()",,ปลา  กุ้ง  สัตว์น้ำอื่นๆ และผลิตภัณฑ์,ไม่ระบุ,85,77.7,14.50,0.90,4.90,0,2.00,1280,42,,,,,,,,,0,,,0.05,0.37,2.20,,,,,,,,,,,,,,,,,,,,,,,,,,,,,,,,,,,,,,,,,,,,,,,,,,,,
07096,foundation,"หอยทราย, สด","River snail, raw",ปลา  กุ้ง  สัตว์น้ำอื่นๆ และผลิตภัณฑ์,ไม่ระบุ,70,79.8,13.30,0.40,3.30,0,3.20,1130,111,,,,,,,,,,,,0.07,0.20,,,,,,,,,,,,,,,,,,,,,,,,,,,,,,,,,,,,,,,,,,,,,,,,,,,,,
07098,foundation,"หอยแมลงภู่, สด","Green mussel, raw",ปลา  กุ้ง  สัตว์น้ำอื่นๆ และผลิตภัณฑ์,ไม่ระบุ,52,85.5,8.10,0.90,3.10,0,2.40,26,184,,,,15.60,,,,,,,,0.02,0.18,1.90,,,,,,,,,,,,,,,,,,,,,,,,,,,,,,,,,,,,,,,,,,,,,,,,,,,,
07101,foundation,"เนื้อกุ้งแม่น้ำ, ลวก ()",,ปลา  กุ้ง  สัตว์น้ำอื่นๆ และผลิตภัณฑ์,ไม่ระบุ,107,75.3,21.55,2.31,0.00,0,0.96,0,0,0,0,0,0.00,0.00,0.00,0.00,,0,0.00,0,0.00,0.00,0.00,0,0.00,,,0.00,0,,,,,,,,,,,,,,,,,,,,,,,,,,,,,,,,,,,,,,,,,,,,,,
07099,foundation,"หอยหวาน, สด","Spotted babylon, raw",ปลา  กุ้ง  สัตว์น้ำอื่นๆ และผลิตภัณฑ์,ไม่ระบุ,83,83.4,12.14,3.89,0.06,0,0.52,,,,,,,,,33.21,,,,,0.00,0.25,0.32,,,,,,,,,,,,,,,,,,,,,,,,,,,,,,,,,,,,,,,,,,,,,,,,,,,,
07097,foundation,"หอยปากเป็ด, สด","Lamp shell, raw",ปลา  กุ้ง  สัตว์น้ำอื่นๆ และผลิตภัณฑ์,ไม่ระบุ,66,84.2,11.16,1.52,1.93,0,1.21,2,91,,,,,,,264.80,,,,21,0.01,0.18,0.86,,,,,,,,,,,,,,,,,,,,,,,,,,,,,,,,,,,,,,,,,,,,,,,,,,,,
07100,foundation,"หูฉลาม, แห้ง","Shark fin, dried",ปลา  กุ้ง  สัตว์น้ำอื่นๆ และผลิตภัณฑ์,ไม่ระบุ,351,12.5,86.70,0.50,0.00,0,0.70,295,61,,,,1.10,,,,,0,0.00,0,0.09,0.71,0.10,,,,,,,,,,,,,,,,,,,,,,,,,,,,,,,,,,,,,,,,,,,,,,,,,,,,
07102,foundation,"กุ้งแชบ๊วย, สด ()",,ปลา  กุ้ง  สัตว์น้ำอื่นๆ และผลิตภัณฑ์,ไม่ระบุ,94,76.6,20.90,1.07,0.00,0,1.46,0,0,0,0,0,0.00,0.00,0.00,0.00,,0,0.00,0,0.00,0.00,0.00,0,0.00,,,0.00,0,,,,,,,,,,,,,,,,,,,,,,,,,,,,,,,,,,,,,,,,,,,,,,
07105,foundation,"ปลาหมอคางดำ, เนื้อและหนัง, สด ()",,ปลา  กุ้ง  สัตว์น้ำอื่นๆ และผลิตภัณฑ์,ไม่ระบุ,98,78,21.60,1.23,0.00,0,1.18,0,0,0,0,0,0.00,0.00,0.00,0.00,,0,0.00,0,0.00,0.00,0.00,0,0.00,,,0.00,0,,,,,,,,,,,,,,,,,,,,,,,,,,,,,,,,,,,,,,,,,,,,,,
07103,foundation,"ปลาดอลลี่, ลวก ()",,ปลา  กุ้ง  สัตว์น้ำอื่นๆ และผลิตภัณฑ์,ไม่ระบุ,274,32.5,11.87,1.28,53.51,0,0.80,0,0,0,0,0,0.00,0.00,0.00,0.00,,0,0.00,0,0.00,0.00,0.00,0,0.00,,,0.00,0,,,,,,,,,,,,,,,,,,,,,,,,,,,,,,,,,,,,,,,,,,,,,,
07107,foundation,"ปูม้า, สด ()",,ปลา  กุ้ง  สัตว์น้ำอื่นๆ และผลิตภัณฑ์,ไม่ระบุ,61,84.4,13.41,0.72,0.00,0,1.92,0,0,0,0,0,0.00,0.00,0.00,0.00,,0,0.00,0,0.00,0.00,0.00,0,0.00,,,0.00,0,,,,,,,,,,,,,,,,,,,,,,,,,,,,,,,,,,,,,,,,,,,,,,
07104,foundation,"ปลาสลิดแดดเดียว, ดิบ ()",,ปลา  กุ้ง  สัตว์น้ำอื่นๆ และผลิตภัณฑ์,ไม่ระบุ,117,70.8,19.21,1.98,5.42,0,2.61,40,119,35,770,183,0.23,0.00,0.72,0.00,,0,0.00,0,0.00,0.00,0.00,0,0.00,,,0.00,0,,,,,,,,,,,,,,,,,,,,,,,,,,,,,,,,,,,,,,,,,,,,,,
07110,foundation,ปลาฉิ้งฉ้าง/ปลาจิ้งจ้าง (),,ปลา  กุ้ง  สัตว์น้ำอื่นๆ และผลิตภัณฑ์,ไม่ระบุ,298,21.9,65.21,4.10,0.00,,11.62,1183,1213,149,2523,795,2.45,0.41,4.48,,,tr,tr,tr,,,,,0.63,,,,,,,,,,,,,,,,,,,,,,,,,,,,,,,,,,,,,,,,,,,,,,,,,,
07106,foundation,"ปลาหมึกกล้วย, สด ()",,ปลา  กุ้ง  สัตว์น้ำอื่นๆ และผลิตภัณฑ์,ไม่ระบุ,50,87.7,9.82,1.07,0.26,0,1.16,0,0,0,0,0,0.00,0.00,0.00,0.00,,0,0.00,0,0.00,0.00,0.00,0,0.00,,,0.00,0,,,,,,,,,,,,,,,,,,,,,,,,,,,,,,,,,,,,,,,,,,,,,,
07109,foundation,"หอยแมลงภู่, สด  ()",,ปลา  กุ้ง  สัตว์น้ำอื่นๆ และผลิตภัณฑ์,ไม่ระบุ,40,88.5,6.66,0.70,1.52,0,2.64,81,180,92,664,168,3.93,0.14,0.70,0.00,,0,0.00,0,0.00,0.00,0.00,0,0.00,,,0.00,0,,,,,,,,,,,,,,,,,,,,,,,,,,,,,,,,,,,,,,,,,,,,,,
07108,foundation,"หอยแครง, สด ()",,ปลา  กุ้ง  สัตว์น้ำอื่นๆ และผลิตภัณฑ์,ไม่ระบุ,67,83,10.88,1.32,2.78,0,2.08,0,0,0,420,0,0.00,0.00,1.47,0.00,,0,0.00,0,0.00,0.00,0.00,0,0.00,,,0.00,0,,,,,,,,,,,,,,,,,,,,,,,,,,,,,,,,,,,,,,,,,,,,,,
07111,foundation,"ปลาฉิ้งฉ้าง/ปลาจิ้งจ้าง, ทอด ()",,ปลา  กุ้ง  สัตว์น้ำอื่นๆ และผลิตภัณฑ์,ไม่ระบุ,427,7.9,64.71,18.73,0.00,,11.42,912,1233,125,4272,490,2.00,0.62,3.12,,,tr,tr,tr,,,,,0.51,,,,,,,,,,,,,,,,,,,,,,,,,,,,,,,,,,,,,,,,,,,,,,,,,,
08002,foundation,"ไข่ไก่, ไข่แดง","Egg, hen, yolk",ไข่,ไม่ระบุ,292,55.8,14.97,24.42,3.19,0,1.60,103,295,12,90,123,,0.30,2.44,28.17,,4,427.50,427,0.14,0.41,,,,,,,1150,,,,,,,,,,,,,,,,,,,,,,,,,,,,,,,,,,,,,,,,,,,,,,
08004,foundation,"ไข่จระเข้, ไข่ขาว","Egg, crocodile, white",ไข่,ไม่ระบุ,15,95.8,2.50,0.20,0.80,0,0.70,,,,,,,,,,,,,,tr,0.02,0.10,,,,,,,,,,,,,,,,,,,,,,,,,,,,,,,,,,,,,,,,,,,,,,,,,,,,
08001,foundation,"ไข่ไก่, ไข่ขาว","Egg, hen, white",ไข่,ไม่ระบุ,48,87.2,11.49,0.07,0.40,0,0.85,5,11,12,217,189,,tr,tr,2.67,,,3.75,4,0.01,0.39,,,0.00,,,,2,,,,,,,,,,,,,,,,,,,,,,,,,,,,,,,,,,,,,,,,,,,,,,
08005,foundation,"ไข่จระเข้, ไข่แดง","Egg, crocodile, yolk",ไข่,ไม่ระบุ,228,62.2,17.30,17.00,1.50,0,2.00,,,,,,,,,,,,12.00,12,0.06,0.53,0.10,,,,,,,,,,,,,,,,,,,,,,,,,,,,,,,,,,,,,,,,,,,,,,,,,,,,
08003,foundation,"ไข่ไก่, ทั้งฟอง","Egg, hen, whole",ไข่,ไม่ระบุ,142,75.5,12.77,9.65,1.17,0,0.96,70,169,12,165,155,1.80,0.10,1.28,48.78,,2,181.95,182,0.07,0.37,0.40,0,2.13,,,,387,,,,,,,,,,,,,,,,,,,,,,,,,,,,,,,,,,,,,,,,,,,,,,
08006,foundation,"ไข่จระเข้, ทั้งฟอง","Egg, crocodile, whole",ไข่,ไม่ระบุ,128,77,11.20,8.30,2.20,0,1.30,,,,,,,,,,,,6.00,6,0.04,0.35,,,,,,,,,,,,,,,,,,,,,,,,,,,,,,,,,,,,,,,,,,,,,,,,,,,,,
08007,foundation,ไข่จาละเม็ด /ไข่เต่าทะเล,"Egg, green turtle, whole",ไข่,ไม่ระบุ,135,76.4,12.10,9.10,1.27,0,1.13,91,183,,,,1.43,,,,,,327.00,327,0.06,0.53,0.10,0,,,,,202,,,,,,,,,,,,,,,,,,,,,,,,,,,,,,,,,,,,,,,,,,,,,,
08008,foundation,ไข่นกกะทา,"Egg, quail, whole",ไข่,ไม่ระบุ,170,71.2,13.30,12.00,2.40,0,1.10,153,167,,,,3.50,,,,,0,143.00,143,0.06,0.71,1.00,,,,,,,,,,,,,,,,,,,,,,,,,,,,,,,,,,,,,,,,,,,,,,,,,,,,
08009,foundation,"ไข่ปลากระบอก, เค็ม","Roe, bluespot gray mullet, salted",ไข่,ไม่ระบุ,441,22.6,40.85,30.40,1.05,0,5.10,37,472,,,,3.65,,,,,,143.50,143,0.49,0.89,2.60,0,,,,,,,,,,,,,,,,,,,,,,,,,,,,,,,,,,,,,,,,,,,,,,,,,,,
08014,foundation,"ไข่เปรี้ยว, ไข่ไก่, ไข่แดง","Sour egg, hen, yolk",ไข่,ไม่ระบุ,361,49.1,16.73,32.69,0.00,0,2.32,33,345,,,,4.11,tr,3.25,112.42,,,1082.48,1082,0.19,0.42,0.31,,9.90,,,,,,,,,,,,,,,,,,,,,,,,,,,,,,,,,,,,,,,,,,,,,,,,,,
08010,foundation,"ไข่เป็ด, ไข่ขาว","Egg, duck, white",ไข่,ไม่ระบุ,48,87.1,10.83,tr,1.29,0,0.79,5,15,13,206,189,,0.10,tr,5.66,,0,2.71,2,0.01,0.04,,,0.00,,,,2,,,,,,,,,,,,,,,,,,,,,,,,,,,,,,,,,,,,,,,,,,,,,,
08012,foundation,"ไข่เป็ด, ทั้งฟอง","Egg, duck, whole",ไข่,ไม่ระบุ,178,71,13.03,13.35,1.54,0,1.09,97,209,13,133,160,1.74,0.11,1.38,52.39,,18,267.81,269,0.26,0.49,0.30,,1.43,,,,570,,,,,,,,,,,,,,,,,,,,,,,,,,,,,,,,,,,,,,,,,,,,,,
08011,foundation,"ไข่เป็ด, ไข่แดง","Egg, duck, yolk",ไข่,ไม่ระบุ,319,52.2,14.78,26.97,4.40,0,1.65,109,381,10,67,107,,0.18,2.17,68.50,,32,433.50,436,0.51,0.88,,,3.38,,,,1281,,,,,,,,,,,,,,,,,,,,,,,,,,,,,,,,,,,,,,,,,,,,,,
08013,foundation,"ไข่เปรี้ยว, ไข่ไก่, ไข่ขาว","Sour egg, hen, white",ไข่,ไม่ระบุ,38,88,7.02,0.08,2.51,0,2.36,714,11,,38,,tr,tr,0.36,3.32,,,0.47,0,tr,0.33,0.24,,0.00,,,,,,,,,,,,,,,,,,,,,,,,,,,,,,,,,,,,,,,,,,,,,,,,,,
08015,foundation,"ไข่เปรี้ยว, ไข่ไก่, ทั้งฟอง","Sour egg, hen, whole",ไข่,ไม่ระบุ,96,81.4,8.65,6.08,1.79,0,2.07,584,112,,43,,0.83,,0.96,19.21,,,154.00,154,0.04,0.30,0.12,,1.24,,,,,,,,,,,,,,,,,,,,,,,,,,,,,,,,,,,,,,,,,,,,,,,,,,
08016,foundation,ไข่มดแดง,"Egg, red ant",ไข่,ไม่ระบุ,76,83.6,8.51,2.96,3.95,0,1.01,6,91,25,51,200,2.93,0.31,1.97,15.00,,52,8.19,12,0.06,0.44,0.80,7,,,,,,,,,,,,,,,,,,,,,,,,,,,,,,,,,,,,,,,,,,,,,,,,,,,
08017,foundation,ไข่มดแดงและตัวอ่อน,"Red ant, larva and egg",ไข่,ไม่ระบุ,74,84,8.20,2.60,4.50,0,0.70,,47,,,,0.30,,,,,,,,0.16,4.68,5.50,,,,,,,,,,,,,,,,,,,,,,,,,,,,,,,,,,,,,,,,,,,,,,,,,,,,
08020,foundation,"ไข่ปู, นึ่ง ()",,ไข่,ไม่ระบุ,286,35.4,6.76,6.70,49.62,0,1.54,236,287,34,139,57,1.30,2.65,5.95,,,887,,74,,,,1,26.82,,,,,,,,,,,,,,,,,,,,,,,,,,,,,,,,,,,,,,,,,,,,,,,,,,
09001,foundation,"นม, พาสเจอร์ไรส์, รสธรรมชาติ","Milk, whole, pasteurised, plain",นมและผลิตภัณฑ์,ไม่ระบุ,65,87.2,3.10,3.49,5.55,0,0.70,100,89,,44,,0.07,,,9.00,,18,68.00,69,0.03,0.21,0.40,tr,0.22,,,,10,,,,,,,,,,,,,,,,,,,,,,,,,,,,,,,,,,,,,,,,,,,,,,
09004,foundation,"นม, ยูเอชที, รสหวาน","Milk, whole, UHT, sweetened",นมและผลิตภัณฑ์,ไม่ระบุ,69,86.7,3.30,3.80,5.50,0,0.70,101,88,,,,0.10,,,6.00,,13,36.00,37,0.03,0.20,0.40,tr,0.14,,,,10,,,,,,,,,,,,,,,,,,,,,,,,,,,,,,,,,,,,,,,,,,,,,,
09002,foundation,"นม, พาสเจอร์ไรส์, รสหวาน","Milk, whole, pasteurised, sweetened",นมและผลิตภัณฑ์,ไม่ระบุ,78,83.6,3.00,3.20,9.50,0,0.70,102,82,,,,0.10,,,9.00,,13,60.00,61,0.05,0.25,0.40,tr,0.16,,,,9,,,,,,,,,,,,,,,,,,,,,,,,,,,,,,,,,,,,,,,,,,,,,,
08019,foundation,เต้าหู้ไข่ไก่,"Egg, steamed, soft, packed in a pouch",ไข่,ไม่ระบุ,36,91.4,4.77,1.81,0.19,0,1.87,11,,,382,,0.46,,,,,,,,tr,0.10,,,,,,,,,,,,,,,,,,,,,,,,,,,,,,,,,,,,,,,,,,,,,,,,,,,,,
08018,foundation,ไข่แมงมัน,"Subterranean ants, egg",ไข่,ไม่ระบุ,128,79.5,8.10,10.10,1.40,0,0.90,13,81,,,,5.30,,,,,54,18.00,22,0.04,1.06,1.70,,,,,,,,,,,,,,,,,,,,,,,,,,,,,,,,,,,,,,,,,,,,,,,,,,,,
09003,foundation,"นม, ยูเอชที, รสธรรมชาติ","Milk, whole, UHT, plain",นมและผลิตภัณฑ์,ไม่ระบุ,64,88,3.30,3.90,4.10,0,0.70,122,90,,,,0.10,,,7.00,,13,36.00,37,0.04,0.21,0.30,tr,0.16,,,,11,,,,,,,,,,,,,,,,,,,,,,,,,,,,,,,,,,,,,,,,,,,,,,
09005,foundation,"นม, สเตอริไลส์, รสธรรมชาติ","Milk, whole, sterilized, plain",นมและผลิตภัณฑ์,ไม่ระบุ,55,89.5,3.30,3.40,3.00,0,0.80,114,92,,,,0.30,,,7.00,,5,36.00,36,0.04,0.21,0.40,tr,0.15,,,,9,,,,,,,,,,,,,,,,,,,,,,,,,,,,,,,,,,,,,,,,,,,,,,
09006,foundation,"นมข้นคืนรูป, ไม่หวาน, สูตรน้ำมันปาล์ม",Unsweetened recombined with palm oil condensed milk,นมและผลิตภัณฑ์,ไม่ระบุ,113,78,6.80,6.50,7.00,0,1.70,244,211,,,,0.30,,,11.00,,42,7.00,14,0.05,0.50,,tr,0.85,,,,6,,,,,,,,,,,,,,,,,,,,,,,,,,,,,,,,,,,,,,,,,,,,,,
09009,foundation,"นมข้นคืนรูป, หวาน, สูตรน้ำมันปาล์ม",Sweetened recombined with palm oil    condensed milk,นมและผลิตภัณฑ์,ไม่ระบุ,324,25.4,7.00,6.40,59.60,0,1.60,226,195,,,,0.20,,,32.00,,39,293.00,296,0.47,0.50,,tr,0.93,,,,6,,,,,,,,,,,,,,,,,,,,,,,,,,,,,,,,,,,,,,,,,,,,,,
09008,foundation,"นมข้นคืนรูป, หวาน",Sweetened recombined with palm oil  and   butter fat,นมและผลิตภัณฑ์,ไม่ระบุ,330,24.8,7.40,7.30,58.80,0,1.70,232,201,,,,0.30,,,20.00,,36,358.00,361,0.55,0.50,,tr,0.90,,,,9,,,,,,,,,,,,,,,,,,,,,,,,,,,,,,,,,,,,,,,,,,,,,,
09012,foundation,"นมเปรี้ยวพร้อมดื่ม, ไขมันต่ำ, ยูเอชที,          รสธรรมชาติ","Drinking yoghurt, low fat, UHT, plain",นมและผลิตภัณฑ์,ไม่ระบุ,53,86.3,1.70,0.10,11.50,0,0.40,58,43,,,,0.20,,,6.00,,0,1.00,1,0.02,0.14,0.20,tr,0.00,,,,1,,,,,,,,,,,,,,,,,,,,,,,,,,,,,,,,,,,,,,,,,,,,,,
09011,foundation,นมคน,"Milk, human",นมและผลิตภัณฑ์,ไม่ระบุ,64,87.7,1.24,3.13,7.74,0,0.19,26,12,2,17,50,tr,tr,0.22,0.00,,0,44.20,44,0.01,0.04,0.33,0,0.17,,,,9,,,,,,,,,,,,,,,,,,,,,,,,,,,,,,,,,,,,,,,,,,,,,,
09007,foundation,"นมข้นคืนรูป, ไม่หวาน, สูตรมันเนย",Unsweetened recombined with  butter  fat condensed milk,นมและผลิตภัณฑ์,ไม่ระบุ,104,81.2,6.30,7.20,3.70,0,1.60,,,,,,,,,15.00,,42,371.00,374,0.06,0.50,1.20,tr,0.34,,,,19,,,,,,,,,,,,,,,,,,,,,,,,,,,,,,,,,,,,,,,,,,,,,,
09010,foundation,"นมข้นคืนรูป, หวาน, สูตรมันเนย",Sweetened recombined with butter fat   condensed milk,นมและผลิตภัณฑ์,ไม่ระบุ,336,24.3,7.70,8.20,58.00,0,1.80,,191,,,,0.30,,,20.00,,23,396.00,397,0.49,0.46,0.70,tr,0.36,,,,25,,,,,,,,,,,,,,,,,,,,,,,,,,,,,,,,,,,,,,,,,,,,,,
09013,foundation,"นมเปรี้ยวพร้อมดื่ม, ไขมันต่ำ, ยูเอชที,          รสผลไม้รวม","Drinking yoghurt, low fat, UHT, fruits flavour",นมและผลิตภัณฑ์,ไม่ระบุ,52,86.5,1.70,0.10,11.30,0,0.40,57,47,,,,0.20,,,6.00,,0,1.00,1,0.02,0.11,0.20,tr,0.00,,,,1,,,,,,,,,,,,,,,,,,,,,,,,,,,,,,,,,,,,,,,,,,,,,,
09017,foundation,"นมเปรี้ยวพร้อมดื่ม, พาสเจอร์ไรส์, สูตรโยเกิร์ต 76.5%, รสผลไม้รวม","Drinking yoghurt, pasteurised,  fruits flavour",นมและผลิตภัณฑ์,ไม่ระบุ,70,83.6,1.80,1.30,13.00,0,0.30,,,,,,,,,8.00,,tr,14.00,14,0.04,0.11,0.30,tr,0.00,,,,3,,,,,,,,,,,,,,,,,,,,,,,,,,,,,,,,,,,,,,,,,,,,,,
09018,foundation,"นมเปรี้ยวพร้อมดื่ม, ยูเอชที, สูตรนมสด 50%,    รสผลไม้รวม","Drinking yoghurt, UHT, 50% milk,  fruits flavour",นมและผลิตภัณฑ์,ไม่ระบุ,70,83.6,1.30,1.20,13.60,0,0.30,34,34,,,,0.40,,,9.00,,5,16.00,16,0.01,0.07,0.10,tr,0.04,,,,3,,,,,,,,,,,,,,,,,,,,,,,,,,,,,,,,,,,,,,,,,,,,,,
09019,foundation,"นมเปรี้ยวพร้อมดื่ม, ยูเอชที, สูตรนมสด 85%,  รสผลไม้รวม","Drinking yoghurt, UHT, 85% milk,  fruits flavour",นมและผลิตภัณฑ์,ไม่ระบุ,64,85,1.30,1.10,12.30,0,0.30,35,36,,,,0.30,,,6.00,,6,16.00,16,0.02,0.08,0.10,tr,0.04,,,,4,,,,,,,,,,,,,,,,,,,,,,,,,,,,,,,,,,,,,,,,,,,,,,
09014,foundation,"นมเปรี้ยวพร้อมดื่ม, พาสเจอร์ไรส์, รสธรรมชาติ ( Drinking yoghurt, pasteurised, plain)",,นมและผลิตภัณฑ์,ไม่ระบุ,62,84.7,1.50,0.60,12.85,0,0.40,45,41,,,,0.10,,,7.00,,tr,20.00,20,0.02,0.10,0.30,tr,0.04,,,,2,,,,,,,,,,,,,,,,,,,,,,,,,,,,,,,,,,,,,,,,,,,,,,
09016,foundation,"นมเปรี้ยวพร้อมดื่ม, พาสเจอร์ไรส์, สูตรโยเกิร์ต 35%,  รสผลไม้รวม","Drinking yoghurt, pasteurised,  fruits flavour",นมและผลิตภัณฑ์,ไม่ระบุ,66,84.2,1.60,0.90,13.00,0,0.30,,,,,,,,,5.00,,tr,20.00,20,0.04,0.05,0.40,tr,0.30,,,,3,,,,,,,,,,,,,,,,,,,,,,,,,,,,,,,,,,,,,,,,,,,,,,
09015,foundation,"นมเปรี้ยวพร้อมดื่ม, พาสเจอร์ไรส์, สูตรนมสด,   รสผลไม้รวม","Drinking yoghurt, pasteurised, fruits flavour",นมและผลิตภัณฑ์,ไม่ระบุ,72,83.6,1.50,1.60,13.00,0,0.30,60,40,,,,0.20,,,12.00,,tr,29.00,29,0.03,0.09,0.30,tr,0.04,,,,4,,,,,,,,,,,,,,,,,,,,,,,,,,,,,,,,,,,,,,,,,,,,,,
09020,foundation,"นมเปรี้ยวพร้อมดื่ม, ยูเอชที, สูตรนมสด       ผสมนมผง, รสผลไม้รวม","Drinking yoghurt, UHT, fruits flavour",นมและผลิตภัณฑ์,ไม่ระบุ,62,85.2,1.70,1.00,11.60,0,0.50,50,73,,,,0.20,,,7.00,,5,16.00,16,0.02,0.09,0.30,1,0.03,,,,3,,,,,,,,,,,,,,,,,,,,,,,,,,,,,,,,,,,,,,,,,,,,,,
09021,foundation,นมผง,"Milk, powder, full cream",นมและผลิตภัณฑ์,ไม่ระบุ,499,3,26.10,26.80,38.41,0,5.70,864,722,,,,1.10,,,57.00,,174,842.00,856,0.29,1.92,,,1.91,,,,93,,,,,,,,,,,,,,,,,,,,,,,,,,,,,,,,,,,,,,,,,,,,,,
09022,foundation,"นมผง, ขาดมันเนย","Milk, powder, non fat",นมและผลิตภัณฑ์,ไม่ระบุ,358,3.3,38.10,0.50,50.33,0,7.80,1185,923,,,,0.80,,,65.00,,0,0.00,0,0.25,3.42,1.20,,0.00,,,,25,,,,,,,,,,,,,,,,,,,,,,,,,,,,,,,,,,,,,,,,,,,,,,
09024,foundation,"นมพร่องมันเนย, พาสเจอร์ไรส์, รสธรรมชาติ","Milk, low fat, pasteurised, plain",นมและผลิตภัณฑ์,ไม่ระบุ,44,90.1,3.40,1.60,4.10,0,0.80,132,92,,,,0.20,,,5.00,,4,36.00,36,0.05,0.33,0.40,tr,0.06,,,,6,,,,,,,,,,,,,,,,,,,,,,,,,,,,,,,,,,,,,,,,,,,,,,
09023,foundation,นมชนิดเม็ด,"Milk, pressed",นมและผลิตภัณฑ์,ไม่ระบุ,476,2,13.20,20.40,60.10,0,4.30,481,454,,,,,,,,,77,143.00,149,0.21,1.07,0.80,4,,,,,,,,,,,,,,,,,,,,,,,,,,,,,,,,,,,,,,,,,,,,,,,,,,,
09025,foundation,"นมพร่องมันเนย, ยูเอชที, รสธรรมชาติ","Milk, low fat, UHT, plain",นมและผลิตภัณฑ์,ไม่ระบุ,42,90.7,3.70,1.60,3.20,0,0.80,146,99,,,,0.20,,,10.00,,0,15.00,15,0.05,0.27,0.20,tr,0.06,,,,5,,,,,,,,,,,,,,,,,,,,,,,,,,,,,,,,,,,,,,,,,,,,,,
09027,foundation,"นมพร่องมันเนย, ยูเอชที, สูตรนมสดผสมนมผง   พร่องมันเนย (อัตราส่วน 46:6), รสธรรมชาติ","Milk, low fat, UHT, milk mixed with  low  fat milk powder, 46:6, plain",นมและผลิตภัณฑ์,ไม่ระบุ,45,89.7,3.80,1.60,4.00,0,0.90,112,99,,,,0.30,,,8.00,,4,15.00,15,0.04,0.30,0.20,tr,0.06,,,,5,,,,,,,,,,,,,,,,,,,,,,,,,,,,,,,,,,,,,,,,,,,,,,
09026,foundation,"นมพร่องมันเนย, ยูเอชที, สูตรนมสดผสมนมผง  พร่องมันเนย (อัตราส่วน 22:78),  รสธรรมชาติ","Milk, low fat, UHT, milk mixed with  low fat milk powder, 22:78, plain",นมและผลิตภัณฑ์,ไม่ระบุ,40,90.1,4.20,0.90,4.00,0,0.80,,,,,,,,,8.00,,0,7.00,7,0.04,0.25,0.20,tr,0.02,,,,4,,,,,,,,,,,,,,,,,,,,,,,,,,,,,,,,,,,,,,,,,,,,,,
09029,foundation,"นมแพะ, ต้ม","Goat milk, boiled",นมและผลิตภัณฑ์,ไม่ระบุ,87,84.2,4.22,5.53,5.24,0,0.84,183,,15,110,219,tr,tr,,13.24,,,36.17,36,0.02,0.20,0.33,0,0.19,,,,,,,,,,,,,,,,,,,,,,,,,,,,,,,,,,,,,,,,,,,,,,,,,,
09028,foundation,"นมแพะ, ดิบ","Goat milk, raw",นมและผลิตภัณฑ์,ไม่ระบุ,81,85.5,3.98,5.39,4.26,0,0.84,209,,14,84,187,tr,tr,,12.00,,,38.52,39,0.02,0.19,0.38,0,0.38,,,,,,,,,,,,,,,,,,,,,,,,,,,,,,,,,,,,,,,,,,,,,,,,,,
09031,foundation,"นมวัว, ดิบ","Cow milk, raw",นมและผลิตภัณฑ์,ไม่ระบุ,52,89.7,3.16,2.95,3.45,0,0.70,106,,9,52,161,,tr,0.39,8.35,,,21.18,21,0.02,0.23,,,0.15,,,,10,,,,,,,,,,,,,,,,,,,,,,,,,,,,,,,,,,,,,,,,,,,,,,
09030,foundation,"นมแพะ, พาสเจอร์ไรส์","Goat milk, pasteurised",นมและผลิตภัณฑ์,ไม่ระบุ,53,89.6,2.93,2.92,3.93,0,0.60,162,,10,86,223,tr,tr,,23.36,,,31.52,32,0.02,0.16,0.21,0,0.10,,,,,,,,,,,,,,,,,,,,,,,,,,,,,,,,,,,,,,,,,,,,,,,,,,
09033,foundation,"เนยแข็ง,  เชดดาร์","Cheese, cheddar",นมและผลิตภัณฑ์,ไม่ระบุ,339,38.2,18.10,22.70,15.70,0,5.30,526,556,,,,0.50,,,19.00,,235,210.00,229,0.04,0.60,4.10,,0.82,,,,64,,,,,,,,,,,,,,,,,,,,,,,,,,,,,,,,,,,,,,,,,,,,,,
09032,foundation,"เนย,  ชนิดเค็ม","Butter, salted",นมและผลิตภัณฑ์,ไม่ระบุ,764,11.4,0.40,83.20,3.50,0,1.50,17,12,,,,0.20,,,13.00,,251,739.00,759,0.02,0.02,1.20,,3.26,,,,163,,,,,,,,,,,,,,,,,,,,,,,,,,,,,,,,,,,,,,,,,,,,,,
09036,foundation,"โยเกิร์ต, สูตรนมสดผสมนมพร่องมันเนย","Yoghurt, cream, milk mixed  with  low fat milk",นมและผลิตภัณฑ์,ไม่ระบุ,90,80.6,5.00,3.20,10.40,0,0.80,,,,,,,,,16.00,,14,28.00,29,0.04,0.42,0.40,tr,0.09,,,,11,,,,,,,,,,,,,,,,,,,,,,,,,,,,,,,,,,,,,,,,,,,,,,
09034,foundation,"โยเกิร์ต, ไขมันต่ำ, รสผลไม้รวม","Yoghurt, cream, low fat, fruits flavour",นมและผลิตภัณฑ์,ไม่ระบุ,92,77.2,3.30,0.80,17.90,0,0.80,,,,,,,,,12.00,,0,17.00,17,0.05,0.29,,2,0.00,,,,3,,,,,,,,,,,,,,,,,,,,,,,,,,,,,,,,,,,,,,,,,,,,,,
09035,foundation,"โยเกิร์ต, รสธรรมชาติ","Yoghurt, cream, plain",นมและผลิตภัณฑ์,ไม่ระบุ,106,77.4,3.80,4.00,13.90,0,0.90,129,113,,,,0.20,,,20.00,,13,82.00,83,0.05,0.39,0.30,tr,0.13,,,,12,,,,,,,,,,,,,,,,,,,,,,,,,,,,,,,,,,,,,,,,,,,,,,
09037,foundation,"โยเกิร์ต, สูตรนมสดผสมนมพร่องมันเนย         73:4,รสผลไม้รวม","Yoghurt, cream, milk mixed  with  low fat milk, fruits flavour",นมและผลิตภัณฑ์,ไม่ระบุ,122,71.1,3.80,2.00,22.30,0,0.80,,,,,,,,,27.00,,12,39.00,40,0.04,0.33,0.40,1,0.09,,,,8,,,,,,,,,,,,,,,,,,,,,,,,,,,,,,,,,,,,,,,,,,,,,,
09038,foundation,"โยเกิร์ต, สูตรนมสดผสมนมพร่องมันเนย         73:3 รสผลไม้รวม","Yoghurt, cream, milk mixed  with low fat milk, fruits flavour",นมและผลิตภัณฑ์,ไม่ระบุ,125,71.8,3.50,3.20,20.70,0,0.80,106,90,,,,0.30,,,27.00,,20,73.00,74,0.04,0.30,0.30,1,0.11,,,,10,,,,,,,,,,,,,,,,,,,,,,,,,,,,,,,,,,,,,,,,,,,,,,
09039,foundation,"นมโค 100%, UHT  ()",,นมและผลิตภัณฑ์,ไม่ระบุ,64,87.9,3.04,3.55,4.77,0,0.72,0,0,0,40,0,0.00,0.00,0.00,0.00,,0,0.00,0,0.00,0.00,0.00,0,0.00,,,4.56,0,,,,,,,,,,,,,,,,,,,,,,,,,,,,,,,,,,,,,,,,,,,,,,
09040,foundation,"นมถั่วเหลือง สูตร ผสมงาดำ 2 เท่า, UHT  ()",,นมและผลิตภัณฑ์,ไม่ระบุ,59,87.5,2.44,2.16,7.25,0,0.68,88,91,17,48,117,0.36,0.08,1.31,0.00,,0,0.00,0,0.00,0.00,0.00,0,0.00,,,4.32,0,,,,,,,,,,,,,,,,,,,,,,,,,,,,,,,,,,,,,,,,,,,,,,
10002,foundation,"กะปิ, คุณภาพดี (Shrimp paste, fermented (Ka-pi), first class quality)","Shrimp paste, fermented (Ka-pi",เครื่องเทศและเครื่องปรุงรส,ไม่ระบุ,0,40.6,27.30,2.40,0.00,,26.85,1554,630,,,,,,,,,,,,tr,0.36,,0,,,,,,,,,,,,,,,,,,,,,,,,,,,,,,,,,,,,,,,,,,,,,,,,,,,
10003,foundation,"กะปิ, คุณภาพรอง (Shrimp paste, fermented (Ka-pi), second class quality)","Shrimp paste, fermented (Ka-pi",เครื่องเทศและเครื่องปรุงรส,ไม่ระบุ,0,27.4,15.70,1.20,0.00,0,,1559,683,,,,,,,,,,,,0.00,0.15,,0,,,,,,,,,,,,,,,,,,,,,,,,,,,,,,,,,,,,,,,,,,,,,,,,,,,
10005,foundation,ขมิ้นชัน,Turmeric/curcuma,เครื่องเทศและเครื่องปรุงรส,ไม่ระบุ,0,83.8,1.70,1.40,0.00,0,1.00,9,41,,,,2.30,,,,,114,,19,0.02,0.03,1.30,12,,,,,,,,,,,,,,,,,,,,,,,,,,,,,,,,,,,,,,,,,,,,,,,,,,,
10001,foundation,กระเทียม,"Garlic, dried bulb",เครื่องเทศและเครื่องปรุงรส,ไม่ระบุ,107,67.4,6.96,0.31,14.60,9.4,1.33,21,126,24,14,632,1.09,0.12,1.30,,,2,,0,0.19,0.08,4.00,4,0.15,,,,,,,,,,,,,,,,,,,,,,,,,,,,,,,,,,,,,,,,,,,,,,,,,,
10004,foundation,ขมิ้นขาว,"Turmeric, white",เครื่องเทศและเครื่องปรุงรส,ไม่ระบุ,0,86.9,0.50,0.30,0.00,0,,14,4,,,,1.90,,,,,9,,,0.03,0.01,,3,,,,,,,,,,,,,,,,,,,,,,,,,,,,,,,,,,,,,,,,,,,,,,,,,,,
10006,foundation,ข่า,Galanga,เครื่องเทศและเครื่องปรุงรส,ไม่ระบุ,0,75.7,1.00,0.30,0.00,0,0.90,18,tr,,,,2.20,,,,,36,,6,0.02,0.02,1.00,1,,,,,,,,,,,,,,,,,,,,,,,,,,,,,,,,,,,,,,,,,,,,,,,,,,,
10007,foundation,เครื่องแกงเผ็ด,Chilli paste,เครื่องเทศและเครื่องปรุงรส,ไม่ระบุ,0,56.2,4.20,2.50,0.00,0,16.80,97,121,,,,17.10,,,,,648,,54,0.02,0.62,10.20,22,,,,,,,,,,,,,,,,,,,,,,,,,,,,,,,,,,,,,,,,,,,,,,,,,,,
10009,foundation,ดอกจันทน์เทศ,Mace,เครื่องเทศและเครื่องปรุงรส,ไม่ระบุ,0,19.6,14.20,15.40,0.00,0,2.70,134,142,,,,,,,,,2286,,190,0.05,0.50,0.60,,,,,,,,,,,,,,,,,,,,,,,,,,,,,,,,,,,,,,,,,,,,,,,,,,,,
10008,foundation,เครื่องแกงมัสมั่น,"Chilli paste, matsaman",เครื่องเทศและเครื่องปรุงรส,ไม่ระบุ,0,52.6,4.30,24.30,0.00,0,7.30,60,153,,,,12.50,,,,,558,,46,0.02,0.60,8.60,21,,,,,,,,,,,,,,,,,,,,,,,,,,,,,,,,,,,,,,,,,,,,,,,,,,,
10010,foundation,ตะไคร้,Lemon grass,เครื่องเทศและเครื่องปรุงรส,ไม่ระบุ,0,65.6,1.20,2.10,0.00,0,1.40,35,30,,,,2.60,,,,,258,,21,0.05,0.02,2.20,1,,,,,,,,,,,,,,,,,,,,,,,,,,,,,,,,,,,,,,,,,,,,,,,,,,,
10012,foundation,"น้ำบูดู, หวาน","Budu, fish sauce, sweetened",เครื่องเทศและเครื่องปรุงรส,ไม่ระบุ,203,37.4,4.90,0.20,45.50,0,12.00,36,12,,,,2.20,,,,,0,0.00,0,,,6.60,0,,,,,,,,,,,,,,,,,,,,,,,,,,,,,,,,,,,,,,,,,,,,,,,,,,,
10011,foundation,"น้ำบูดู, เค็ม","Budu, fish sauce, salted",เครื่องเทศและเครื่องปรุงรส,ไม่ระบุ,47,72.3,7.50,0.70,2.70,0,16.80,88,19,,,,3.80,,,,,0,0.00,0,0.00,0.17,2.90,0,,,,,,,,,,,,,,,,,,,,,,,,,,,,,,,,,,,,,,,,,,,,,,,,,,,
10013,foundation,"ใบกระวาน, แห้ง","Bay leaves, dried",เครื่องเทศและเครื่องปรุงรส,ไม่ระบุ,0,9.8,9.50,6.30,0.00,0,5.10,16,23,,,,12.60,,,,,0,,0,0.12,0.45,2.40,0,,,,,,,,,,,,,,,,,,,,,,,,,,,,,,,,,,,,,,,,,,,,,,,,,,,
10015,foundation,"ผักชี, ราก","Coriander, roots",เครื่องเทศและเครื่องปรุงรส,ไม่ระบุ,0,84,1.70,0.20,0.00,0,1.90,26,3,,,,1.20,,,,,102,,8,0.03,0.04,2.10,30,,,,,,,,,,,,,,,,,,,,,,,,,,,,,,,,,,,,,,,,,,,,,,,,,,,
10014,foundation,ผงกะหรี่,"Curry, powder",เครื่องเทศและเครื่องปรุงรส,ไม่ระบุ,0,8.1,7.10,7.00,0.00,0,25.80,7254,72,,,,,,,,,498,,41,1.59,0.28,1.80,0,,,,,,,,,,,,,,,,,,,,,,,,,,,,,,,,,,,,,,,,,,,,,,,,,,,
10016,foundation,"ผักชี้, ลูก","Coriander, seed, dried",เครื่องเทศและเครื่องปรุงรส,ไม่ระบุ,0,13.1,13.60,0.60,0.00,0,6.40,512,495,,,,,,,,,102,,8,0.24,0.36,3.50,0,,,,,,,,,,,,,,,,,,,,,,,,,,,,,,,,,,,,,,,,,,,,,,,,,,,
10020,foundation,"พริกไทย, ดำ","Pepper, black",เครื่องเทศและเครื่องปรุงรส,ไม่ระบุ,321,11.4,11.35,5.40,45.85,22.2,3.80,388,199,136,15,1212,3.40,1.01,0.68,4.65,,900,,75,0.13,0.51,1.23,0,1.96,,,,,,,,,,,,,,,,,,,,,,,,,,,,,,,,,,,,,,,,,,,,,,,,,,
10019,foundation,"พริกไทย, ขาว","Pepper, white",เครื่องเทศและเครื่องปรุงรส,ไม่ระบุ,0,11.6,11.30,6.60,0.00,0,1.70,53,164,,,,3.20,,,,,102,,8,0.07,0.07,0.20,,,,,,,,,,,,,,,,,,,,,,,,,,,,,,,,,,,,,,,,,,,,,,,,,,,,
10017,foundation,"พริกขี้หนู, แห้ง","Chilli pepper, dried",เครื่องเทศและเครื่องปรุงรส,ไม่ระบุ,0,20.8,15.80,9.10,0.00,0,3.80,32,360,,,,15.80,,,,,25722,,2143,0.16,0.74,11.20,0,,,,,,,,,,,,,,,,,,,,,,,,,,,,,,,,,,,,,,,,,,,,,,,,,,,
10021,foundation,"พะโล้, ผง ()",,เครื่องเทศและเครื่องปรุงรส,ไม่ระบุ,0,11.3,1.90,8.30,0.00,0,6.30,497,572,,,,,,,,,180,,15,0.90,0.14,8.70,,,,,,,,,,,,,,,,,,,,,,,,,,,,,,,,,,,,,,,,,,,,,,,,,,,,
10018,foundation,"พริกชี้ฟ้า, แห้ง","Pepper, hot, dried",เครื่องเทศและเครื่องปรุงรส,ไม่ระบุ,0,19.9,14.40,11.80,0.00,0,3.90,59,361,,,,17.20,,,,,8214,,684,0.15,0.75,7.20,,,,,,,,,,,,,,,,,,,,,,,,,,,,,,,,,,,,,,,,,,,,,,,,,,,,
10022,foundation,"มะกรูด, น้ำ","Leech  lime, juice",เครื่องเทศและเครื่องปรุงรส,ไม่ระบุ,0,88.2,0.60,0.00,0.00,0,,20,20,,,,0.60,,,,,,,,0.02,0.03,,58,,,,,,,,,,,,,,,,,,,,,,,,,,,,,,,,,,,,,,,,,,,,,,,,,,,
10023,foundation,"มะกรูด, ใบ","Leech  lime, leaves",เครื่องเทศและเครื่องปรุงรส,ไม่ระบุ,0,57.1,6.80,3.10,0.00,0,4.00,1672,20,,,,3.80,,,,,1818,,151,0.20,0.35,1.00,20,,,,,,,,,,,,,,,,,,,,,,,,,,,,,,,,,,,,,,,,,,,,,,,,,,,
10025,foundation,มัสตาด,Mustard,เครื่องเทศและเครื่องปรุงรส,ไม่ระบุ,0,4,31.00,28.40,0.00,0,3.80,3,900,,,,26.10,,,,,,,,0.34,0.09,2.60,13,,,,,,,,,,,,,,,,,,,,,,,,,,,,,,,,,,,,,,,,,,,,,,,,,,,
10026,foundation,"ยี่หร่า/เทียนขาว, เมล็ด","Cumin, seeds.",เครื่องเทศและเครื่องปรุงรส,ไม่ระบุ,0,14.4,14.50,0.60,0.00,0,8.10,2,215,,,,25.50,,,,,180,,15,0.10,0.25,0.60,7,,,,,,,,,,,,,,,,,,,,,,,,,,,,,,,,,,,,,,,,,,,,,,,,,,,
10027,foundation,"สะระแหน่, ใบ","Kitchen Mint, leaves",เครื่องเทศและเครื่องปรุงรส,ไม่ระบุ,0,86.3,3.70,0.60,0.00,0,1.40,40,7,,,,4.80,,,,,,,,0.13,0.29,0.70,88,,,,,,,,,,,,,,,,,,,,,,,,,,,,,,,,,,,,,,,,,,,,,,,,,,,
10024,foundation,"มะกรูด, ผิว","Leech  lime, peels",เครื่องเทศและเครื่องปรุงรส,ไม่ระบุ,0,71.3,4.00,1.90,0.00,0,1.70,138,57,,,,16.70,,,,,18,,1,0.06,0.14,1.20,104,,,,,,,,,,,,,,,,,,,,,,,,,,,,,,,,,,,,,,,,,,,,,,,,,,,
10029,foundation,"โหระพา, ใบ","Sweet basil, leaves",เครื่องเทศและเครื่องปรุงรส,ไม่ระบุ,0,85.5,3.30,1.00,0.00,0,2.30,336,tr,,,,,,,,,,,,0.15,0.39,0.80,35,,,,,,,,,,,,,,,,,,,,,,,,,,,,,,,,,,,,,,,,,,,,,,,,,,,
10031,foundation,โคชูจัง (ซอสพริกเกาหลี)  (),,เครื่องเทศและเครื่องปรุงรส,ไม่ระบุ,227,38.1,4.40,1.67,48.47,0,7.33,0,0,0,0,0,0.00,0.00,0.00,0.00,,0,0.00,0,0.00,0.00,0.00,0,0.00,,,0.00,0,,,,,,,,,,,,,,,,,,,,,,,,,,,,,,,,,,,,,,,,,,,,,,
10028,foundation,หอมแดง,"Shallot, bulbs",เครื่องเทศและเครื่องปรุงรส,ไม่ระบุ,0,83.9,2.70,0.20,0.00,0,0.60,16,59,,,,,,,,,168,,14,0.09,0.03,0.50,5,,,,,,,,,,,,,,,,,,,,,,,,,,,,,,,,,,,,,,,,,,,,,,,,,,,
10030,foundation,อบเชย,Cinnamon,เครื่องเทศและเครื่องปรุงรส,ไม่ระบุ,0,15.1,3.30,1.00,0.00,0,4.00,17,46,,,,,,,,,156,,13,0.02,1.69,,0,,,,,,,,,,,,,,,,,,,,,,,,,,,,,,,,,,,,,,,,,,,,,,,,,,,
10032,foundation,กระเทียมป่น (),,เครื่องเทศและเครื่องปรุงรส,ไม่ระบุ,0,4.7,18.97,0.74,0.00,0,3.61,0,0,0,0,0,0.00,0.00,0.00,0.00,,0,0.00,0,0.00,0.00,0.00,0,0.00,,,0.00,0,,,,,,,,,,,,,,,,,,,,,,,,,,,,,,,,,,,,,,,,,,,,,,
10033,foundation,ขมิ้นป่น (),,เครื่องเทศและเครื่องปรุงรส,ไม่ระบุ,0,9.6,6.63,0.99,0.00,0,7.34,0,0,0,0,0,0.00,0.00,0.00,0.00,,0,0.00,0,0.00,0.00,0.00,0,0.00,,,0.00,0,,,,,,,,,,,,,,,,,,,,,,,,,,,,,,,,,,,,,,,,,,,,,,
10035,foundation,คอมบุทสึยุ (น้ำซุปเข้มข้นกึ่งสำเร็จรูปรสสาหร่าย)  (),,เครื่องเทศและเครื่องปรุงรส,ไม่ระบุ,92,67,3.95,0.00,18.87,0,10.17,0,0,0,0,0,0.00,0.00,0.00,0.00,,0,0.00,0,0.00,0.00,0.00,0,0.00,,,0.00,0,,,,,,,,,,,,,,,,,,,,,,,,,,,,,,,,,,,,,,,,,,,,,,
10037,foundation,ซอสถั่วเหลือง  (),,เครื่องเทศและเครื่องปรุงรส,ไม่ระบุ,72,66.6,8.99,0.00,8.91,0,15.47,0,0,0,0,0,0.00,0.00,0.00,0.00,,0,0.00,0,0.00,0.00,0.00,0,0.00,,,0.00,0,,,,,,,,,,,,,,,,,,,,,,,,,,,,,,,,,,,,,,,,,,,,,,
10038,foundation,ซอสปรุงรสฝาเขียว  (),,เครื่องเทศและเครื่องปรุงรส,ไม่ระบุ,63,65.9,8.73,0.00,6.90,0,18.47,0,0,0,6761,0,0.00,0.00,0.00,0.00,,0,0.00,0,0.00,0.00,0.00,0,0.00,,,16.24,0,,,,,,,,,,,,,,,,,,,,,,,,,,,,,,,,,,,,,,,,,,,,,,
10034,foundation,ข้าวคั่ว  (),,เครื่องเทศและเครื่องปรุงรส,ไม่ระบุ,0,4.4,8.03,1.95,0.00,0,0.90,0,0,0,0,0,0.00,0.00,0.00,0.00,,0,0.00,0,0.00,0.00,0.00,0,0.00,,,0.00,0,,,,,,,,,,,,,,,,,,,,,,,,,,,,,,,,,,,,,,,,,,,,,,
10036,foundation,ซอสโชยุญี่ปุ่น  (),,เครื่องเทศและเครื่องปรุงรส,ไม่ระบุ,100,62.8,4.76,0.00,20.16,0,12.26,0,0,0,0,0,0.00,0.00,0.00,0.00,,0,0.00,0,0.00,0.00,0.00,0,0.00,,,0.00,0,,,,,,,,,,,,,,,,,,,,,,,,,,,,,,,,,,,,,,,,,,,,,,
10039,foundation,ซอสพริก (),,เครื่องเทศและเครื่องปรุงรส,ไม่ระบุ,98,71,0.61,0.32,23.00,0,5.11,8,0,5,2034,107,0.21,0.00,0.06,0.00,,0,0.00,0,0.00,0.00,0.00,0,0.00,,,24.02,0,,,,,,,,,,,,,,,,,,,,,,,,,,,,,,,,,,,,,,,,,,,,,,
10044,foundation,ทซึยุ (ซอสปรุงรสสำหรับโซบะ)   (),,เครื่องเทศและเครื่องปรุงรส,ไม่ระบุ,46,84.5,2.68,0.00,8.69,0,4.16,0,0,0,0,0,0.00,0.00,0.00,0.00,,0,0.00,0,0.00,0.00,0.00,0,0.00,,,0.00,0,,,,,,,,,,,,,,,,,,,,,,,,,,,,,,,,,,,,,,,,,,,,,,
10043,foundation,ซุปรสหมูก้อนกึ่งสำเร็จรูป  (),,เครื่องเทศและเครื่องปรุงรส,ไม่ระบุ,242,3.5,7.77,17.78,12.48,0,58.44,19,0,11,19918,707,1.13,0.03,0.06,0.00,,0,0.00,0,0.00,0.00,0.00,0,0.00,,,65.66,0,,,,,,,,,,,,,,,,,,,,,,,,,,,,,,,,,,,,,,,,,,,,,,
10040,foundation,ซอสมะเขือเทศ (),,เครื่องเทศและเครื่องปรุงรส,ไม่ระบุ,113,68.4,1.09,0.11,26.84,0,3.61,12,0,14,1088,316,0.38,0.02,0.13,0.00,,0,0.00,0,0.00,0.00,0.00,0,0.00,,,23.53,0,,,,,,,,,,,,,,,,,,,,,,,,,,,,,,,,,,,,,,,,,,,,,,
10042,foundation,ซีอิ๊วขาว (),,เครื่องเทศและเครื่องปรุงรส,ไม่ระบุ,46,72.2,4.75,0.00,6.50,0,16.55,0,0,0,6417,0,0.00,0.00,0.00,0.00,,0,0.00,0,0.00,0.00,0.00,0,0.00,,,18.09,0,,,,,,,,,,,,,,,,,,,,,,,,,,,,,,,,,,,,,,,,,,,,,,
10041,foundation,ซิยุโนะ โมโตะ (น้ำซุปเข้มข้น 3 เท่า)  (),,เครื่องเทศและเครื่องปรุงรส,ไม่ระบุ,129,57.8,6.49,0.00,25.57,0,10.17,0,0,0,0,0,0.00,0.00,0.00,0.00,,0,0.00,0,0.00,0.00,0.00,0,0.00,,,0.00,0,,,,,,,,,,,,,,,,,,,,,,,,,,,,,,,,,,,,,,,,,,,,,,
10045,foundation,น้ำจิ้มไก่ (),,เครื่องเทศและเครื่องปรุงรส,ไม่ระบุ,233,38.2,0.39,0.14,57.52,0,3.74,0,0,0,0,0,0.00,0.00,0.00,0.00,,0,0.00,0,0.00,0.00,0.00,0,0.00,,,53.94,0,,,,,,,,,,,,,,,,,,,,,,,,,,,,,,,,,,,,,,,,,,,,,,
10046,foundation,น้ำจิ้มซีฟู้ดส์  (),,เครื่องเทศและเครื่องปรุงรส,ไม่ระบุ,106,67.9,1.65,0.13,24.40,0,5.93,0,0,0,0,0,0.00,0.00,0.00,0.00,,0,0.00,0,0.00,0.00,0.00,0,0.00,,,20.15,0,,,,,,,,,,,,,,,,,,,,,,,,,,,,,,,,,,,,,,,,,,,,,,
10047,foundation,"น้ำจิ้มสุกี้, สูตรกวางตุ้ง ()",,เครื่องเทศและเครื่องปรุงรส,ไม่ระบุ,145,63.1,2.64,3.83,24.79,0,5.60,0,0,0,0,0,0.00,0.00,0.00,0.00,,0,0.00,0,0.00,0.00,0.00,0,0.00,,,20.98,0,,,,,,,,,,,,,,,,,,,,,,,,,,,,,,,,,,,,,,,,,,,,,,
10048,foundation,น้ำตาลโตนด           (),,เครื่องเทศและเครื่องปรุงรส,ไม่ระบุ,368,7.8,0.01,0.00,91.92,0,0.28,0,0,0,0,0,0.00,0.00,0.00,0.00,,0,0.00,0,0.00,0.00,0.00,0,0.00,,,69.80,0,,,,,,,,,,,,,,,,,,,,,,,,,,,,,,,,,,,,,,,,,,,,,,
10052,foundation,น้ำตาลมะพร้าวผสมน้ำตาลอ้อย (),,เครื่องเทศและเครื่องปรุงรส,ไม่ระบุ,392,1.9,0.02,0.00,97.79,0,0.29,0,6,0,0,0,0.00,0.00,0.00,0.00,,0,0.00,0,0.00,0.00,0.00,0,0.00,,,56.70,0,,,,,,,,,,,,,,,,,,,,,,,,,,,,,,,,,,,,,,,,,,,,,,
10051,foundation,น้ำตาลมะพร้าว (),,เครื่องเทศและเครื่องปรุงรส,ไม่ระบุ,377,5.8,0.00,0.00,94.19,0,0.03,0,0,0,0,0,0.00,0.00,0.00,0.00,,0,0.00,0,0.00,0.00,0.00,0,0.00,,,92.65,0,,,,,,,,,,,,,,,,,,,,,,,,,,,,,,,,,,,,,,,,,,,,,,
10050,foundation,น้ำตาลทรายแดง  (),,เครื่องเทศและเครื่องปรุงรส,ไม่ระบุ,391,1.6,0.21,0.00,97.42,0,0.77,0,0,0,0,0,0.00,0.00,0.00,0.00,,0,0.00,0,0.00,0.00,0.00,0,0.00,,,83.19,0,,,,,,,,,,,,,,,,,,,,,,,,,,,,,,,,,,,,,,,,,,,,,,
10049,foundation,น้ำตาลกรวด  (),,เครื่องเทศและเครื่องปรุงรส,ไม่ระบุ,400,0,0.00,0.00,100.00,0,0.00,0,0,0,0,0,0.00,0.00,0.00,0.00,,0,0.00,0,0.00,0.00,0.00,0,0.00,,,89.27,0,,,,,,,,,,,,,,,,,,,,,,,,,,,,,,,,,,,,,,,,,,,,,,
10054,foundation,น้ำปลาร้าต้มสุกปรุงรส ตราแซ่บไมค์ สูตรส้มตำ (FCD) (),FCD,เครื่องเทศและเครื่องปรุงรส,ไม่ระบุ,66,67,3.49,0.00,12.92,0,16.64,0,0,0,5928,0,0.00,0.00,0.00,0.00,,0,0.00,0,0.00,0.00,0.00,0,0.00,,,13.52,0,,,,,,,,,,,,,,,,,,,,,,,,,,,,,,,,,,,,,,,,,,,,,,
10053,foundation,น้ำปลาแท้ (),,เครื่องเทศและเครื่องปรุงรส,ไม่ระบุ,50,65.8,8.59,0.00,3.70,0,21.90,0,0,0,8162,0,0.00,0.00,0.00,0.00,,0,0.00,0,0.00,0.00,0.00,0,0.00,,,25.58,0,,,,,,,,,,,,,,,,,,,,,,,,,,,,,,,,,,,,,,,,,,,,,,
10055,foundation,น้ำผึ้งเกสรดอกลำไย (),,เครื่องเทศและเครื่องปรุงรส,ไม่ระบุ,339,15.4,0.16,0.03,84.41,0,0.02,0,0,0,0,0,0.00,0.00,0.00,0.00,,0,0.00,0,0.00,0.00,0.00,0,0.00,,,0.00,0,,,,,,,,,,,,,,,,,,,,,,,,,,,,,,,,,,,,,,,,,,,,,,
10057,foundation,"มะแขว่น, แห้ง ()",,เครื่องเทศและเครื่องปรุงรส,ไม่ระบุ,0,16.4,8.03,7.91,0.00,0,4.83,0,0,0,0,0,0.00,0.00,0.00,0.00,,0,0.00,0,0.00,0.00,0.00,0,0.00,,,0.00,0,,,,,,,,,,,,,,,,,,,,,,,,,,,,,,,,,,,,,,,,,,,,,,
10056,foundation,ผงปรุงรสอาหาร (),,เครื่องเทศและเครื่องปรุงรส,ไม่ระบุ,219,1.3,9.59,1.63,41.32,0,46.15,38,0,22,15039,969,1.12,0.03,0.66,0.00,,0,0.00,0,0.00,0.00,0.00,0,0.00,,,68.52,0,,,,,,,,,,,,,,,,,,,,,,,,,,,,,,,,,,,,,,,,,,,,,,
10059,foundation,มิริน (ซอสปรุงรส) (),,เครื่องเทศและเครื่องปรุงรส,ไม่ระบุ,164,59.2,0.25,0.00,40.52,0,0.03,0,0,0,0,0,0.00,0.00,0.00,0.00,,0,0.00,0,0.00,0.00,0.00,0,0.00,,,0.00,0,,,,,,,,,,,,,,,,,,,,,,,,,,,,,,,,,,,,,,,,,,,,,,
10058,foundation,มะนาวแป้น (),,เครื่องเทศและเครื่องปรุงรส,ไม่ระบุ,35,90.9,0.44,0.00,8.27,0,0.36,0,0,0,0,0,0.00,0.00,0.00,0.00,,0,0.00,0,0.00,0.00,0.00,0,0.00,,,0.00,0,,,,,,,,,,,,,,,,,,,,,,,,,,,,,,,,,,,,,,,,,,,,,,
10060,foundation,ยี่หร่าป่น (),,เครื่องเทศและเครื่องปรุงรส,ไม่ระบุ,0,8.6,19.01,22.16,0.00,0,7.57,0,0,0,0,0,0.00,0.00,0.00,0.00,,0,0.00,0,0.00,0.00,0.00,0,0.00,,,0.00,0,,,,,,,,,,,,,,,,,,,,,,,,,,,,,,,,,,,,,,,,,,,,,,
10061,foundation,ลูกจันทร์ป่น (),,เครื่องเทศและเครื่องปรุงรส,ไม่ระบุ,0,7.9,5.20,21.62,0.00,0,2.30,0,0,0,0,0,0.00,0.00,0.00,0.00,,0,0.00,0,0.00,0.00,0.00,0,0.00,,,0.00,0,,,,,,,,,,,,,,,,,,,,,,,,,,,,,,,,,,,,,,,,,,,,,,
10062,foundation,สึยุ (น้ำซุปเข้มข้นกึ่งสำเร็จรูป)  (),,เครื่องเทศและเครื่องปรุงรส,ไม่ระบุ,48,82.2,1.78,0.00,10.08,0,5.98,0,0,0,0,0,0.00,0.00,0.00,0.00,,0,0.00,0,0.00,0.00,0.00,0,0.00,,,0.00,0,,,,,,,,,,,,,,,,,,,,,,,,,,,,,,,,,,,,,,,,,,,,,,
10063,foundation,หอมแขกพม่า (),,เครื่องเทศและเครื่องปรุงรส,ไม่ระบุ,41,89.4,1.89,0.03,8.13,0,0.59,0,0,0,0,0,0.00,0.00,0.00,0.00,,0,0.00,0,0.00,0.00,0.00,0,0.00,,,0.00,0,,,,,,,,,,,,,,,,,,,,,,,,,,,,,,,,,,,,,,,,,,,,,,
10066,foundation,ฮะยิ-มิริน สวีท คุ๊กกิ๊ง ไรท์ ซีซั่นนิ่ง (ซอสปรุงรสหวาน)  (),,เครื่องเทศและเครื่องปรุงรส,ไม่ระบุ,168,56.6,0.00,0.00,41.89,0,1.48,0,0,0,0,0,0.00,0.00,0.00,0.00,,0,0.00,0,0.00,0.00,0.00,0,0.00,,,0.00,0,,,,,,,,,,,,,,,,,,,,,,,,,,,,,,,,,,,,,,,,,,,,,,
10065,foundation,ฮอน-มิริน  (),,เครื่องเทศและเครื่องปรุงรส,ไม่ระบุ,174,56.6,0.19,0.00,43.20,0,0.04,0,0,0,0,0,0.00,0.00,0.00,0.00,,0,0.00,0,0.00,0.00,0.00,0,0.00,,,0.00,0,,,,,,,,,,,,,,,,,,,,,,,,,,,,,,,,,,,,,,,,,,,,,,
10064,foundation,อบเชยป่น (),,เครื่องเทศและเครื่องปรุงรส,ไม่ระบุ,0,9.7,3.84,0.47,0.00,0,3.64,0,0,0,0,0,0.00,0.00,0.00,0.00,,0,0.00,0,0.00,0.00,0.00,0,0.00,,,0.00,0,,,,,,,,,,,,,,,,,,,,,,,,,,,,,,,,,,,,,,,,,,,,,,
10068,foundation,เกลือสมุทรแม่กลอง (จ.สมุทรสงคราม) (),,เครื่องเทศและเครื่องปรุงรส,ไม่ระบุ,0,6.7,0.00,0.00,0.00,,89.96,69,tr,534,32553,1186,0.14,tr,-0.14,1.00,,tr,1.00,1,tr,0.02,,,tr,,,,,,,,,,,,,,,,,,,,,,,,,,,,,,,,,,,,,,,,,,,,,,,,,,
10067,foundation,เกลือภูเขาบ่อเกลือน่าน (จ.น่าน) (),,เครื่องเทศและเครื่องปรุงรส,ไม่ระบุ,0,4.9,0.00,0.00,0.00,,95.11,457,tr,16,33274,818,2.01,tr,0.72,1.00,,,,,tr,0.04,,,,,,,,,,,,,,,,,,,,,,,,,,,,,,,,,,,,,,,,,,,,,,,,,,,,,
11001,foundation,กระเพาะปลา,Fish maw soup,อาหารปรุงสำเร็จ : อาหารจานเดียว กับข้าว อาหารประจำภาค อาหารเจ,อาหารจานเดียว,83,85,7.30,5.20,1.80,,0.70,85,63,,,,2.50,,,,,14,164.00,165,0.01,0.32,1.60,0,,,,,,,,,,,,,,,,,,,,,,,,,,,,,,,,,,,,,,,,,,,,,,,,,,,
10069,foundation,เกลือสินเธาว์ (เกลือบ่อกฐิน) (จ.ขอนแก่น) (),,เครื่องเทศและเครื่องปรุงรส,ไม่ระบุ,32,7.1,0.00,0.00,7.88,,85.07,735,1,124,30502,613,0.76,-0.02,0.89,4.00,,tr,3.00,3,tr,tr,,tr,tr,,,,,,,,,,,,,,,,,,,,,,,,,,,,,,,,,,,,,,,,,,,,,,,,,,
10070,foundation,ขมิ้นขาว (จ.เชียงใหม่)  (),,เครื่องเทศและเครื่องปรุงรส,ไม่ระบุ,75,78.2,1.45,1.16,11.68,6,1.60,19,60,38,3,593,0.37,0.07,0.30,tr,,3,184.00,184,,0.02,,0,0.07,62.33,,1.03,,,,,,,,,,,,,,,,,,,,,,,,,,,,,,,,,,,,,,,,,,,,0.66,,,
11004,foundation,ก๋วยเตี๋ยวแขก (ก๋วยเตี๋ยวแกง),Rice noodles with beef curry,อาหารปรุงสำเร็จ : อาหารจานเดียว กับข้าว อาหารประจำภาค อาหารเจ,อาหารจานเดียว,130,75,6.60,7.40,9.40,-0.3,1.60,59,63,,,,0.40,,,,,22,0.00,2,0.12,0.86,1.60,,,,,,,,,,,,,,,,,,,,,,,,,,,,,,,,,,,,,,,,,,,,,,,,,,,,
11005,foundation,ก๋วยเตี๋ยวคั่วไก่,"Rice noodles with chicken, fried",อาหารปรุงสำเร็จ : อาหารจานเดียว กับข้าว อาหารประจำภาค อาหารเจ,อาหารจานเดียว,198,59.7,6.94,8.36,23.77,,1.21,16,87,12,384,102,,,,,,,,,,,,,,,,,,,,,,,,,,,,,,,,,,,,,,,,,,,,,,,,,,,,,,,,,,,,,,,
11002,foundation,"กระเพาะปลา, เส้นหมี่ (Fish maw soup with rice noodles (fine thread))",Fish maw soup with rice noodles (fine thread,อาหารปรุงสำเร็จ : อาหารจานเดียว กับข้าว อาหารประจำภาค อาหารเจ,อาหารจานเดียว,59,84.7,3.75,0.75,9.46,,1.37,6,16,4,583,31,,,,,,,,,,,,,,,,,,,,,,,,,,,,,,,,,,,,,,,,,,,,,,,,,,,,,,,,,,,,,,,
11003,foundation,"ก๋วยจั๊บน้ำข้น (Rice noodles, big sheet, soup with meat and tofu (Guay-jub))","Rice noodles, big sheet, soup with meat and tofu (Guay-jub",อาหารปรุงสำเร็จ : อาหารจานเดียว กับข้าว อาหารประจำภาค อาหารเจ,อาหารจานเดียว,66,84.3,3.91,1.88,8.49,,1.38,10,48,12,482,93,,,,,,,,,,,,,,,,,,,,,,,,,,,,,,,,,,,,,,,,,,,,,,,,,,,,,,,,,,,,,,,
11006,foundation,ก๋วยเตี๋ยวเนื้อสับ,Rice noodles topped with choppped beef and gravy,อาหารปรุงสำเร็จ : อาหารจานเดียว กับข้าว อาหารประจำภาค อาหารเจ,อาหารจานเดียว,111,76.2,3.50,4.10,15.20,-0.4,1.00,41,42,,,,0.20,,,,,13,0.00,1,0.07,0.61,1.30,1,,,,,,,,,,,,,,,,,,,,,,,,,,,,,,,,,,,,,,,,,,,,,,,,,,,
11009,foundation,"ก๋วยเตี๋ยวเส้นเซี่ยงไฮ้, น้ำ (Mung bean noodles (Shanghai noodle) and soup )",Mung bean noodles (Shanghai noodle,อาหารปรุงสำเร็จ : อาหารจานเดียว กับข้าว อาหารประจำภาค อาหารเจ,อาหารจานเดียว,76,85,4.40,4.35,5.06,,1.20,5,48,10,479,67,,,,,,,,,,,,,,,,,,,,,,,,,,,,,,,,,,,,,,,,,,,,,,,,,,,,,,,,,,,,,,,
11011,foundation,"ก๋วยเตี๋ยวเส้นบะหมี่, หมู, แห้ง","Wheat noodles with pork, without soup",อาหารปรุงสำเร็จ : อาหารจานเดียว กับข้าว อาหารประจำภาค อาหารเจ,อาหารจานเดียว,189,61.3,10.89,8.47,17.54,,1.84,10,84,24,974,132,,,,,,,,,,,,,,,,,,,,,,,,,,,,,,,,,,,,,,,,,,,,,,,,,,,,,,,,,,,,,,,
11010,foundation,"ก๋วยเตี๋ยวเส้นบะหมี่, เกี้ยว, หมูแดง, น้ำ",Wheat noodles with roasted pork and soup,อาหารปรุงสำเร็จ : อาหารจานเดียว กับข้าว อาหารประจำภาค อาหารเจ,อาหารจานเดียว,68,84.8,3.61,2.20,8.53,,0.82,8,28,12,396,92,,,,,,,,,,,,,,,,,,,,,,,,,,,,,,,,,,,,,,,,,,,,,,,,,,,,,,,,,,,,,,,
11013,foundation,"ก๋วยเตี๋ยวเส้นเล็ก, ลูกชิ้น, เนื้อสด, น้ำ","Rice noodles, small size with beef ball, beef and soup",อาหารปรุงสำเร็จ : อาหารจานเดียว กับข้าว อาหารประจำภาค อาหารเจ,อาหารจานเดียว,64,83.1,5.00,0.60,9.88,,1.42,3,42,9,503,87,,,,,,,,,,,,,,,,,,,,,,,,,,,,,,,,,,,,,,,,,,,,,,,,,,,,,,,,,,,,,,,
11008,foundation,"ก๋วยเตี๋ยววุ้นเส้น, เย็นตาโฟ, น้ำ  (Mung bean noodles with fish ball, swamp cabbage red sauce and soup (Yen-ta-fo) )","Mung bean noodles with fish ball, swamp cabbage red sauce and soup (Yen-ta-fo",อาหารปรุงสำเร็จ : อาหารจานเดียว กับข้าว อาหารประจำภาค อาหารเจ,อาหารจานเดียว,84,81.1,2.26,2.74,12.67,,1.21,15,24,10,545,60,,,,,,,,,,,,,,,,,,,,,,,,,,,,,,,,,,,,,,,,,,,,,,,,,,,,,,,,,,,,,,,
11007,foundation,"ก๋วยเตี๋ยวผัดไทย, ใส่ไข่","Rice noodles, fried, Thai style",อาหารปรุงสำเร็จ : อาหารจานเดียว กับข้าว อาหารประจำภาค อาหารเจ,อาหารจานเดียว,238,53.8,7.70,12.30,24.30,-0.6,1.90,150,109,,,,2.00,,,,,79,0.00,7,0.07,0.76,1.70,1,,,,,,,,,,,,,,,,,,,,,,,,,,,,,,,,,,,,,,,,,,,,,,,,,,,
11012,foundation,"ก๋วยเตี๋ยวเส้นเล็ก, แคระ, น้ำ","Rice noodles, small size with pork, tufu and soup",อาหารปรุงสำเร็จ : อาหารจานเดียว กับข้าว อาหารประจำภาค อาหารเจ,อาหารจานเดียว,111,78.3,3.04,5.95,11.47,,1.22,13,34,12,556,54,,,,,,,,,,,,,,,,,,,,,,,,,,,,,,,,,,,,,,,,,,,,,,,,,,,,,,,,,,,,,,,
11014,foundation,"ก๋วยเตี๋ยวเส้นเล็ก, หมู, ต้มยำ","Rice noodles, small size with pork, spicy and sour soup",อาหารปรุงสำเร็จ : อาหารจานเดียว กับข้าว อาหารประจำภาค อาหารเจ,อาหารจานเดียว,117,75.5,5.40,5.08,12.47,,1.56,18,59,16,572,91,,,,,,,,,,,,,,,,,,,,,,,,,,,,,,,,,,,,,,,,,,,,,,,,,,,,,,,,,,,,,,,
11017,foundation,"ก๋วยเตี๋ยวเส้นเล็ก, หมู, แห้ง","Rice noodles, small size with pork, without soup",อาหารปรุงสำเร็จ : อาหารจานเดียว กับข้าว อาหารประจำภาค อาหารเจ,อาหารจานเดียว,270,45.2,9.12,11.86,31.83,,1.97,30,96,22,765,134,,,,,,,,,,,,,,,,,,,,,,,,,,,,,,,,,,,,,,,,,,,,,,,,,,,,,,,,,,,,,,,
11018,foundation,"ก๋วยเตี๋ยวเส้นเล็ก, หมูเลียง, น้ำ","Rice noodles, small size with pork and soup",อาหารปรุงสำเร็จ : อาหารจานเดียว กับข้าว อาหารประจำภาค อาหารเจ,อาหารจานเดียว,79,81.4,3.70,1.74,12.15,,1.02,10,40,10,349,109,,,,,,,,,,,,,,,,,,,,,,,,,,,,,,,,,,,,,,,,,,,,,,,,,,,,,,,,,,,,,,,
11015,foundation,"ก๋วยเตี๋ยวเส้นเล็ก, หมู, ตับ, แห้ง","Rice noodles, small size with pork and liver, without soup",อาหารปรุงสำเร็จ : อาหารจานเดียว กับข้าว อาหารประจำภาค อาหารเจ,อาหารจานเดียว,227,57.1,8.20,12.20,21.20,-0.4,1.30,147,128,,,,0.80,,,,,28,575.00,577,0.08,0.54,2.50,1,,,,,,,,,,,,,,,,,,,,,,,,,,,,,,,,,,,,,,,,,,,,,,,,,,,
11020,foundation,"ก๋วยเตี๋ยวเส้นหมี่, เนื้อ, น้ำตก","Rice noodles, fine thread with mix beef and soup",อาหารปรุงสำเร็จ : อาหารจานเดียว กับข้าว อาหารประจำภาค อาหารเจ,อาหารจานเดียว,63,83.7,5.24,0.69,9.15,,1.21,5,41,8,420,75,,,,,,,,,,,,,,,,,,,,,,,,,,,,,,,,,,,,,,,,,,,,,,,,,,,,,,,,,,,,,,,
11016,foundation,"ก๋วยเตี๋ยวเส้นเล็ก, หมู, น้ำตก","Rice noodles, small size with pork and soup",อาหารปรุงสำเร็จ : อาหารจานเดียว กับข้าว อาหารประจำภาค อาหารเจ,อาหารจานเดียว,81,80.6,4.61,1.78,11.64,,1.37,16,48,8,463,108,,,,,,,,,,,,,,,,,,,,,,,,,,,,,,,,,,,,,,,,,,,,,,,,,,,,,,,,,,,,,,,
11019,foundation,"ก๋วยเตี๋ยวเส้นหมี่, ต้มยำ","Rice noodles, fine thread with spicy and sour soup",อาหารปรุงสำเร็จ : อาหารจานเดียว กับข้าว อาหารประจำภาค อาหารเจ,อาหารจานเดียว,93,80.6,5.02,3.86,9.67,,0.87,11,60,5,260,113,,,,,,,,,,,,,,,,,,,,,,,,,,,,,,,,,,,,,,,,,,,,,,,,,,,,,,,,,,,,,,,
11021,foundation,"ก๋วยเตี๋ยวเส้นหมี่, ลูกชิ้น, น้ำ","Rice noodle, fine thread with pork ball and soup",อาหารปรุงสำเร็จ : อาหารจานเดียว กับข้าว อาหารประจำภาค อาหารเจ,อาหารจานเดียว,42,90,2.54,1.30,5.22,,0.92,4,76,6,312,53,,,,,,,,,,,,,,,,,,,,,,,,,,,,,,,,,,,,,,,,,,,,,,,,,,,,,,,,,,,,,,,
11023,foundation,"ก๋วยเตี๋ยวเส้นหมี่, หมูตุ๋น, แห้ง","Rice noodles, fine thread with stewed pork, wihout soup",อาหารปรุงสำเร็จ : อาหารจานเดียว กับข้าว อาหารประจำภาค อาหารเจ,อาหารจานเดียว,107,77.1,6.30,3.38,12.94,,0.24,8,39,10,105,47,,,,,,,,,,,,,,,,,,,,,,,,,,,,,,,,,,,,,,,,,,,,,,,,,,,,,,,,,,,,,,,
11024,foundation,"ก๋วยเตี๋ยวเส้นใหญ่, ไก่ตุ๋นยาจีน","Rice noodles, big size, with chicken and soup",อาหารปรุงสำเร็จ : อาหารจานเดียว กับข้าว อาหารประจำภาค อาหารเจ,อาหารจานเดียว,79,82.3,5.64,2.71,8.02,,1.36,29,58,12,414,99,,,,,,,,,,,,,,,,,,,,,,,,,,,,,,,,,,,,,,,,,,,,,,,,,,,,,,,,,,,,,,,
11026,foundation,"ก๋วยเตี๋ยวเส้นใหญ่, ผัดซีอิ้ว","Rice noodles, big size with pork, egg and soysauce, fried",อาหารปรุงสำเร็จ : อาหารจานเดียว กับข้าว อาหารประจำภาค อาหารเจ,อาหารจานเดียว,197,59.6,4.99,8.39,25.60,,1.38,36,91,15,497,185,,,,,,,,,,,,,,,,,,,,,,,,,,,,,,,,,,,,,,,,,,,,,,,,,,,,,,,,,,,,,,,
11022,foundation,"ก๋วยเตี๋ยวเส้นหมี่, ลูกชิ้นเนื้อวัว, น้ำ","Rice noodles, fine thread with beef ball and soup",อาหารปรุงสำเร็จ : อาหารจานเดียว กับข้าว อาหารประจำภาค อาหารเจ,อาหารจานเดียว,50,87.1,2.70,0.90,8.00,-0.1,1.30,79,50,,,,0.20,,,,,0,0.00,0,0.02,0.18,1.00,0,,,,,,,,,,,,,,,,,,,,,,,,,,,,,,,,,,,,,,,,,,,,,,,,,,,
11025,foundation,"ก๋วยเตี๋ยวเส้นใหญ่, ปลา, น้ำ","Rice noodles, big size with blanched fish and soup",อาหารปรุงสำเร็จ : อาหารจานเดียว กับข้าว อาหารประจำภาค อาหารเจ,อาหารจานเดียว,68,83.8,3.60,1.32,10.45,,0.85,17,31,7,280,46,,,,,,,,,,,,,,,,,,,,,,,,,,,,,,,,,,,,,,,,,,,,,,,,,,,,,,,,,,,,,,,
11028,foundation,"ก๋วยเตี๋ยวเส้นใหญ่, เย็นตาโฟ, น้ำ (Rice noodles, big size with fish ball, swamp cabbage, red sauce and soup (Yen-ta-fo))","Rice noodles, big size with fish ball, swamp cabbage, red sauce and soup (Yen-ta-fo",อาหารปรุงสำเร็จ : อาหารจานเดียว กับข้าว อาหารประจำภาค อาหารเจ,อาหารจานเดียว,72,84.2,3.09,2.89,8.65,-0.2,1.22,52,24,12,446,75,0.50,,,,,7,0.00,tr,0.03,0.40,0.70,1,,,,,,,,,,,,,,,,,,,,,,,,,,,,,,,,,,,,,,,,,,,,,,,,,,,
11027,foundation,"ก๋วยเตี๋ยวเส้นใหญ่, ผัดซีอิ้ว, ใส่ไข่","Rice noodles, big size with  pork, egg and soysauce, fried",อาหารปรุงสำเร็จ : อาหารจานเดียว กับข้าว อาหารประจำภาค อาหารเจ,อาหารจานเดียว,195,61.6,6.30,9.70,20.70,-0.3,1.70,177,95,,,,1.00,,,,,230,0.00,19,0.09,0.54,2.10,2,,,,,,,,,,,,,,,,,,,,,,,,,,,,,,,,,,,,,,,,,,,,,,,,,,,
11029,foundation,"ก๋วยเตี๋ยวเส้นใหญ่, ราดหน้า, กุ้ง (Rice noodles, big size topped with shrimps, chinese kale and gravy (Guay-teaw-rad-na))","Rice noodles, big size topped with shrimps, chinese kale and gravy (Guay-teaw-rad-na",อาหารปรุงสำเร็จ : อาหารจานเดียว กับข้าว อาหารประจำภาค อาหารเจ,อาหารจานเดียว,83,81.6,2.40,2.70,12.40,-0.2,0.90,122,34,,,,0.00,,,,,240,0.00,20,0.01,0.08,0.20,1,,,,,,,,,,,,,,,,,,,,,,,,,,,,,,,,,,,,,,,,,,,,,,,,,,,
11031,foundation,"ก๋วยเตี๋ยวเส้นใหญ่, ราดหน้า, หมู (Rice noodles, big size topped with pork, chinese kale and gravy (Guay-teaw-rad-na))","Rice noodles, big size topped with pork, chinese kale and gravy (Guay-teaw-rad-na",อาหารปรุงสำเร็จ : อาหารจานเดียว กับข้าว อาหารประจำภาค อาหารเจ,อาหารจานเดียว,112,77.3,3.29,5.12,13.28,-0.1,1.01,19,36,13,389,110,0.00,,,,,225,0.00,19,0.01,0.06,0.10,1,,,,,,,,,,,,,,,,,,,,,,,,,,,,,,,,,,,,,,,,,,,,,,,,,,,
11032,foundation,"ก๋วยเตี๋ยวเส้นใหญ่, ราดหน้า, หมูสับ (Rice noodles, big size topped with minced pork, chinese kale and gravy (Guay-teaw-rad-na))","Rice noodles, big size topped with minced pork, chinese kale and gravy (Guay-teaw-rad-na",อาหารปรุงสำเร็จ : อาหารจานเดียว กับข้าว อาหารประจำภาค อาหารเจ,อาหารจานเดียว,113,78.3,4.29,6.12,14.28,0.9,2.01,20,37,14,390,111,1.00,,,,,226,1.00,20,1.01,1.06,1.10,2,,,,,,,,,,,,,,,,,,,,,,,,,,,,,,,,,,,,,,,,,,,,,,,,,,,
11030,foundation,"ก๋วยเตี๋ยวเส้นใหญ่, ราดหน้า, ไก่ (Rice noodles, big size topped with  chicken, chinese kale  and gravy (Guay-teaw-rad-na))","Rice noodles, big size topped with  chicken, chinese kale  and gravy (Guay-teaw-rad-na",อาหารปรุงสำเร็จ : อาหารจานเดียว กับข้าว อาหารประจำภาค อาหารเจ,อาหารจานเดียว,109,78.8,3.00,5.70,11.50,-0.2,1.00,30,33,,,,0.00,,,,,222,0.00,19,0.00,0.15,0.20,1,,,,,,,,,,,,,,,,,,,,,,,,,,,,,,,,,,,,,,,,,,,,,,,,,,,
11034,foundation,ก๋วยเตี๋ยวหลอด,Steamed rice noodle rolls,อาหารปรุงสำเร็จ : อาหารจานเดียว กับข้าว อาหารประจำภาค อาหารเจ,อาหารจานเดียว,102,77.1,4.85,3.20,13.54,,1.36,14,67,43,367,121,,,,,,,,,,,,,,,,,,,,,,,,,,,,,,,,,,,,,,,,,,,,,,,,,,,,,,,,,,,,,,,
11035,foundation,เกาเหลาเนื้อตุ๋น,"Stewed beef with morning glory, bean sprout   and soup",อาหารปรุงสำเร็จ : อาหารจานเดียว กับข้าว อาหารประจำภาค อาหารเจ,อาหารจานเดียว,47,90.2,4.49,2.38,2.14,,0.76,4,26,9,386,55,,,,,,,,,,,,,,,,,,,,,,,,,,,,,,,,,,,,,,,,,,,,,,,,,,,,,,,,,,,,,,,
11033,foundation,"ก๋วยเตี๋ยวเส้นใหญ่, ลูกชิ้น, หมูตุ๋น, น้ำ","Rice noodles, big size with pork ball, stewed    pork and soup",อาหารปรุงสำเร็จ : อาหารจานเดียว กับข้าว อาหารประจำภาค อาหารเจ,อาหารจานเดียว,59,86.5,4.90,1.95,5.61,,1.06,7,46,8,356,74,,,,,,,,,,,,,,,,,,,,,,,,,,,,,,,,,,,,,,,,,,,,,,,,,,,,,,,,,,,,,,,
11037,foundation,เกี๊ยวน้ำ (Wonton soup (Giew-nham)),Wonton soup (Giew-nham,อาหารปรุงสำเร็จ : อาหารจานเดียว กับข้าว อาหารประจำภาค อาหารเจ,อาหารจานเดียว,26,93.3,2.14,0.98,2.40,,1.14,7,19,8,419,50,,,,,,,,,,,,,,,,,,,,,,,,,,,,,,,,,,,,,,,,,,,,,,,,,,,,,,,,,,,,,,,
11036,foundation,เกาเหลาหมู,"Pork with morning glory, bean sprout and soup",อาหารปรุงสำเร็จ : อาหารจานเดียว กับข้าว อาหารประจำภาค อาหารเจ,อาหารจานเดียว,32,92.8,3.01,1.37,1.94,,0.90,6,23,7,371,50,,,,,,,,,,,,,,,,,,,,,,,,,,,,,,,,,,,,,,,,,,,,,,,,,,,,,,,,,,,,,,,
11038,foundation,"ขนมจีน, แกงเขียวหวานไก่",Round rice noodles with  chicken green curry,อาหารปรุงสำเร็จ : อาหารจานเดียว กับข้าว อาหารประจำภาค อาหารเจ,อาหารจานเดียว,112,76.9,4.78,5.15,11.73,,1.42,11,59,17,415,189,,,,,,,,,,,,,,,,,,,,,,,,,,,,,,,,,,,,,,,,,,,,,,,,,,,,,,,,,,,,,,,
11039,foundation,"ขนมผักกาดผัด, ใส่ไข่",Radish rice cake fried,อาหารปรุงสำเร็จ : อาหารจานเดียว กับข้าว อาหารประจำภาค อาหารเจ,อาหารจานเดียว,196,64.3,4.30,11.50,18.90,-0.3,1.00,19,61,,,,0.50,,,,,63,,5,0.01,0.18,1.10,1,,,,,,,,,,,,,,,,,,,,,,,,,,,,,,,,,,,,,,,,,,,,,,,,,,,
11041,foundation,ข้าวกล้องราดต้มจับฉ่าย,Brown rice toppd with Chinese vegetable stew,อาหารปรุงสำเร็จ : อาหารจานเดียว กับข้าว อาหารประจำภาค อาหารเจ,อาหารจานเดียว,97,76.9,3.51,1.69,16.99,,0.92,35,80,33,156,133,,,,,,,,,,,,,,,,,,,,,,,,,,,,,,,,,,,,,,,,,,,,,,,,,,,,,,,,,,,,,,,
11042,foundation,ข้าวขาหมู,Rice topped with pork leg and gravy,อาหารปรุงสำเร็จ : อาหารจานเดียว กับข้าว อาหารประจำภาค อาหารเจ,อาหารจานเดียว,152,68.1,6.70,5.70,18.50,-0.2,1.00,236,43,,,,0.10,,,,,33,0.00,3,0.08,0.21,1.00,0,,,,,,,,,,,,,,,,,,,,,,,,,,,,,,,,,,,,,,,,,,,,,,,,,,,
11044,foundation,ข้าวผัดหมู,"Fried rice with pork, vegetable and egg",อาหารปรุงสำเร็จ : อาหารจานเดียว กับข้าว อาหารประจำภาค อาหารเจ,อาหารจานเดียว,181,64,6.01,8.20,20.79,-0.2,1.00,57,70,8,287,67,0.50,,,,,124,0.00,10,0.02,0.25,1.90,0,,,,,,,,,,,,,,,,,,,,,,,,,,,,,,,,,,,,,,,,,,,,,,,,,,,
11040,foundation,ข้าวกล้องราดแกงคั่วสับปะรด,Brown rice topped with pineapple curry,อาหารปรุงสำเร็จ : อาหารจานเดียว กับข้าว อาหารประจำภาค อาหารเจ,อาหารจานเดียว,122,72.5,3.05,3.52,19.67,,1.29,10,66,24,382,114,,,,,,,,,,,,,,,,,,,,,,,,,,,,,,,,,,,,,,,,,,,,,,,,,,,,,,,,,,,,,,,
11043,foundation,ข้าวคลุกกะปิ,"Rice with shrimp paste, ground shrimp,  pork, omelet",อาหารปรุงสำเร็จ : อาหารจานเดียว กับข้าว อาหารประจำภาค อาหารเจ,อาหารจานเดียว,191,59.5,6.61,7.11,25.21,0.2,1.60,44,83,17,614,159,0.30,,,,,18,0.00,2,0.08,0.24,1.20,0,,,,,,,,,,,,,,,,,,,,,,,,,,,,,,,,,,,,,,,,,,,,,,,,,,,
11045,foundation,ข้าวมันไก่,Rice cooked in chicken-broth topped with chicken,อาหารปรุงสำเร็จ : อาหารจานเดียว กับข้าว อาหารประจำภาค อาหารเจ,อาหารจานเดียว,219,55.9,5.36,9.51,28.01,,1.24,64,47,10,483,82,1.20,,,,,14,0.00,1,0.01,0.03,1.00,0,,,,,,,,,,,,,,,,,,,,,,,,,,,,,,,,,,,,,,,,,,,,,,,,,,,
11046,foundation,ข้าวราดแกงขี้เหล็ก,"Rice topped with curry, cassia leaves and flowers",อาหารปรุงสำเร็จ : อาหารจานเดียว กับข้าว อาหารประจำภาค อาหารเจ,อาหารจานเดียว,115,74.2,3.89,3.40,17.23,,1.24,13,44,15,505,90,,,,,,,,,,,,,,,,,,,,,,,,,,,,,,,,,,,,,,,,,,,,,,,,,,,,,,,,,,,,,,,
11048,foundation,ข้าวราดแกงคั่วกลิ้งหมู,Rice topped with stir-fried minced pork and yellow curry paste,อาหารปรุงสำเร็จ : อาหารจานเดียว กับข้าว อาหารประจำภาค อาหารเจ,อาหารจานเดียว,158,65.2,3.93,4.71,25.13,,1.02,11,83,17,253,140,,,,,,,,,,,,,,,,,,,,,,,,,,,,,,,,,,,,,,,,,,,,,,,,,,,,,,,,,,,,,,,
11047,foundation,ข้าวราดแกงเขียวหวานไก่,Rice topped with chicken green curry,อาหารปรุงสำเร็จ : อาหารจานเดียว กับข้าว อาหารประจำภาค อาหารเจ,อาหารจานเดียว,133,70.9,5.22,3.90,19.25,-0.4,0.73,62,89,9,169,79,0.10,,,,,7,20.00,21,0.07,0.13,1.90,1,,,,,,,,,,,,,,,,,,,,,,,,,,,,,,,,,,,,,,,,,,,,,,,,,,,
11049,foundation,ข้าวราดแกงฉู่ฉี่ปลาทู,"Rice topped with curry, short-body mackerel",อาหารปรุงสำเร็จ : อาหารจานเดียว กับข้าว อาหารประจำภาค อาหารเจ,อาหารจานเดียว,121,72.5,5.16,3.31,17.85,,1.20,20,54,14,429,111,,,,,,,,,,,,,,,,,,,,,,,,,,,,,,,,,,,,,,,,,,,,,,,,,,,,,,,,,,,,,,,
11053,foundation,ข้าวราดแกงมัสมั่นไก่,"Rice topped with curry, matsaman, chicken",อาหารปรุงสำเร็จ : อาหารจานเดียว กับข้าว อาหารประจำภาค อาหารเจ,อาหารจานเดียว,137,71.1,4.40,5.10,18.50,,0.90,5,55,11,295,135,,,0.00,,,,,,,,,,,,,,,,,,,,,,,,,,,,,,,,,,,,,,,,,,,,,,,,,,,,,,,,,,,,
11050,foundation,ข้าวราดแกงไตปลา,"Rice topped with curry, fermented fish viscera",อาหารปรุงสำเร็จ : อาหารจานเดียว กับข้าว อาหารประจำภาค อาหารเจ,อาหารจานเดียว,106,73.3,3.28,0.73,21.66,,1.05,5,37,7,335,38,,,,,,,,,,,,,,,,,,,,,,,,,,,,,,,,,,,,,,,,,,,,,,,,,,,,,,,,,,,,,,,
11051,foundation,ข้าวราดแกงเทโพหมูสามชั้น,"Rice topped with curry, pork and water spinach",อาหารปรุงสำเร็จ : อาหารจานเดียว กับข้าว อาหารประจำภาค อาหารเจ,อาหารจานเดียว,85,80.6,1.93,2.28,14.20,,1.02,6,22,11,347,94,,,,,,,,,,,,,,,,,,,,,,,,,,,,,,,,,,,,,,,,,,,,,,,,,,,,,,,,,,,,,,,
11052,foundation,"ข้าวราดแกงพะแนงหมู (Rice topped with curry, pork (Pha-naeng))","Rice topped with curry, pork (Pha-naeng",อาหารปรุงสำเร็จ : อาหารจานเดียว กับข้าว อาหารประจำภาค อาหารเจ,อาหารจานเดียว,136,68.2,7.29,2.65,20.84,,1.03,7,66,12,423,128,,,,,,,,,,,,,,,,,,,,,,,,,,,,,,,,,,,,,,,,,,,,,,,,,,,,,,,,,,,,,,,
11054,foundation,ข้าวราดแกงส้มชะอมทอด,Rice topped with accacia leave and omelet  in tamarind flavor soup,อาหารปรุงสำเร็จ : อาหารจานเดียว กับข้าว อาหารประจำภาค อาหารเจ,อาหารจานเดียว,107,76.2,3.77,3.43,15.31,,1.27,20,53,10,385,83,,,,,,,,,,,,,,,,,,,,,,,,,,,,,,,,,,,,,,,,,,,,,,,,,,,,,,,,,,,,,,,
11055,foundation,ข้าวราดแกงส้มผักรวม,"Rice topped with tamarind flavor soup, mixed vegetables",อาหารปรุงสำเร็จ : อาหารจานเดียว กับข้าว อาหารประจำภาค อาหารเจ,อาหารจานเดียว,84,77.9,2.91,0.23,17.77,,1.22,20,33,14,400,95,,,,,,,,,,,,,,,,,,,,,,,,,,,,,,,,,,,,,,,,,,,,,,,,,,,,,,,,,,,,,,,
11056,foundation,ข้าวราดแกงเหลือง,"Rice topped with spicy yellow soup, turmeric",อาหารปรุงสำเร็จ : อาหารจานเดียว กับข้าว อาหารประจำภาค อาหารเจ,อาหารจานเดียว,104,73.8,3.64,0.55,21.19,,0.84,13,40,7,298,57,,,,,,,,,,,,,,,,,,,,,,,,,,,,,,,,,,,,,,,,,,,,,,,,,,,,,,,,,,,,,,,
11060,foundation,ข้าวราดต้มจืดเต้าหู้ หมูสับราดข้าว,Rice topped with minced pork omelet and soya bean curd soup,อาหารปรุงสำเร็จ : อาหารจานเดียว กับข้าว อาหารประจำภาค อาหารเจ,อาหารจานเดียว,55,87.5,4.49,1.84,5.29,,0.86,9,44,5,271,76,,,,,,,,,,,,,,,,,,,,,,,,,,,,,,,,,,,,,,,,,,,,,,,,,,,,,,,,,,,,,,,
11059,foundation,ข้าวราดต้มกะทิสายบัว,Rice topped with lotus stem in coconut milk soup,อาหารปรุงสำเร็จ : อาหารจานเดียว กับข้าว อาหารประจำภาค อาหารเจ,อาหารจานเดียว,106,75.5,2.99,2.55,17.88,,1.08,12,32,11,457,108,,,,,,,,,,,,,,,,,,,,,,,,,,,,,,,,,,,,,,,,,,,,,,,,,,,,,,,,,,,,,,,
11058,foundation,ข้าวราดไข่เจียวหมูสับ,Rice topped with minced pork omelet,อาหารปรุงสำเร็จ : อาหารจานเดียว กับข้าว อาหารประจำภาค อาหารเจ,อาหารจานเดียว,236,59.6,8.15,15.56,15.93,,0.75,14,99,9,200,107,,,,,,,,,,,,,,,,,,,,,,,,,,,,,,,,,,,,,,,,,,,,,,,,,,,,,,,,,,,,,,,
11057,foundation,ข้าวราดไข่เจียวสมุนไพร,Rice topped with herb omelet,อาหารปรุงสำเร็จ : อาหารจานเดียว กับข้าว อาหารประจำภาค อาหารเจ,อาหารจานเดียว,209,59.8,5.06,10.10,24.65,,0.37,13,68,6,96,65,,,,,,,,,,,,,,,,,,,,,,,,,,,,,,,,,,,,,,,,,,,,,,,,,,,,,,,,,,,,,,,
11061,foundation,ข้าวราดต้มพะโล้,Rice topped with pork and egg in five spices soup,อาหารปรุงสำเร็จ : อาหารจานเดียว กับข้าว อาหารประจำภาค อาหารเจ,อาหารจานเดียว,158,66.2,7.43,5.57,19.62,,1.20,16,76,2,376,78,,,,,,,,,,,,,,,,,,,,,,,,,,,,,,,,,,,,,,,,,,,,,,,,,,,,,,,,,,,,,,,
11062,foundation,ข้าวราดทอดมันปลากราย (Rice topped with fried fish cake (Tod-man-pla)),Rice topped with fried fish cake (Tod-man-pla,อาหารปรุงสำเร็จ : อาหารจานเดียว กับข้าว อาหารประจำภาค อาหารเจ,อาหารจานเดียว,184,63.2,6.91,8.32,20.61,,0.99,6,75,8,291,83,,,,,,,,,,,,,,,,,,,,,,,,,,,,,,,,,,,,,,,,,,,,,,,,,,,,,,,,,,,,,,,
11063,foundation,ข้าวราดผัดกะเพราไก่,"Rice topped with stir-fried chicken,  chilli and basil",อาหารปรุงสำเร็จ : อาหารจานเดียว กับข้าว อาหารประจำภาค อาหารเจ,อาหารจานเดียว,173,62,8.95,5.48,22.19,,1.43,11,83,18,696,140,,,,,,,,,,,,,,,,,,,,,,,,,,,,,,,,,,,,,,,,,,,,,,,,,,,,,,,,,,,,,,,
11065,foundation,ข้าวราดผัดคะน้าหมูกรอบ,Rice topped with stir-fried crispy pork and kale,อาหารปรุงสำเร็จ : อาหารจานเดียว กับข้าว อาหารประจำภาค อาหารเจ,อาหารจานเดียว,164,66.3,5.50,6.85,20.30,,1.05,10,61,10,294,131,,,,,,,,,,,,,,,,,,,,,,,,,,,,,,,,,,,,,,,,,,,,,,,,,,,,,,,,,,,,,,,
11064,foundation,ข้าวราดผัดกะเพราตับ,"Rice topped with stir-fried pork liver,  chilli and basil",อาหารปรุงสำเร็จ : อาหารจานเดียว กับข้าว อาหารประจำภาค อาหารเจ,อาหารจานเดียว,191,59,6.57,6.30,27.19,,0.94,10,82,10,299,110,,,,,,,,,,,,,,,,,,,,,,,,,,,,,,,,,,,,,,,,,,,,,,,,,,,,,,,,,,,,,,,
11067,foundation,ข้าวราดผัดฉ่าปลากะพง,Rice topped with spicy stir-fried snapper,อาหารปรุงสำเร็จ : อาหารจานเดียว กับข้าว อาหารประจำภาค อาหารเจ,อาหารจานเดียว,191,58.3,7.33,6.38,26.27,,1.72,13,64,17,569,154,,,,,,,,,,,,,,,,,,,,,,,,,,,,,,,,,,,,,,,,,,,,,,,,,,,,,,,,,,,,,,,
11068,foundation,ข้าวราดผัดฉ่าปลาดุก,Rice topped with spicy stir-fried catfish,อาหารปรุงสำเร็จ : อาหารจานเดียว กับข้าว อาหารประจำภาค อาหารเจ,อาหารจานเดียว,130,73.5,6.78,5.86,12.65,,1.24,28,84,19,455,179,,,,,,,,,,,,,,,,,,,,,,,,,,,,,,,,,,,,,,,,,,,,,,,,,,,,,,,,,,,,,,,
11066,foundation,ข้าวราดผัดฉ่าปลากระเบน,Rice topped with spicy stir-fried stingray,อาหารปรุงสำเร็จ : อาหารจานเดียว กับข้าว อาหารประจำภาค อาหารเจ,อาหารจานเดียว,133,70.6,8.89,4.19,15.15,,1.19,12,55,17,449,292,,,,,,,,,,,,,,,,,,,,,,,,,,,,,,,,,,,,,,,,,,,,,,,,,,,,,,,,,,,,,,,
11069,foundation,ข้าวราดผัดเต้าหู้ไข่ทรงเครื่อง,Rice topped with deep fried tofu and gravy sauce,อาหารปรุงสำเร็จ : อาหารจานเดียว กับข้าว อาหารประจำภาค อาหารเจ,อาหารจานเดียว,104,76.4,4.29,2.92,15.36,,1.04,8,61,6,476,98,,,,,,,,,,,,,,,,,,,,,,,,,,,,,,,,,,,,,,,,,,,,,,,,,,,,,,,,,,,,,,,
11070,foundation,ข้าวราดผัดถั่วงอกกับเต้าหู้,Rice topped with stir-fried bean sprout and tofu,อาหารปรุงสำเร็จ : อาหารจานเดียว กับข้าว อาหารประจำภาค อาหารเจ,อาหารจานเดียว,123,71.8,4.00,3.03,20.15,,0.98,13,51,25,486,55,,,,,,,,,,,,,,,,,,,,,,,,,,,,,,,,,,,,,,,,,,,,,,,,,,,,,,,,,,,,,,,
11071,foundation,ข้าวราดผัดผักรวม,Rice topped with stir-fried  mixed vegetables,อาหารปรุงสำเร็จ : อาหารจานเดียว กับข้าว อาหารประจำภาค อาหารเจ,อาหารจานเดียว,117,72.3,3.12,2.10,21.61,,0.83,9,35,8,446,78,,,,,,,,,,,,,,,,,,,,,,,,,,,,,,,,,,,,,,,,,,,,,,,,,,,,,,,,,,,,,,,
11074,foundation,ข้าวราดผัดเผ็ดหอยแมลงภู่,Rice topped with spicy stir-fried mussel and chili paste,อาหารปรุงสำเร็จ : อาหารจานเดียว กับข้าว อาหารประจำภาค อาหารเจ,อาหารจานเดียว,143,67.5,5.98,3.61,21.84,,1.05,11,71,19,416,31,,,,,,,,,,,,,,,,,,,,,,,,,,,,,,,,,,,,,,,,,,,,,,,,,,,,,,,,,,,,,,,
11073,foundation,ข้าวราดผัดเผ็ดปลาดุกสด,Rice topped with  spicy stir-fried  catfish and chili paste,อาหารปรุงสำเร็จ : อาหารจานเดียว กับข้าว อาหารประจำภาค อาหารเจ,อาหารจานเดียว,137,69.4,6.03,4.21,18.82,,1.54,31,74,19,551,173,,,,,,,,,,,,,,,,,,,,,,,,,,,,,,,,,,,,,,,,,,,,,,,,,,,,,,,,,,,,,,,
11072,foundation,ข้าวราดผัดเผ็ดไก่กับหน่อไม้ดอง,"Rice topped with  spicy stir-fried chicken, chilies and sour bamboo",อาหารปรุงสำเร็จ : อาหารจานเดียว กับข้าว อาหารประจำภาค อาหารเจ,อาหารจานเดียว,149,67.4,5.21,4.68,21.73,,1.00,10,54,12,428,131,,,,,,,,,,,,,,,,,,,,,,,,,,,,,,,,,,,,,,,,,,,,,,,,,,,,,,,,,,,,,,,
11075,foundation,ข้าวราดผัดเผ็ดหอยลาย,Rice topped with spicy stir-fried clams  and  chili paste,อาหารปรุงสำเร็จ : อาหารจานเดียว กับข้าว อาหารประจำภาค อาหารเจ,อาหารจานเดียว,141,69.1,2.63,4.65,22.23,,1.44,155,49,16,391,106,,,,,,,,,,,,,,,,,,,,,,,,,,,,,,,,,,,,,,,,,,,,,,,,,,,,,,,,,,,,,,,
11076,foundation,ข้าวราดผัดพริกขิงใส่ถั่วฝักยาว,Rice topped with stir-fried long bean and red chilli paste,อาหารปรุงสำเร็จ : อาหารจานเดียว กับข้าว อาหารประจำภาค อาหารเจ,อาหารจานเดียว,132,71.3,2.72,4.13,21.02,,0.85,9,43,17,294,106,,,,,,,,,,,,,,,,,,,,,,,,,,,,,,,,,,,,,,,,,,,,,,,,,,,,,,,,,,,,,,,
11077,foundation,ข้าวราดผัดฟักทองกับไข่,Rice topped with stir-fried pumpkin and egg,อาหารปรุงสำเร็จ : อาหารจานเดียว กับข้าว อาหารประจำภาค อาหารเจ,อาหารจานเดียว,121,71.1,3.64,1.80,22.61,,0.88,6,55,13,308,154,,,,,,,,,,,,,,,,,,,,,,,,,,,,,,,,,,,,,,,,,,,,,,,,,,,,,,,,,,,,,,,
11079,foundation,ข้าวราดผัดมะระกับไข่,Rice topped with stir-fried bitter melon and egg,อาหารปรุงสำเร็จ : อาหารจานเดียว กับข้าว อาหารประจำภาค อาหารเจ,อาหารจานเดียว,159,69.4,4.57,7.80,17.66,,0.57,18,66,9,140,95,,,,,,,,,,,,,,,,,,,,,,,,,,,,,,,,,,,,,,,,,,,,,,,,,,,,,,,,,,,,,,,
11078,foundation,ข้าวราดผัดมะเขือยาวกับหมูสับ,Rice topped with stir-fried eggplant and minced pork,อาหารปรุงสำเร็จ : อาหารจานเดียว กับข้าว อาหารประจำภาค อาหารเจ,อาหารจานเดียว,144,68.5,3.20,4.33,23.25,,0.74,11,36,15,270,121,,,,,,,,,,,,,,,,,,,,,,,,,,,,,,,,,,,,,,,,,,,,,,,,,,,,,,,,,,,,,,,
11081,foundation,ข้าวราดยำมะเขือยาวกับไข่ดาว,Rice topped with grilled eggplant and fried egg salad,อาหารปรุงสำเร็จ : อาหารจานเดียว กับข้าว อาหารประจำภาค อาหารเจ,อาหารจานเดียว,91,78.1,3.38,1.57,15.98,,0.96,9,42,8,324,74,,,,,,,,,,,,,,,,,,,,,,,,,,,,,,,,,,,,,,,,,,,,,,,,,,,,,,,,,,,,,,,
11080,foundation,ข้าวราดยำไข่ดาว,Rice topped with fried egg salad,อาหารปรุงสำเร็จ : อาหารจานเดียว กับข้าว อาหารประจำภาค อาหารเจ,อาหารจานเดียว,174,65.1,5.44,7.80,20.58,,1.11,20,95,8,467,69,,,,,,,,,,,,,,,,,,,,,,,,,,,,,,,,,,,,,,,,,,,,,,,,,,,,,,,,,,,,,,,
11082,foundation,ข้าวราดยำหมูยอ,Rice topped with pork sausage salad,อาหารปรุงสำเร็จ : อาหารจานเดียว กับข้าว อาหารประจำภาค อาหารเจ,อาหารจานเดียว,144,70.1,4.37,5.90,18.43,,1.16,9,47,13,502,84,,,,,,,,,,,,,,,,,,,,,,,,,,,,,,,,,,,,,,,,,,,,,,,,,,,,,,,,,,,,,,,
11084,foundation,ข้าวราดหมูทอดกระเทียมพริกไทย,"Rice topped with fried pork, garlic and pepper",อาหารปรุงสำเร็จ : อาหารจานเดียว กับข้าว อาหารประจำภาค อาหารเจ,อาหารจานเดียว,193,57,6.10,4.91,31.16,,0.84,6,87,9,266,106,,,,,,,,,,,,,,,,,,,,,,,,,,,,,,,,,,,,,,,,,,,,,,,,,,,,,,,,,,,,,,,
11085,foundation,ข้าวราดหมูสับผัดแม็กกี้,Rice topped with stir-fried minced pork and soysauce,อาหารปรุงสำเร็จ : อาหารจานเดียว กับข้าว อาหารประจำภาค อาหารเจ,อาหารจานเดียว,189,58.1,7.90,5.21,27.78,,1.06,4,115,8,835,162,,,,,,,,,,,,,,,,,,,,,,,,,,,,,,,,,,,,,,,,,,,,,,,,,,,,,,,,,,,,,,,
11083,foundation,ข้าวราดหน้าไก่ผัดใบกะเพรา,Rice topped with stire fried chicken and holy basil leaves,อาหารปรุงสำเร็จ : อาหารจานเดียว กับข้าว อาหารประจำภาค อาหารเจ,อาหารจานเดียว,190,60.3,5.60,7.30,25.60,-0.4,1.20,172,66,,,,0.40,,,,,131,0.00,11,0.07,0.19,2.50,0,,,,,,,,,,,,,,,,,,,,,,,,,,,,,,,,,,,,,,,,,,,,,,,,,,,
11087,foundation,ข้าวหมูแดง (Rice with roasted (red ) pork and gravy),Rice with roasted (red,อาหารปรุงสำเร็จ : อาหารจานเดียว กับข้าว อาหารประจำภาค อาหารเจ,อาหารจานเดียว,169,63.3,6.20,5.60,23.50,-0.2,1.40,352,72,,,,0.20,,,,,61,0.00,5,0.02,,1.30,0,,,,,,,,,,,,,,,,,,,,,,,,,,,,,,,,,,,,,,,,,,,,,,,,,,,
11089,foundation,"ข้าวเหนียวชุบไข่, ปิ้ง","Glutinous rice, steamed ,dipped with egg, roasted",อาหารปรุงสำเร็จ : อาหารจานเดียว กับข้าว อาหารประจำภาค อาหารเจ,อาหารจานเดียว,231,43.2,2.40,1.80,51.40,-0.2,1.20,3,47,,,,,,,,,,,,0.03,0.68,,,,,,,,,,,,,,,,,,,,,,,,,,,,,,,,,,,,,,,,,,,,,,,,,,,,,
11086,foundation,ข้าวหมกไก่+อาจาด,Rice cooked with chicken and curry powder,อาหารปรุงสำเร็จ : อาหารจานเดียว กับข้าว อาหารประจำภาค อาหารเจ,อาหารจานเดียว,158,66.5,6.94,6.07,19.00,,1.48,5,75,8,410,117,,,,,,,,,,,,,,,,,,,,,,,,,,,,,,,,,,,,,,,,,,,,,,,,,,,,,,,,,,,,,,,
11088,foundation,ข้าวหมูอบ,Rice with baked seasoning pork,อาหารปรุงสำเร็จ : อาหารจานเดียว กับข้าว อาหารประจำภาค อาหารเจ,อาหารจานเดียว,174,61.7,7.94,5.28,23.76,,1.34,7,75,9,545,171,,,,,,,,,,,,,,,,,,,,,,,,,,,,,,,,,,,,,,,,,,,,,,,,,,,,,,,,,,,,,,,
11092,foundation,"สุกี้, รวมมิตร, น้ำ","Suki with meat, seafood, vegetables and soup",อาหารปรุงสำเร็จ : อาหารจานเดียว กับข้าว อาหารประจำภาค อาหารเจ,อาหารจานเดียว,39,90.1,3.94,1.08,3.38,,1.47,15,46,12,570,90,,,,,,,,,,,,,,,,,,,,,,,,,,,,,,,,,,,,,,,,,,,,,,,,,,,,,,,,,,,,,,,
11091,foundation,"สุกี้, ไก่, น้ำ","Suki with chicken, vegetables and soup",อาหารปรุงสำเร็จ : อาหารจานเดียว กับข้าว อาหารประจำภาค อาหารเจ,อาหารจานเดียว,46,88.1,3.76,1.10,5.49,,1.52,15,41,10,655,80,,,,,,,,,,,,,,,,,,,,,,,,,,,,,,,,,,,,,,,,,,,,,,,,,,,,,,,,,,,,,,,
11090,foundation,"ส้มตำ, ปู - กุ้ง",Papaya salad with crab and dried shrimp,อาหารปรุงสำเร็จ : อาหารจานเดียว กับข้าว อาหารประจำภาค อาหารเจ,อาหารจานเดียว,84,77.8,3.70,2.10,12.80,-1.6,3.60,71,64,,,,0.00,,,,,53,,4,0.01,0.75,1.80,3,,,,,,,,,,,,,,,,,,,,,,,,,,,,,,,,,,,,,,,,,,,,,,,,,,,
11093,foundation,"สุกี้, รวมมิตร, แห้ง","Suki with meat, seafood and vegetables, stir-fried",อาหารปรุงสำเร็จ : อาหารจานเดียว กับข้าว อาหารประจำภาค อาหารเจ,อาหารจานเดียว,103,78.3,5.70,4.44,10.27,,1.34,41,60,14,515,114,,,,,,,,,,,,,,,,,,,,,,,,,,,,,,,,,,,,,,,,,,,,,,,,,,,,,,,,,,,,,,,
11094,foundation,หมี่กรอบ,Crispy fried fine thread rice noodles,อาหารปรุงสำเร็จ : อาหารจานเดียว กับข้าว อาหารประจำภาค อาหารเจ,อาหารจานเดียว,504,9.1,2.90,29.40,57.10,-0.2,1.50,6,47,,,,0.60,,,,,81,,7,0.08,,2.00,2,,,,,,,,,,,,,,,,,,,,,,,,,,,,,,,,,,,,,,,,,,,,,,,,,,,
11095,foundation,"หมี่กรอบ, ราดหน้า, ทะเล","Crispy fried fine thread rice noodle, topped with seafood, chinese kale and gravy",อาหารปรุงสำเร็จ : อาหารจานเดียว กับข้าว อาหารประจำภาค อาหารเจ,อาหารจานเดียว,114,76.8,3.58,5.47,12.72,,1.44,28,35,13,514,83,,,,,,,,,,,,,,,,,,,,,,,,,,,,,,,,,,,,,,,,,,,,,,,,,,,,,,,,,,,,,,,
11096,foundation,หมี่กะทิ,Fine thread rice noodles cooked with coconut milk,อาหารปรุงสำเร็จ : อาหารจานเดียว กับข้าว อาหารประจำภาค อาหารเจ,อาหารจานเดียว,173,63.3,3.90,6.60,24.50,-0.5,1.70,12,64,15,430,127,0.70,,,24.02,,51,,4,0.10,0.88,0.90,1,0.19,,,,,,,,,,,,,,,,,,,,,,,,,,,,,,,,,,,,,,,,,,,,,,,,,,
11097,foundation,"หอยทอด (Green mussel fried with flour, egg  and mungbean sprout (Hoi-tod) )","Green mussel fried with flour, egg  and mungbean sprout (Hoi-tod",อาหารปรุงสำเร็จ : อาหารจานเดียว กับข้าว อาหารประจำภาค อาหารเจ,อาหารจานเดียว,292,52.1,8.86,21.36,16.13,,1.57,92,209,25,555,108,0.50,,,,,128,0.00,11,0.10,0.66,2.25,1,,,,,,,,,,,,,,,,,,,,,,,,,,,,,,,,,,,,,,,,,,,,,,,,,,,
11099,foundation,"แกงเขียวหวาน, ทูน่า","Curry, green, tuna",อาหารปรุงสำเร็จ : อาหารจานเดียว กับข้าว อาหารประจำภาค อาหารเจ,กับข้าว,169,68.6,9.16,10.36,9.82,,2.06,,,,,,,,,,,,,,,,,,,,,,,,,,,,,,,,,,,,,,,,,,,,,,,,,,,,,,,,,,,,,,,,,,,,
11100,foundation,"แกงเผ็ด, เนื้อ","Curry, red, beef",อาหารปรุงสำเร็จ : อาหารจานเดียว กับข้าว อาหารประจำภาค อาหารเจ,กับข้าว,136,73,10.10,7.77,6.45,,2.65,,,,,,,,,,,,,,,,,,,,,,,,,,,,,,,,,,,,,,,,,,,,,,,,,,,,,,,,,,,,,,,,,,,,
11098,foundation,"แกงกะหรี่, ทูน่า","Curry, yellow, tuna",อาหารปรุงสำเร็จ : อาหารจานเดียว กับข้าว อาหารประจำภาค อาหารเจ,กับข้าว,129,74.9,10.76,7.09,5.64,,1.57,,,,,,,,,,,,,,,,,,,,,,,,,,,,,,,,,,,,,,,,,,,,,,,,,,,,,,,,,,,,,,,,,,,,
11101,foundation,แกงเลียง,Spicy vegetable and prawn soup,อาหารปรุงสำเร็จ : อาหารจานเดียว กับข้าว อาหารประจำภาค อาหารเจ,กับข้าว,30,91.6,1.44,0.35,5.36,,1.29,23,39,17,2,169,,,,,,,,,,,,,,,,,,,,,,,,,,,,,,,,,,,,,,,,,,,,,,,,,,,,,,,,,,,,,,,
11103,foundation,"ต้มข่า, ทูน่า (Soup, coconut milk with galangal, tuna (Tom-kha-tuna))","Soup, coconut milk with galangal, tuna (Tom-kha-tuna",อาหารปรุงสำเร็จ : อาหารจานเดียว กับข้าว อาหารประจำภาค อาหารเจ,กับข้าว,104,80.2,7.26,6.64,3.82,,2.11,,,,,,,,,,,,,,,,,,,,,,,,,,,,,,,,,,,,,,,,,,,,,,,,,,,,,,,,,,,,,,,,,,,,
11102,foundation,"ไก่, ทอดกระเทียมพริกไทย ( Fried chicken  with garlic and pepper)",,อาหารปรุงสำเร็จ : อาหารจานเดียว กับข้าว อาหารประจำภาค อาหารเจ,กับข้าว,186,63.2,18.38,10.02,5.68,,2.74,,,,,,,,,,,,,,,,,,,,,,,,,,,,,,,,,,,,,,,,,,,,,,,,,,,,,,,,,,,,,,,,,,,,
11104,foundation,ต้มเลือดหมู,Tom-leud-moo,อาหารปรุงสำเร็จ : อาหารจานเดียว กับข้าว อาหารประจำภาค อาหารเจ,กับข้าว,36,91.6,5.05,1.30,1.04,,1.03,10,56,9,335,119,,,,,,,,,,,,,,,,,,,,,,,,,,,,,,,,,,,,,,,,,,,,,,,,,,,,,,,,,,,,,,,
11105,foundation,น้ำพริกกะปิ+ปลาทู+ผัก,Shrimp-paste sauce with fried mackerel and vegetable,อาหารปรุงสำเร็จ : อาหารจานเดียว กับข้าว อาหารประจำภาค อาหารเจ,กับข้าว,116,78.1,9.91,7.39,2.58,,2.06,78,124,31,505,218,,,,,,,,,,,,,,,,,,,,,,,,,,,,,,,,,,,,,,,,,,,,,,,,,,,,,,,,,,,,,,,
11106,foundation,น้ำพริกปลาทู+ผัก,Fried mackerel paste sauce with vegetable,อาหารปรุงสำเร็จ : อาหารจานเดียว กับข้าว อาหารประจำภาค อาหารเจ,กับข้าว,32,91.6,2.12,0.71,4.33,,1.27,21,36,17,423,185,,,,,,,,,,,,,,,,,,,,,,,,,,,,,,,,,,,,,,,,,,,,,,,,,,,,,,,,,,,,,,,
11107,foundation,"ปลาซาบะ, ในซอสมะเขือเทศ",Steamed saba in tomato sauce,อาหารปรุงสำเร็จ : อาหารจานเดียว กับข้าว อาหารประจำภาค อาหารเจ,กับข้าว,187,73.4,16.70,13.37,0.00,,1.32,,,,,,,,,,,,,,,,,,,,,,,,,,,,,,,,,,,,,,,,,,,,,,,,,,,,,,,,,,,,,,,,,,,,
11108,foundation,"ปลาซาบะ, ย่างซีอิ้ว","Saba, grilled with soy sauce",อาหารปรุงสำเร็จ : อาหารจานเดียว กับข้าว อาหารประจำภาค อาหารเจ,กับข้าว,187,60.4,17.56,8.77,9.52,,3.72,,,,,,,,,,,,,,,,,,,,,,,,,,,,,,,,,,,,,,,,,,,,,,,,,,,,,,,,,,,,,,,,,,,,
11110,foundation,"ปลาซาร์ดีน, ในซอสมะเขือเทศ",Steamed sardine in tomato sauce,อาหารปรุงสำเร็จ : อาหารจานเดียว กับข้าว อาหารประจำภาค อาหารเจ,กับข้าว,211,54.3,20.10,7.95,14.83,,2.86,,,,,,,,,,,,,,,,,,,,,,,,,,,,,,,,,,,,,,,,,,,,,,,,,,,,,,,,,,,,,,,,,,,,
11112,foundation,"ปลาดุกอุย, ทอด, รสเผ็ด","Fresh-water catfish, fried, spicy",อาหารปรุงสำเร็จ : อาหารจานเดียว กับข้าว อาหารประจำภาค อาหารเจ,กับข้าว,317,40.7,26.85,19.27,9.14,,4.02,,,,,,,,,,,,,,,,,,,,,,,,,,,,,,,,,,,,,,,,,,,,,,,,,,,,,,,,,,,,,,,,,,,,
11111,foundation,"ปลาแซลมอน, ย่าง","Salmon, grilled",อาหารปรุงสำเร็จ : อาหารจานเดียว กับข้าว อาหารประจำภาค อาหารเจ,กับข้าว,156,68.5,21.87,7.65,0.00,,2.48,,,,,,,,,,,,,,,,,,,,,,,,,,,,,,,,,,,,,,,,,,,,,,,,,,,,,,,,,,,,,,,,,,,,
11109,foundation,"ปลาซาร์ดีน, ทอด, รสเผ็ด","Sardine, fried, spicy",อาหารปรุงสำเร็จ : อาหารจานเดียว กับข้าว อาหารประจำภาค อาหารเจ,กับข้าว,238,50.2,28.04,11.13,6.65,,4.03,,,,,,,,,,,,,,,,,,,,,,,,,,,,,,,,,,,,,,,,,,,,,,,,,,,,,,,,,,,,,,,,,,,,
11113,foundation,"ปลาทู, 3 รส","Short bodied mackerel, 3 flavors",อาหารปรุงสำเร็จ : อาหารจานเดียว กับข้าว อาหารประจำภาค อาหารเจ,กับข้าว,149,68.5,11.52,6.70,10.68,,2.64,10,152,38,839,305,,,,,,,,,,,,,,,,,,,,,,,,,,,,,,,,,,,,,,,,,,,,,,,,,,,,,,,,,,,,,,,
11115,foundation,"ปลาทูน่า, แซนวิช, ในน้ำมันพืช",Sandwich tuna in vegetable oil,อาหารปรุงสำเร็จ : อาหารจานเดียว กับข้าว อาหารประจำภาค อาหารเจ,กับข้าว,176,67.7,19.06,10.67,1.10,,1.51,,,,,,,,,,,,,,,,,,,,,,,,,,,,,,,,,,,,,,,,,,,,,,,,,,,,,,,,,,,,,,,,,,,,
11114,foundation,"ปลาทูน่า, ชนิดก้อน, ในน้ำมันพืช",Steamed tuna in vegetable oil,อาหารปรุงสำเร็จ : อาหารจานเดียว กับข้าว อาหารประจำภาค อาหารเจ,กับข้าว,177,64.1,26.43,7.78,0.49,,1.18,,,,,,,,,,,,,,,,,,,,,,,,,,,,,,,,,,,,,,,,,,,,,,,,,,,,,,,,,,,,,,,,,,,,
11117,foundation,"ปลาทูน่า, เนื้อขาวชนิดก้อน, ในน้ำแร่","White tuna, canned in water",อาหารปรุงสำเร็จ : อาหารจานเดียว กับข้าว อาหารประจำภาค อาหารเจ,กับข้าว,115,71,27.93,0.40,0.00,,0.91,,,,,,,,,,,,,,,,,,,,,,,,,,,,,,,,,,,,,,,,,,,,,,,,,,,,,,,,,,,,,,,,,,,,
11116,foundation,"ปลาทูน่า, เนื้อขาว, ชนิดก้อน, ในน้ำเกลือ","White tuna, canned in brine",อาหารปรุงสำเร็จ : อาหารจานเดียว กับข้าว อาหารประจำภาค อาหารเจ,กับข้าว,111,72,26.40,0.66,0.00,,0.96,,,,,,,,,,,,,,,,,,,,,,,,,,,,,,,,,,,,,,,,,,,,,,,,,,,,,,,,,,,,,,,,,,,,
11120,foundation,"ปลาทูน่า, ผัดพริกใบกะเพรา","Tuna, stir-fried in basail sauce",อาหารปรุงสำเร็จ : อาหารจานเดียว กับข้าว อาหารประจำภาค อาหารเจ,กับข้าว,199,64.1,11.95,12.97,8.84,,2.18,,,,,,,,,,,,,,,,,,,,,,,,,,,,,,,,,,,,,,,,,,,,,,,,,,,,,,,,,,,,,,,,,,,,
11118,foundation,"ปลาทูน่า, ในน้ำเกลือ","Tuna, canned in brine",อาหารปรุงสำเร็จ : อาหารจานเดียว กับข้าว อาหารประจำภาค อาหารเจ,กับข้าว,128,71.1,30.71,0.67,0.00,,1.77,,,,,,,,,,,,,,,,,,,,,,,,,,,,,,,,,,,,,,,,,,,,,,,,,,,,,,,,,,,,,,,,,,,,
11119,foundation,"ปลาทูน่า, ผสมกระเทียม","Tuna, canned in brine and garlic",อาหารปรุงสำเร็จ : อาหารจานเดียว กับข้าว อาหารประจำภาค อาหารเจ,กับข้าว,326,52,17.34,27.94,1.33,,1.42,,,,,,,,,,,,,,,,,,,,,,,,,,,,,,,,,,,,,,,,,,,,,,,,,,,,,,,,,,,,,,,,,,,,
11122,foundation,"ปลาทูน่า, สเต็กในน้ำเกลือ","Tuna steak, canned in brine",อาหารปรุงสำเร็จ : อาหารจานเดียว กับข้าว อาหารประจำภาค อาหารเจ,กับข้าว,116,71.7,25.94,1.45,0.00,,1.49,,,,,,,,,,,,,,,,,,,,,,,,,,,,,,,,,,,,,,,,,,,,,,,,,,,,,,,,,,,,,,,,,,,,
11121,foundation,"ปลาทูน่า, มายองเนส",Tuna in mayonnaise,อาหารปรุงสำเร็จ : อาหารจานเดียว กับข้าว อาหารประจำภาค อาหารเจ,กับข้าว,157,72.8,9.16,11.12,5.28,,1.61,,,,,,,,,,,,,,,,,,,,,,,,,,,,,,,,,,,,,,,,,,,,,,,,,,,,,,,,,,,,,,,,,,,,
11123,foundation,"ปลาปากคม, 3 รส","Pak-kom fish, 3 flavors",อาหารปรุงสำเร็จ : อาหารจานเดียว กับข้าว อาหารประจำภาค อาหารเจ,กับข้าว,144,69.5,15.19,7.15,4.76,,3.38,,,,,,,,,,,,,,,,,,,,,,,,,,,,,,,,,,,,,,,,,,,,,,,,,,,,,,,,,,,,,,,,,,,,
11125,foundation,ปลาแมคเคอเรลราดพริก,"Mackerel, canned in chilli sauce",อาหารปรุงสำเร็จ : อาหารจานเดียว กับข้าว อาหารประจำภาค อาหารเจ,กับข้าว,203,56.6,15.14,8.97,15.52,,3.76,,,,,,,,,,,,,,,,,,,,,,,,,,,,,,,,,,,,,,,,,,,,,,,,,,,,,,,,,,,,,,,,,,,,
11127,foundation,"พะแนงหมู (Pork, curry (Pha-naeng))","Pork, curry (Pha-naeng",อาหารปรุงสำเร็จ : อาหารจานเดียว กับข้าว อาหารประจำภาค อาหารเจ,กับข้าว,158,69.8,12.24,9.17,6.70,,2.09,,,,,,,,,,,,,,,,,,,,,,,,,,,,,,,,,,,,,,,,,,,,,,,,,,,,,,,,,,,,,,,,,,,,
11124,foundation,"ปลาแมกเคอเรล, ในซอสมะเขือเทศ","Mackerel, canned in tomato sauce",อาหารปรุงสำเร็จ : อาหารจานเดียว กับข้าว อาหารประจำภาค อาหารเจ,กับข้าว,121,76.6,13.32,7.38,0.54,,2.20,,,,,,,,,,,,,,,,,,,,,,,,,,,,,,,,,,,,,,,,,,,,,,,,,,,,,,,,,,,,,,,,,,,,
11126,foundation,"ปลาหลังขาว, 3 รส","Lung khao fish, 3 flavors",อาหารปรุงสำเร็จ : อาหารจานเดียว กับข้าว อาหารประจำภาค อาหารเจ,กับข้าว,293,39.2,16.38,13.55,26.44,,4.46,,,,,,,,,,,,,,,,,,,,,,,,,,,,,,,,,,,,,,,,,,,,,,,,,,,,,,,,,,,,,,,,,,,,
11128,foundation,มัสมั่นทูน่า,"Tuna, curry, matsaman",อาหารปรุงสำเร็จ : อาหารจานเดียว กับข้าว อาหารประจำภาค อาหารเจ,กับข้าว,234,59.3,14.15,16.03,8.44,,2.06,,,,,,,,,,,,,,,,,,,,,,,,,,,,,,,,,,,,,,,,,,,,,,,,,,,,,,,,,,,,,,,,,,,,
11129,foundation,ลาบปลาดุก,Spicy minced catfish salad,อาหารปรุงสำเร็จ : อาหารจานเดียว กับข้าว อาหารประจำภาค อาหารเจ,กับข้าว,153,70.7,12.33,9.05,5.68,,2.27,37,193,17,494,190,,,,,,,,,,,,,,,,,,,,,,,,,,,,,,,,,,,,,,,,,,,,,,,,,,,,,,,,,,,,,,,
11130,foundation,"หมู, ทอดกระเทียมพริกไทย",Fried pork  with garlic and pepper,อาหารปรุงสำเร็จ : อาหารจานเดียว กับข้าว อาหารประจำภาค อาหารเจ,กับข้าว,240,57.6,18.73,15.98,5.54,,2.18,,,,,,,,,,,,,,,,,,,,,,,,,,,,,,,,,,,,,,,,,,,,,,,,,,,,,,,,,,,,,,,,,,,,
11131,foundation,"หอยแครง, ปรุงรส",Seasoned cockle,อาหารปรุงสำเร็จ : อาหารจานเดียว กับข้าว อาหารประจำภาค อาหารเจ,กับข้าว,264,43.5,20.29,10.66,21.87,,3.68,,,,,,,,,,,,,,,,,,,,,,,,,,,,,,,,,,,,,,,,,,,,,,,,,,,,,,,,,,,,,,,,,,,,
11134,foundation,แกงขี้เหล็ก,"Curry, cassia leaves",อาหารปรุงสำเร็จ : อาหารจานเดียว กับข้าว อาหารประจำภาค อาหารเจ,อาหารประจำภาคกลาง,182,81.8,2.80,19.02,0.00,,1.84,32,43,19,598,142,0.99,0.16,0.40,7.66,,,,,0.05,0.03,1.09,,,,,,,,,,,,,,,,,,,,,,,,,,,,,,,,,,,,,,,,,,,,,,,,,,,,
11136,foundation,แกงบอน,Kang-bon,อาหารปรุงสำเร็จ : อาหารจานเดียว กับข้าว อาหารประจำภาค อาหารเจ,อาหารประจำภาคกลาง,39,88.2,1.55,0.32,7.53,,2.43,49,25,14,437,152,0.67,0.09,0.30,54.11,,50,0.00,4,0.03,0.02,1.74,,0.22,,,,,,,,,,,,,,,,,,,,,,,,,,,,,,,,,,,,,,,,,,,,,,,,,,
11132,foundation,"หอยลาย, ทอด, รสเผ็ด",Seasoned clam,อาหารปรุงสำเร็จ : อาหารจานเดียว กับข้าว อาหารประจำภาค อาหารเจ,กับข้าว,308,30.7,24.95,11.74,25.78,,6.80,,,,,,,,,,,,,,,,,,,,,,,,,,,,,,,,,,,,,,,,,,,,,,,,,,,,,,,,,,,,,,,,,,,,
11133,foundation,"ก๋วยเตี๋ยวผัดปู, รวมถั่วงอกดิบ","Rice noodles, fried with crab and  raw mungbean sprout",อาหารปรุงสำเร็จ : อาหารจานเดียว กับข้าว อาหารประจำภาค อาหารเจ,อาหารประจำภาคกลาง,243,44.9,2.94,6.12,44.10,,1.90,53,36,23,545,135,1.19,0.37,12.71,20.15,,96,0.00,8,0.01,0.08,1.33,,0.74,,,,,,,,,,,,,,,,,,,,,,,,,,,,,,,,,,,,,,,,,,,,,,,,,,
11135,foundation,แกงเขียวหวานหมู,"Green curry, pork",อาหารปรุงสำเร็จ : อาหารจานเดียว กับข้าว อาหารประจำภาค อาหารเจ,อาหารประจำภาคกลาง,136,82.7,6.31,12.32,0.00,,1.86,14,64,22,571,242,1.09,0.16,0.80,11.66,,39,0.00,3,0.12,0.06,3.32,,0.20,,,,,,,,,,,,,,,,,,,,,,,,,,,,,,,,,,,,,,,,,,,,,,,,,,
11138,foundation,แกงหมูชะมวง,Kang-moo-chamoung,อาหารปรุงสำเร็จ : อาหารจานเดียว กับข้าว อาหารประจำภาค อาหารเจ,อาหารประจำภาคกลาง,194,56.6,10.28,6.50,22.82,1.6,2.26,43,99,27,625,249,1.10,0.19,4.92,69.51,,142,0.00,11,0.03,0.18,2.85,,0.61,,,,,,,,,,,,,,,,,,,,,,,,,,,,,,,,,,,,,,,,,,,,,,,,,,
11137,foundation,แกงส้มผักรวมกับปลาช่อน,"Kang-som, vegetables and striped snakehead fish",อาหารปรุงสำเร็จ : อาหารจานเดียว กับข้าว อาหารประจำภาค อาหารเจ,อาหารประจำภาคกลาง,23,93.1,1.96,0.49,2.91,,1.54,19,27,3,509,128,1.09,0.11,0.99,10.78,,33,0.00,2,0.03,0.04,1.03,,0.31,,,,,,,,,,,,,,,,,,,,,,,,,,,,,,,,,,,,,,,,,,,,,,,,,,
11139,foundation,แกงหอยขม,"Curry, river snail",อาหารปรุงสำเร็จ : อาหารจานเดียว กับข้าว อาหารประจำภาค อาหารเจ,อาหารประจำภาคกลาง,125,76.2,5.46,10.00,2.39,2.1,3.87,633,69,72,618,161,16.20,0.94,2.52,84.60,,184,0.00,15,0.07,0.16,2.81,,0.81,,,,,,,,,,,,,,,,,,,,,,,,,,,,,,,,,,,,,,,,,,,,,,,,,,
11143,foundation,ขนมจีนน้ำยา,Round rice noodles with fish curry coconut milk,อาหารปรุงสำเร็จ : อาหารจานเดียว กับข้าว อาหารประจำภาค อาหารเจ,อาหารประจำภาคกลาง,95,81.8,2.40,5.40,9.07,,1.33,21,35,18,436,165,0.97,0.13,,21.00,,42,0.00,4,0.03,0.04,0.99,,0.08,,,,,,,,,,,,,,,,,,,,,,,,,,,,,,,,,,,,,,,,,,,,,,,,,,
11140,foundation,ขนมจีนซาวน้ำ,"Round rice noodles with coconut milk, pineapple, ground shrimps and garlic",อาหารปรุงสำเร็จ : อาหารจานเดียว กับข้าว อาหารประจำภาค อาหารเจ,อาหารประจำภาคกลาง,119,74.9,2.50,4.60,17.00,0.1,0.90,143,43,,,,0.90,,,,,4,0.00,tr,,0.20,1.00,0,,,,,,,,,,,,,,,,,,,,,,,,,,,,,,,,,,,,,,,,,,,,,,,,,,,
11144,foundation,"ขนมจีนน้ำยา, รวมผัก","Round rice noodles with fish curry, coconut milk and vegetable",อาหารปรุงสำเร็จ : อาหารจานเดียว กับข้าว อาหารประจำภาค อาหารเจ,อาหารประจำภาคกลาง,80,83,2.70,3.60,9.20,0.2,1.30,80,41,,,,0.60,,,22.00,,53,0.00,9,0.02,0.11,1.00,0,0.08,,,,,,,,,,,,,,,,,,,,,,,,,,,,,,,,,,,,,,,,,,,,,,,,,,
11141,foundation,ขนมจีนน้ำพริก,"Round rice noodles with shrimp,  mungbean, peanut and curry",อาหารปรุงสำเร็จ : อาหารจานเดียว กับข้าว อาหารประจำภาค อาหารเจ,อาหารประจำภาคกลาง,167,65.9,3.58,8.57,19.06,,2.87,36,61,31,413,204,1.12,0.28,0.52,53.47,,110,0.00,9,0.03,tr,1.83,,0.32,,,,,,,,,,,,,,,,,,,,,,,,,,,,,,,,,,,,,,,,,,,,,,,,,,
11142,foundation,"ขนมจีนน้ำพริก, รวมผัก","Round rice noodles with shrimp, mungbean,  peanut, curry and vegetable",อาหารปรุงสำเร็จ : อาหารจานเดียว กับข้าว อาหารประจำภาค อาหารเจ,อาหารประจำภาคกลาง,152,68.2,3.40,6.60,19.50,0.3,2.00,32,54,,,,1.20,,,51.00,,94,0.00,8,0.02,0.10,1.50,1,0.32,,,,,,,,,,,,,,,,,,,,,,,,,,,,,,,,,,,,,,,,,,,,,,,,,,
11147,foundation,"เต้าเจี้ยว, หลน (Preserved soy bean dip (Lhon tao jiew))",Preserved soy bean dip (Lhon tao jiew,อาหารปรุงสำเร็จ : อาหารจานเดียว กับข้าว อาหารประจำภาค อาหารเจ,อาหารประจำภาคกลาง,72,83.6,3.52,2.94,7.95,,2.03,28,60,32,576,274,1.73,0.26,0.77,14.46,,529,0.00,44,0.02,0.06,0.82,,0.53,,,,,,,,,,,,,,,,,,,,,,,,,,,,,,,,,,,,,,,,,,,,,,,,,,
11146,foundation,ซุปหน่อไม้,"Bamboo shoot, salad",อาหารปรุงสำเร็จ : อาหารจานเดียว กับข้าว อาหารประจำภาค อาหารเจ,อาหารประจำภาคกลาง,41,88.5,2.50,0.80,6.00,-1,2.20,251,31,,,,1.30,,,,,95,0.00,8,,0.08,0.40,1,,,,,,,,,,,,,,,,,,,,,,,,,,,,,,,,,,,,,,,,,,,,,,,,,,,
11145,foundation,ขนมจีนน้ำยาป่า   (Round rice noodles with fish curry (without coconut milk) ),Round rice noodles with fish curry (without coconut milk,อาหารปรุงสำเร็จ : อาหารจานเดียว กับข้าว อาหารประจำภาค อาหารเจ,อาหารประจำภาคกลาง,65,82.8,1.96,0.63,13.12,,1.49,17,32,15,499,129,1.38,0.22,9.66,19.36,,0,0.00,0,0.02,0.04,1.47,,0.09,,,,,,,,,,,,,,,,,,,,,,,,,,,,,,,,,,,,,,,,,,,,,,,,,,
11149,foundation,"ห่อหมก, ปลาช่อน, ใบยอ","Snakehead fish with curry and indian-mulbery   leaves, steamed",อาหารปรุงสำเร็จ : อาหารจานเดียว กับข้าว อาหารประจำภาค อาหารเจ,อาหารประจำภาคกลาง,126,81.3,9.90,9.60,0.00,,1.94,132,75,42,417,252,1.65,0.28,0.72,53.20,,8786,0.00,732,,0.07,3.75,,2.21,,,,,,,,,,,,,,,,,,,,,,,,,,,,,,,,,,,,,,,,,,,,,,,,,,
11151,foundation,"แกงขี้เหล็ก (ดอกขี้เหล็ก), ใส่ปลาย่าง","Curry, cassia leaves and flowers",อาหารปรุงสำเร็จ : อาหารจานเดียว กับข้าว อาหารประจำภาค อาหารเจ,อาหารประจำภาคใต้,197,79.2,4.28,20.00,0.00,,1.72,37,72,32,547,195,0.99,0.30,0.59,52.20,,897,0.00,74,0.08,0.05,2.72,,0.95,,,,,,,,,,,,,,,,,,,,,,,,,,,,,,,,,,,,,,,,,,,,,,,,,,
11148,foundation,"น้ำพริก, ปลาร้า, ผักลวก",Namprik-pla-ra with blanched vegetable,อาหารปรุงสำเร็จ : อาหารจานเดียว กับข้าว อาหารประจำภาค อาหารเจ,อาหารประจำภาคกลาง,88,87.3,3.42,7.99,0.00,1.3,2.26,47,55,27,697,212,1.98,0.22,0.40,17.31,,89,0.00,7,0.05,0.06,2.09,,0.59,,,,,,,,,,,,,,,,,,,,,,,,,,,,,,,,,,,,,,,,,,,,,,,,,,
11150,foundation,แกงไก่ใส่หยวกกล้วย,"Curry, chicken and young banana stem",อาหารปรุงสำเร็จ : อาหารจานเดียว กับข้าว อาหารประจำภาค อาหารเจ,อาหารประจำภาคใต้,123,80.8,6.74,10.00,0.00,,3.30,,,,,,,,,12.60,,38,0.00,3,,0.07,1.64,,0.41,,,,,,,,,,,,,,,,,,,,,,,,,,,,,,,,,,,,,,,,,,,,,,,,,,
11152,foundation,แกงไข่ (ไข่เป็ด),"Curry, duck egg",อาหารปรุงสำเร็จ : อาหารจานเดียว กับข้าว อาหารประจำภาค อาหารเจ,อาหารประจำภาคใต้,158,71.8,8.17,10.96,6.77,,2.30,,,,,,,,,24.02,,44,48.40,52,0.05,0.18,1.78,,0.85,,,,,,,,,,,,,,,,,,,,,,,,,,,,,,,,,,,,,,,,,,,,,,,,,,
11153,foundation,แกงไตปลา,"Curry, fermented fish viscera",อาหารปรุงสำเร็จ : อาหารจานเดียว กับข้าว อาหารประจำภาค อาหารเจ,อาหารประจำภาคใต้,49,86.6,5.28,2.21,1.33,1.6,3.13,34,67,29,1001,187,1.51,0.16,2.06,41.90,,24,107.30,109,0.06,0.11,2.83,,0.22,,,,,,,,,,,,,,,,,,,,,,,,,,,,,,,,,,,,,,,,,,,,,,,,,,
11154,foundation,แกงน้ำเคย (แกงเคยปลา),"Curry, fermented tiny fish",อาหารปรุงสำเร็จ : อาหารจานเดียว กับข้าว อาหารประจำภาค อาหารเจ,อาหารประจำภาคใต้,38,86.8,6.97,0.69,1.15,,4.40,,,,,,,,,37.98,,38,0.00,3,,0.07,2.12,,0.04,,,,,,,,,,,,,,,,,,,,,,,,,,,,,,,,,,,,,,,,,,,,,,,,,,
11155,foundation,แกงพริกปลาตัวเล็ก,"Curry, small fish",อาหารปรุงสำเร็จ : อาหารจานเดียว กับข้าว อาหารประจำภาค อาหารเจ,อาหารประจำภาคใต้,73,80.5,9.96,2.43,3.03,,4.10,,,,,,,,,35.82,,41,0.00,3,,0.10,1.83,,0.74,,,,,,,,,,,,,,,,,,,,,,,,,,,,,,,,,,,,,,,,,,,,,,,,,,
11156,foundation,แกงมัสมั่นเนื้อ,"Curry, matsaman, beef",อาหารปรุงสำเร็จ : อาหารจานเดียว กับข้าว อาหารประจำภาค อาหารเจ,อาหารประจำภาคใต้,251,66,10.21,23.42,0.00,,2.36,33,110,46,612,290,2.02,0.48,3.28,39.79,,59,59.60,64,0.05,0.20,2.49,,0.54,,,,,,,,,,,,,,,,,,,,,,,,,,,,,,,,,,,,,,,,,,,,,,,,,,
11157,foundation,แกงส้มผักรวมกับปลา,"Kang-som, vegetables and fish",อาหารปรุงสำเร็จ : อาหารจานเดียว กับข้าว อาหารประจำภาค อาหารเจ,อาหารประจำภาคใต้,49,87.4,5.22,2.98,0.56,,3.80,,,,,,,,,36.05,,0,0.00,0,0.05,0.07,1.76,,0.34,,,,,,,,,,,,,,,,,,,,,,,,,,,,,,,,,,,,,,,,,,,,,,,,,,
11159,foundation,ไก่กอและ,"Chicken, fried",อาหารปรุงสำเร็จ : อาหารจานเดียว กับข้าว อาหารประจำภาค อาหารเจ,อาหารประจำภาคใต้,233,50.7,23.02,9.79,13.25,,3.20,,,,,,,,,20.99,,58,0.00,4,0.06,0.18,3.92,,0.87,,,,,,,,,,,,,,,,,,,,,,,,,,,,,,,,,,,,,,,,,,,,,,,,,,
11158,foundation,"แกงเหลืองใส่ปลา (Yellow curry (sour soup), fish)",Yellow curry (sour soup,อาหารปรุงสำเร็จ : อาหารจานเดียว กับข้าว อาหารประจำภาค อาหารเจ,อาหารประจำภาคใต้,40,85.5,7.80,0.14,1.32,1.6,3.69,70,92,25,874,212,0.78,0.29,1.98,86.52,,55,0.00,4,0.06,0.04,1.85,,0.38,,,,,,,,,,,,,,,,,,,,,,,,,,,,,,,,,,,,,,,,,,,,,,,,,,
11160,foundation,ขนมจีนน้ำพริก,"Round rice noodles with shrimp, mungbean,  peanut and curry",อาหารปรุงสำเร็จ : อาหารจานเดียว กับข้าว อาหารประจำภาค อาหารเจ,อาหารประจำภาคใต้,108,77.3,2.56,4.71,14.06,,1.40,,,,,,,,,10.60,,45,0.00,3,0.09,0.05,0.14,,0.17,,,,,,,,,,,,,,,,,,,,,,,,,,,,,,,,,,,,,,,,,,,,,,,,,,
11161,foundation,ขนมจีนน้ำยากะทิ,Round rice noodles with fish curry and coconut milk,อาหารปรุงสำเร็จ : อาหารจานเดียว กับข้าว อาหารประจำภาค อาหารเจ,อาหารประจำภาคใต้,75,82.6,3.20,3.31,6.59,3.1,1.20,90,50,28,318,132,0.83,0.16,0.58,22.19,,66,0.00,6,0.04,0.08,1.28,0,0.10,,,,,,,,,,,,,,,,,,,,,,,,,,,,,,,,,,,,,,,,,,,,,,,,,,
11162,foundation,ขนมจีนน้ำยาป่า (Round rice noodles with fish curry (with out coconut milk) ),Round rice noodles with fish curry (with out coconut milk,อาหารปรุงสำเร็จ : อาหารจานเดียว กับข้าว อาหารประจำภาค อาหารเจ,อาหารประจำภาคใต้,64,82.8,2.41,0.40,12.89,,1.50,,,,,,,,,19.18,,21,0.00,1,,0.40,1.07,,0.13,,,,,,,,,,,,,,,,,,,,,,,,,,,,,,,,,,,,,,,,,,,,,,,,,,
11163,foundation,ขนมจีนน้ำละซอ (),,อาหารปรุงสำเร็จ : อาหารจานเดียว กับข้าว อาหารประจำภาค อาหารเจ,อาหารประจำภาคใต้,91,76.9,1.90,1.29,17.97,,1.90,,,,,,,,,7.03,,9,0.00,0,0.04,0.03,0.47,,0.09,,,,,,,,,,,,,,,,,,,,,,,,,,,,,,,,,,,,,,,,,,,,,,,,,,
11165,foundation,ข้าวยำคลุก,Spicy rice salad with vegetable,อาหารปรุงสำเร็จ : อาหารจานเดียว กับข้าว อาหารประจำภาค อาหารเจ,อาหารประจำภาคใต้,151,58.8,4.96,0.00,32.99,,3.30,,,,,,,,,38.10,,41,0.00,3,,0.07,2.32,,0.18,,,,,,,,,,,,,,,,,,,,,,,,,,,,,,,,,,,,,,,,,,,,,,,,,,
11166,foundation,ข้าวยำปักษ์ใต้,Rice with assorted vegetable served with Budu sauce,อาหารปรุงสำเร็จ : อาหารจานเดียว กับข้าว อาหารประจำภาค อาหารเจ,อาหารประจำภาคใต้,164,62.8,3.98,4.90,26.02,,2.30,,,,,,,,,23.98,,0,0.00,0,0.03,0.07,2.02,,0.17,,,,,,,,,,,,,,,,,,,,,,,,,,,,,,,,,,,,,,,,,,,,,,,,,,
11164,foundation,"ข้าวยำ, ข้าวสีม่วง",Purple rice with assorted vegetable served with Budu sauce,อาหารปรุงสำเร็จ : อาหารจานเดียว กับข้าว อาหารประจำภาค อาหารเจ,อาหารประจำภาคใต้,168,59.6,4.99,3.02,30.42,,2.00,,,,,,,,,9.47,,90,0.00,7,0.01,0.06,1.82,,0.09,,,,,,,,,,,,,,,,,,,,,,,,,,,,,,,,,,,,,,,,,,,,,,,,,,
11167,foundation,ข้าวหมกไก่ (Rice cooked with chicken and curry powder (Koa Mook Gai)),Rice cooked with chicken and curry powder (Koa Mook Gai,อาหารปรุงสำเร็จ : อาหารจานเดียว กับข้าว อาหารประจำภาค อาหารเจ,อาหารประจำภาคใต้,157,63.4,5.10,3.30,26.90,,1.30,,,,,,,,,21.60,,0,0.00,0,0.03,0.05,13.12,,0.23,,,,,,,,,,,,,,,,,,,,,,,,,,,,,,,,,,,,,,,,,,,,,,,,,,
11168,foundation,นาชิดาแฆ-แกงกุ้ง (ข้าวเจ้า+ข้าวเหนียว       หุงกับกะทิราดแกงกุ้ง),"Rice and glutinous rice boiled with coconut   milk, with shrimp curry",อาหารปรุงสำเร็จ : อาหารจานเดียว กับข้าว อาหารประจำภาค อาหารเจ,อาหารประจำภาคใต้,212,47.2,3.36,2.05,45.19,,2.20,,,,,,,,,23.36,,19,0.00,1,0.04,0.03,0.33,,0.29,,,,,,,,,,,,,,,,,,,,,,,,,,,,,,,,,,,,,,,,,,,,,,,,,,
11169,foundation,นาชิดาแฆ-แกงปลา (ข้าวเจ้า+ข้าวเหนียวหุง  กับกะทิราดแกงปลา),"Rice and glutinous rice boiled with coconut   milk, with fish curry",อาหารปรุงสำเร็จ : อาหารจานเดียว กับข้าว อาหารประจำภาค อาหารเจ,อาหารประจำภาคใต้,163,60,3.64,2.25,32.11,,2.00,,,,,,,,,75.64,,32,4.90,7,0.08,0.08,0.68,,0.39,,,,,,,,,,,,,,,,,,,,,,,,,,,,,,,,,,,,,,,,,,,,,,,,,,
11170,foundation,นาชิตีเน๊ะ (ข้าวอัดเป็นแท่งราดด้วย ปลานึ่งและมะพร้าวคั่ว),Rice with steamed fish and roasted grated    coconut meat,อาหารปรุงสำเร็จ : อาหารจานเดียว กับข้าว อาหารประจำภาค อาหารเจ,อาหารประจำภาคใต้,119,72,1.41,1.87,24.16,,0.60,,,,,,,,,24.09,,0,0.00,0,0.02,0.02,7.79,,0.00,,,,,,,,,,,,,,,,,,,,,,,,,,,,,,,,,,,,,,,,,,,,,,,,,,
11171,foundation,"นาชิมีเยาะ (ข้าวเจ้าหุงกับกะทิ                ราดแกงตุ้มิ, แกงปลา)","Rice boiled with coconut milk,with fish curry",อาหารปรุงสำเร็จ : อาหารจานเดียว กับข้าว อาหารประจำภาค อาหารเจ,อาหารประจำภาคใต้,172,58.5,3.37,1.24,36.85,,,,,,,,,,,11.27,,58,0.00,4,0.06,0.09,0.83,,0.59,,,,,,,,,,,,,,,,,,,,,,,,,,,,,,,,,,,,,,,,,,,,,,,,,,
11173,foundation,ผัดหมี่ไทย,"Fine rice noodles, fried",อาหารปรุงสำเร็จ : อาหารจานเดียว กับข้าว อาหารประจำภาค อาหารเจ,อาหารประจำภาคใต้,207,53.2,3.35,5.96,35.15,,2.30,,,,,,,,,23.98,,23,0.00,1,,0.06,2.63,,0.15,,,,,,,,,,,,,,,,,,,,,,,,,,,,,,,,,,,,,,,,,,,,,,,,,,
11174,foundation,ยำบูดู,"Budu, Muslim fish sauce, spicy salad",อาหารปรุงสำเร็จ : อาหารจานเดียว กับข้าว อาหารประจำภาค อาหารเจ,อาหารประจำภาคใต้,50,72.8,10.62,0.45,0.93,,15.20,,,,,,,,,19.20,,27,0.00,2,0.01,0.11,1.70,,0.37,,,,,,,,,,,,,,,,,,,,,,,,,,,,,,,,,,,,,,,,,,,,,,,,,,
11172,foundation,"ผัดคั่วกลิ้ง, เนื้อวัว",Beef stir-fried with curry,อาหารปรุงสำเร็จ : อาหารจานเดียว กับข้าว อาหารประจำภาค อาหารเจ,อาหารประจำภาคใต้,146,62.6,21.72,4.63,2.74,3.6,4.74,161,190,67,1423,380,4.54,0.47,7.26,80.81,,96,0.00,8,0.08,0.22,2.97,,1.99,,,,,,,,,,,,,,,,,,,,,,,,,,,,,,,,,,,,,,,,,,,,,,,,,,
11175,foundation,ยำสาหร่ายผมนาง,"Spirulina, spicy salad",อาหารปรุงสำเร็จ : อาหารจานเดียว กับข้าว อาหารประจำภาค อาหารเจ,อาหารประจำภาคใต้,107,74.8,2.36,2.60,17.24,3,,,,,,,,,,1326.00,,0,0.00,0,0.03,0.05,5.63,,0.12,,,,,,,,,,,,,,,,,,,,,,,,,,,,,,,,,,,,,,,,,,,,,,,,,,
11178,foundation,แกงขนุนอ่อน,"Curry, young jackfruit",อาหารปรุงสำเร็จ : อาหารจานเดียว กับข้าว อาหารประจำภาค อาหารเจ,อาหารประจำภาคเหนือ,49,89.8,2.45,2.94,3.19,,1.62,40,31,13,383,106,1.01,0.14,0.66,28.50,,54,0.00,4,0.05,0.07,1.34,1,0.46,,,,,,,,,,,,,,,,,,,,,,,,,,,,,,,,,,,,,,,,,,,,,,,,,,
11176,foundation,สมันปลา,Dried shredded fish,อาหารปรุงสำเร็จ : อาหารจานเดียว กับข้าว อาหารประจำภาค อาหารเจ,อาหารประจำภาคใต้,354,25.3,31.81,15.05,22.21,1.7,3.97,103,310,89,1151,522,4.76,0.97,7.48,73.08,,0,59.40,59,0.21,0.20,4.97,,0.77,,,,,,,,,,,,,,,,,,,,,,,,,,,,,,,,,,,,,,,,,,,,,,,,,,
11177,foundation,"เส้นหมี่, ผัดซีอิ้ว","Rice noodles, fine thread, stir-fried with pork, egg and soysauce",อาหารปรุงสำเร็จ : อาหารจานเดียว กับข้าว อาหารประจำภาค อาหารเจ,อาหารประจำภาคใต้,164,60.1,2.40,2.09,33.91,,1.50,,,,,,,,,23.81,,0,0.00,0,0.03,0.05,2.18,,0.14,,,,,,,,,,,,,,,,,,,,,,,,,,,,,,,,,,,,,,,,,,,,,,,,,,
11181,foundation,"ขนมจีน, น้ำเงี้ยว","Round rice noodles with minced pork, spare rip, blood and soup",อาหารปรุงสำเร็จ : อาหารจานเดียว กับข้าว อาหารประจำภาค อาหารเจ,อาหารประจำภาคเหนือ,107,82.4,2.71,8.42,5.20,,1.27,23,29,10,279,79,2.08,0.12,0.40,26.68,,27,0.00,2,0.06,0.10,1.47,,0.13,,,,,,,,,,,,,,,,,,,,,,,,,,,,,,,,,,,,,,,,,,,,,,,,,,
11180,foundation,แกงฮังเล,Kang-hung-le,อาหารปรุงสำเร็จ : อาหารจานเดียว กับข้าว อาหารประจำภาค อาหารเจ,อาหารประจำภาคเหนือ,215,62.3,11.14,16.00,5.21,2.8,2.50,48,82,27,578,195,1.49,0.12,1.10,39.04,,62,0.00,5,0.16,0.22,2.66,,0.49,,,,,,,,,,,,,,,,,,,,,,,,,,,,,,,,,,,,,,,,,,,,,,,,,,
11179,foundation,แกงผักกาดจอ,Kang-pak-gard-jor,อาหารปรุงสำเร็จ : อาหารจานเดียว กับข้าว อาหารประจำภาค อาหารเจ,อาหารประจำภาคเหนือ,53,87.9,2.80,3.20,2.39,1.8,1.92,70,43,17,477,170,1.32,0.11,0.78,48.40,,978,0.00,81,0.06,0.11,1.29,1,0.93,,,,,,,,,,,,,,,,,,,,,,,,,,,,,,,,,,,,,,,,,,,,,,,,,,
11182,foundation,"ข้าวซอย, ไก่",Noodle with chicken curry,อาหารปรุงสำเร็จ : อาหารจานเดียว กับข้าว อาหารประจำภาค อาหารเจ,อาหารประจำภาคเหนือ,150,72.9,5.83,10.56,7.37,1.6,1.77,21,66,14,416,149,1.24,0.25,1.06,27.67,,45,0.00,3,0.13,0.08,2.98,,0.30,,,,,,,,,,,,,,,,,,,,,,,,,,,,,,,,,,,,,,,,,,,,,,,,,,
11183,foundation,น้ำพริกอ่อง,Nam-prik-ong,อาหารปรุงสำเร็จ : อาหารจานเดียว กับข้าว อาหารประจำภาค อาหารเจ,อาหารประจำภาคเหนือ,212,68.7,6.90,19.66,0.00,4.1,3.02,38,79,23,719,326,1.51,0.17,1.05,42.04,,357,0.00,29,0.25,0.15,2.64,,1.10,,,,,,,,,,,,,,,,,,,,,,,,,,,,,,,,,,,,,,,,,,,,,,,,,,
11186,foundation,ไส้อั่ว,"Sausage, northern style",อาหารปรุงสำเร็จ : อาหารจานเดียว กับข้าว อาหารประจำภาค อาหารเจ,อาหารประจำภาคเหนือ,419,37.4,18.00,36.10,5.75,,2.75,52,134,47,686,381,3.29,0.25,2.50,89.86,,18,0.00,1,0.10,0.32,3.39,,0.32,,,,,,,,,,,,,,,,,,,,,,,,,,,,,,,,,,,,,,,,,,,,,,,,,,
11185,foundation,ลาบคั่วหมูผสมตับ,Spicy minced pork and liver salad,อาหารปรุงสำเร็จ : อาหารจานเดียว กับข้าว อาหารประจำภาค อาหารเจ,อาหารประจำภาคเหนือ,172,66.4,11.68,10.74,5.39,3.8,2.04,19,106,26,518,468,2.40,0.16,1.39,196.59,,110,108.40,117,0.21,0.38,4.78,,0.70,,,,,,,,,,,,,,,,,,,,,,,,,,,,,,,,,,,,,,,,,,,,,,,,,,
11189,foundation,"แกงเผือก, ใส่ปลา","Curry, taro and fish",อาหารปรุงสำเร็จ : อาหารจานเดียว กับข้าว อาหารประจำภาค อาหารเจ,อาหารประจำภาคอีสาน,49,86.3,4.11,0.32,7.65,,1.60,29,,30,429,258,,,,22.41,,39,0.00,3,0.03,0.05,2.10,,0.31,,,,,,,,,,,,,,,,,,,,,,,,,,,,,,,,,,,,,,,,,,,,,,,,,,
11184,foundation,"ลาบคั่ว, หมู",Spicy minced pork salad,อาหารปรุงสำเร็จ : อาหารจานเดียว กับข้าว อาหารประจำภาค อาหารเจ,อาหารประจำภาคเหนือ,175,67.7,13.01,12.16,1.85,3.2,2.14,27,122,22,599,353,3.15,0.77,1.84,83.77,,101,1889.28,1897,0.18,0.35,5.01,,0.77,,,,,,,,,,,,,,,,,,,,,,,,,,,,,,,,,,,,,,,,,,,,,,,,,,
11188,foundation,แกงกล้วยกับไก่,"Curry,banana and chicken",อาหารปรุงสำเร็จ : อาหารจานเดียว กับข้าว อาหารประจำภาค อาหารเจ,อาหารประจำภาคอีสาน,104,80.9,5.17,6.94,5.41,,1.60,52,,28,403,264,,,,27.06,,64,0.00,5,0.08,0.09,0.30,,0.74,,,,,,,,,,,,,,,,,,,,,,,,,,,,,,,,,,,,,,,,,,,,,,,,,,
11190,foundation,แกงหน่อไม้,Bamboo shoot curry,อาหารปรุงสำเร็จ : อาหารจานเดียว กับข้าว อาหารประจำภาค อาหารเจ,อาหารประจำภาคอีสาน,25,92.7,1.41,0.51,3.90,,1.50,,,,,,,,,15.10,,111,0.00,9,0.02,0.05,1.21,,0.10,,,,,,,,,,,,,,,,,,,,,,,,,,,,,,,,,,,,,,,,,,,,,,,,,,
11187,foundation,ก้อยอีสาน,Chopped beef cooked,อาหารปรุงสำเร็จ : อาหารจานเดียว กับข้าว อาหารประจำภาค อาหารเจ,อาหารประจำภาคอีสาน,105,72.4,15.80,1.40,7.40,-1.4,3.00,20,161,,,,1.00,,,,,192,543.00,575,0.02,1.98,6.10,0,,,,,,,,,,,,,,,,,,,,,,,,,,,,,,,,,,,,,,,,,,,,,,,,,,,
11193,foundation,"แกงอ่อม, ปลา (Spicy soup with fish (Gaeng-om) )",Spicy soup with fish (Gaeng-om,อาหารปรุงสำเร็จ : อาหารจานเดียว กับข้าว อาหารประจำภาค อาหารเจ,อาหารประจำภาคอีสาน,53,89,4.73,3.80,0.02,,2.47,245,119,23,631,150,1.79,0.20,0.58,19.96,,461,0.00,39,0.04,0.11,1.67,,0.42,,,,,,,,,,,,,,,,,,,,,,,,,,,,,,,,,,,,,,,,,,,,,,,,,,
11192,foundation,"แกงอ่อม, เนื้อ (Spicy soup with beef  (Gaeng-om) )",Spicy soup with beef  (Gaeng-om,อาหารปรุงสำเร็จ : อาหารจานเดียว กับข้าว อาหารประจำภาค อาหารเจ,อาหารประจำภาคอีสาน,54,88.8,3.54,3.63,2.01,,2.00,,,,,,,,,13.72,,361,0.00,30,0.04,0.09,2.04,,0.31,,,,,,,,,,,,,,,,,,,,,,,,,,,,,,,,,,,,,,,,,,,,,,,,,,
11191,foundation,แกงหอยขม,"Curry, river snail",อาหารปรุงสำเร็จ : อาหารจานเดียว กับข้าว อาหารประจำภาค อาหารเจ,อาหารประจำภาคอีสาน,44,86.4,5.41,0.26,5.14,,2.84,401,60,401,519,65,11.40,1.69,2.64,26.07,,365,0.00,30,0.05,0.14,2.30,,0.63,,,,,,,,,,,,,,,,,,,,,,,,,,,,,,,,,,,,,,,,,,,,,,,,,,
11195,foundation,ขนมจีนน้ำยาป่า (Round rice noodles with fish curry (without coconut milk) ),Round rice noodles with fish curry (without coconut milk,อาหารปรุงสำเร็จ : อาหารจานเดียว กับข้าว อาหารประจำภาค อาหารเจ,อาหารประจำภาคอีสาน,46,87.4,2.20,0.24,8.90,,1.29,31,31,14,374,99,0.54,0.11,0.42,16.08,,38,0.00,3,,0.06,1.25,,0.14,,,,,,,,,,,,,,,,,,,,,,,,,,,,,,,,,,,,,,,,,,,,,,,,,,
11194,foundation,ขนมจีนน้ำนัวปลาร้า (),,อาหารปรุงสำเร็จ : อาหารจานเดียว กับข้าว อาหารประจำภาค อาหารเจ,อาหารประจำภาคอีสาน,87,77.1,1.77,0.74,18.37,,2.00,23,,11,747,73,,,,31.36,,0,0.00,0,0.02,0.04,0.89,,0.08,,,,,,,,,,,,,,,,,,,,,,,,,,,,,,,,,,,,,,,,,,,,,,,,,,
11197,foundation,ซุปกะทิหน่อไม้,"Bamboo shoot with coconut milk, spicy salad",อาหารปรุงสำเร็จ : อาหารจานเดียว กับข้าว อาหารประจำภาค อาหารเจ,อาหารประจำภาคอีสาน,34,91.1,1.65,1.31,4.12,,1.80,,,,,,,,,12.44,,22,0.00,1,0.01,0.09,1.07,,0.25,,,,,,,,,,,,,,,,,,,,,,,,,,,,,,,,,,,,,,,,,,,,,,,,,,
11196,foundation,ซุบหน่อไม้,"Bamboo shoot, spicy salad",อาหารปรุงสำเร็จ : อาหารจานเดียว กับข้าว อาหารประจำภาค อาหารเจ,อาหารประจำภาคอีสาน,26,92.3,1.64,0.68,3.40,,2.00,,,,,,,,,15.36,,4,0.00,tr,0.01,0.03,0.54,,0.04,,,,,,,,,,,,,,,,,,,,,,,,,,,,,,,,,,,,,,,,,,,,,,,,,,
11198,foundation,ซุปมะเขือ/ยำมะเขือเปราะ,"Eggplant, spicy salad",อาหารปรุงสำเร็จ : อาหารจานเดียว กับข้าว อาหารประจำภาค อาหารเจ,อาหารประจำภาคอีสาน,40,88.8,2.64,0.70,5.81,,2.10,25,,32,589,295,,,,9.31,,475,0.00,39,0.06,0.11,1.37,,0.40,,,,,,,,,,,,,,,,,,,,,,,,,,,,,,,,,,,,,,,,,,,,,,,,,,
11200,foundation,ตำมะเขือพวง,"Solanum, spicy salad",อาหารปรุงสำเร็จ : อาหารจานเดียว กับข้าว อาหารประจำภาค อาหารเจ,อาหารประจำภาคอีสาน,94,70.9,8.32,2.23,6.50,7.3,4.70,81,147,26,1106,392,1.73,0.39,0.88,55.35,,138,0.00,11,0.12,0.20,1.14,,0.89,,,,,,,,,,,,,,,,,,,,,,,,,,,,,,,,,,,,,,,,,,,,,,,,,,
11201,foundation,"ลาบเนื้อ, รวมผักสด",Spicy minced beef salad with vegetable,อาหารปรุงสำเร็จ : อาหารจานเดียว กับข้าว อาหารประจำภาค อาหารเจ,อาหารประจำภาคอีสาน,112,73.9,12.40,4.00,5.96,1.4,2.32,44,112,32,650,276,2.41,0.34,2.19,14.88,,177,63.80,78,0.09,0.17,2.13,,0.14,,,,,,,,,,,,,,,,,,,,,,,,,,,,,,,,,,,,,,,,,,,,,,,,,,
11199,foundation,"ซุปมะเขือยาว (Eggplant (brinjal), spicy salad)",Eggplant (brinjal,อาหารปรุงสำเร็จ : อาหารจานเดียว กับข้าว อาหารประจำภาค อาหารเจ,อาหารประจำภาคอีสาน,59,81.4,3.34,0.41,10.59,,4.30,,,,,,,,,14.53,,96,0.00,8,0.10,0.12,10.70,,0.33,,,,,,,,,,,,,,,,,,,,,,,,,,,,,,,,,,,,,,,,,,,,,,,,,,
11202,foundation,"ลาบเลือด, อิสาน",Spicy beef and ox-blood salad,อาหารปรุงสำเร็จ : อาหารจานเดียว กับข้าว อาหารประจำภาค อาหารเจ,อาหารประจำภาคอีสาน,99,73.9,15.70,1.20,6.40,-1.1,2.80,9,141,,,,1.80,,,,,149,364.00,389,0.12,1.36,3.80,,,,,,,,,,,,,,,,,,,,,,,,,,,,,,,,,,,,,,,,,,,,,,,,,,,,
11203,foundation,"ส้มตำ, ปลาร้า","Papaya, fermented fish, salad",อาหารปรุงสำเร็จ : อาหารจานเดียว กับข้าว อาหารประจำภาค อาหารเจ,อาหารประจำภาคอีสาน,36,87.9,2.15,0.64,4.11,2.8,2.41,73,29,22,716,197,1.76,0.19,0.42,16.66,,65,0.00,5,0.06,0.05,0.94,,0.35,,,,,,,,,,,,,,,,,,,,,,,,,,,,,,,,,,,,,,,,,,,,,,,,,,
11204,foundation,"ส้มตำ, อิสาน","Papaya, salad",อาหารปรุงสำเร็จ : อาหารจานเดียว กับข้าว อาหารประจำภาค อาหารเจ,อาหารประจำภาคอีสาน,27,90.4,1.80,0.30,4.50,-0.9,3.00,94,44,,,,0.00,,,,,49,0.00,8,0.01,0.05,0.70,3,,,,,,,,,,,,,,,,,,,,,,,,,,,,,,,,,,,,,,,,,,,,,,,,,,,
11206,foundation,ห่อหมกไข่ปลา,"Fish roe with curry, steamed",อาหารปรุงสำเร็จ : อาหารจานเดียว กับข้าว อาหารประจำภาค อาหารเจ,อาหารประจำภาคอีสาน,230,67.9,13.26,19.69,0.00,,3.40,,,,,,,,,67.38,,43,65.50,69,0.03,0.05,2.66,,0.25,,,,,,,,,,,,,,,,,,,,,,,,,,,,,,,,,,,,,,,,,,,,,,,,,,
11207,foundation,"กาน่าฉ่าย (Vegetarian, check of mustard (ghana chai))","Vegetarian, check of mustard (ghana chai",อาหารปรุงสำเร็จ : อาหารจานเดียว กับข้าว อาหารประจำภาค อาหารเจ,อาหารเจ,249,64.4,1.69,23.74,7.15,,3.00,23,tr,13,1041,33,1.57,,,4.85,,,,,0.00,0.03,,,,,,,,,,,,,,,,,,,,,,,,,,,,,,,,,,,,,,,,,,,,,,,,,,,,,
11205,foundation,"ไส้กรอก, อิสาน","Sausage, northeastern style",อาหารปรุงสำเร็จ : อาหารจานเดียว กับข้าว อาหารประจำภาค อาหารเจ,อาหารประจำภาคอีสาน,397,36.3,17.30,30.50,13.50,-0.7,2.40,70,124,,,,0.00,,,,,0,0.00,0,0.08,0.45,2.60,0,,,,,,,,,,,,,,,,,,,,,,,,,,,,,,,,,,,,,,,,,,,,,,,,,,,
11209,foundation,"เกี้ยนทอด, อาหารเจ","Vegetarian, fried wontons",อาหารปรุงสำเร็จ : อาหารจานเดียว กับข้าว อาหารประจำภาค อาหารเจ,อาหารเจ,197,57.5,3.30,6.60,31.10,-0.6,1.50,352,49,,,0,,,,,,72,,6,0.43,1.60,,,,,,,,,,,,,,,,,,,,,,,,,,,,,,,,,,,,,,,,,,,,,,,,,,,,,
11208,foundation,กุ้งเจ,"Vegetarian, shrimp",อาหารปรุงสำเร็จ : อาหารจานเดียว กับข้าว อาหารประจำภาค อาหารเจ,อาหารเจ,71,79.8,0.07,0.10,17.64,,2.38,45,8,1,506,15,0.16,,,13.54,,0,0.00,0,0.00,0.03,,,,,,,,,,,,,,,,,,,,,,,,,,,,,,,,,,,,,,,,,,,,,,,,,,,,,
11210,foundation,"แกงส้มผักรวม, อาหารเจ","Vegetarian, sour soup mixed vegetables",อาหารปรุงสำเร็จ : อาหารจานเดียว กับข้าว อาหารประจำภาค อาหารเจ,อาหารเจ,33,90.8,1.10,0.40,6.30,-0.6,1.40,17,20,,,1,,,,,,108,0.00,9,0.03,0.20,9.00,,,,,,,,,,,,,,,,,,,,,,,,,,,,,,,,,,,,,,,,,,,,,,,,,,,,
11212,foundation,"ข้าวกล้องราดลาบเห็ด, อาหารเจ",Brown rice topped with spicy minced mushroom salad,อาหารปรุงสำเร็จ : อาหารจานเดียว กับข้าว อาหารประจำภาค อาหารเจ,อาหารเจ,158,64.9,5.89,4.72,23.10,,1.39,8,118,31,234,95,,,,,,,,,,,,,,,,,,,,,,,,,,,,,,,,,,,,,,,,,,,,,,,,,,,,,,,,,,,,,,,
11211,foundation,"แกงอ่อมมะระใส่เห็ด, อาหารเจ","Vegetarian, gaeng om ma ra with mushroom",อาหารปรุงสำเร็จ : อาหารจานเดียว กับข้าว อาหารประจำภาค อาหารเจ,อาหารเจ,49,88,0.90,2.00,6.90,,2.20,3,27,,,1,,,,,,30,0.00,3,0.11,0.70,6.00,,,,,,,,,,,,,,,,,,,,,,,,,,,,,,,,,,,,,,,,,,,,,,,,,,,,
11214,foundation,"ต้มพะโล้, อาหารเจ","Vegetarian, sweet brown sauce",อาหารปรุงสำเร็จ : อาหารจานเดียว กับข้าว อาหารประจำภาค อาหารเจ,อาหารเจ,120,75.7,10.09,6.25,6.06,,1.88,23,89,44,556,116,1.56,,,16.97,,,,,0.01,0.07,,,,,,,,,,,,,,,,,,,,,,,,,,,,,,,,,,,,,,,,,,,,,,,,,,,,,
11213,foundation,"ต้มจับฉ่าย, อาหารเจ","Vegetarian, chinese vegetable stew",อาหารปรุงสำเร็จ : อาหารจานเดียว กับข้าว อาหารประจำภาค อาหารเจ,อาหารเจ,50,89,1.85,3.40,3.12,,1.67,52,29,19,766,190,1.14,,,2.81,,,,,0.01,0.07,,,,,,,,,,,,,,,,,,,,,,,,,,,,,,,,,,,,,,,,,,,,,,,,,,,,,
11217,foundation,"เนื้อเป็ด, อาหารเจ","Vegetarian, duck meat",อาหารปรุงสำเร็จ : อาหารจานเดียว กับข้าว อาหารประจำภาค อาหารเจ,อาหารเจ,136,66.1,23.08,1.39,7.99,,1.41,181,32,14,53,69,1.01,,,5.30,,,,,0.04,0.09,,,,,,,,,,,,,,,,,,,,,,,,,,,,,,,,,,,,,,,,,,,,,,,,,,,,,
11218,foundation,"ปลาเค็ม, อาหารเจ","Vegetarian, salted fish",อาหารปรุงสำเร็จ : อาหารจานเดียว กับข้าว อาหารประจำภาค อาหารเจ,อาหารเจ,221,54.7,17.85,11.76,11.16,,4.51,64,162,26,1405,138,2.72,,,39.08,,,,,0.02,0.14,,,,,,,,,,,,,,,,,,,,,,,,,,,,,,,,,,,,,,,,,,,,,,,,,,,,,
11215,foundation,"ต้มหน่อไม้จีน, อาหารเจ","Vegetarian, foodie chubby lawyer",อาหารปรุงสำเร็จ : อาหารจานเดียว กับข้าว อาหารประจำภาค อาหารเจ,อาหารเจ,35,92.3,1.30,1.88,3.42,,1.12,7,tr,4,424,33,0.30,,,2.10,,,,,0.01,0.02,,,,,,,,,,,,,,,,,,,,,,,,,,,,,,,,,,,,,,,,,,,,,,,,,,,,,
11216,foundation,"ทอดมันถั่วเขียว, อาหารเจ","Vegetarian, fried mung bean-paste balls",อาหารปรุงสำเร็จ : อาหารจานเดียว กับข้าว อาหารประจำภาค อาหารเจ,อาหารเจ,248,48.3,4.60,10.60,33.60,-1,2.90,37,82,,,1,,,,,,198,0.00,17,0.09,1.10,1.00,,,,,,,,,,,,,,,,,,,,,,,,,,,,,,,,,,,,,,,,,,,,,,,,,,,,
11219,foundation,"ปลาเส้นผสมสาหร่าย, อาหารเจ","Vegetarian, fish and seaweed",อาหารปรุงสำเร็จ : อาหารจานเดียว กับข้าว อาหารประจำภาค อาหารเจ,อาหารเจ,106,76.1,1.71,4.08,15.77,,2.33,11,15,7,762,119,0.29,,,16.53,,0,,,0.00,0.03,,,,,,,,,,,,,,,,,,,,,,,,,,,,,,,,,,,,,,,,,,,,,,,,,,,,,
11220,foundation,"ปลิงทะเล, อาหารเจ","Vegetarian, sea ​​cucumber",อาหารปรุงสำเร็จ : อาหารจานเดียว กับข้าว อาหารประจำภาค อาหารเจ,อาหารเจ,22,93.8,0.08,0.12,5.21,,0.77,18,16,6,367,22,0.33,,,7.40,,,,,0.00,0.02,,,,,,,,,,,,,,,,,,,,,,,,,,,,,,,,,,,,,,,,,,,,,,,,,,,,,
11221,foundation,"ผัดยากิโซบะ, อาหารเจ","Vegetarian, chinese style preserved bamboo soup",อาหารปรุงสำเร็จ : อาหารจานเดียว กับข้าว อาหารประจำภาค อาหารเจ,อาหารเจ,137,69.7,4.58,4.87,18.84,,2.05,35,53,23,727,145,0.09,,,3.10,,,,,0.02,0.06,,,,,,,,,,,,,,,,,,,,,,,,,,,,,,,,,,,,,,,,,,,,,,,,,,,,,
11222,foundation,"ผัดวุ้นเส้น (ผัดโฮ๊ะ), อาหารเจ","Vegetarian, pad woon sen",อาหารปรุงสำเร็จ : อาหารจานเดียว กับข้าว อาหารประจำภาค อาหารเจ,อาหารเจ,151,71.9,1.40,9.10,16.10,-1.5,1.50,14,39,,,1,,,,,,162,0.00,14,0.18,1.20,0.00,,,,,,,,,,,,,,,,,,,,,,,,,,,,,,,,,,,,,,,,,,,,,,,,,,,,
11224,foundation,"ฟองเต้าหู้, อาหารเจ","Vegetarian, soybean sheet",อาหารปรุงสำเร็จ : อาหารจานเดียว กับข้าว อาหารประจำภาค อาหารเจ,อาหารเจ,225,56.2,24.12,12.13,4.97,,2.58,104,301,87,1091,231,5.54,,,65.62,,,,,0.00,0.07,,,,,,,,,,,,,,,,,,,,,,,,,,,,,,,,,,,,,,,,,,,,,,,,,,,,,
11223,foundation,"ผัดหมี่ซัว, อาหารเจ","Vegetarian, stir-fried rice noodles",อาหารปรุงสำเร็จ : อาหารจานเดียว กับข้าว อาหารประจำภาค อาหารเจ,อาหารเจ,119,73.4,4.29,3.80,17.02,,1.61,19,36,10,663,94,0.88,,,1.55,,,,,0.02,0.03,,,,,,,,,,,,,,,,,,,,,,,,,,,,,,,,,,,,,,,,,,,,,,,,,,,,,
11225,foundation,"ยำก๋วยเตี๋ยวเซียงไฮ้, อาหารเจ","Vegetarian, spicy shanghai noodles salad",อาหารปรุงสำเร็จ : อาหารจานเดียว กับข้าว อาหารประจำภาค อาหารเจ,อาหารเจ,80,76.6,1.70,0.40,17.40,-0.4,3.90,13,26,,,1,,,,,,66,0.00,6,0.04,0.30,5.00,,,,,,,,,,,,,,,,,,,,,,,,,,,,,,,,,,,,,,,,,,,,,,,,,,,,
11226,foundation,"เย็นตาโฟ, อาหารเจ","Vegetarian, yentafo noodles soup",อาหารปรุงสำเร็จ : อาหารจานเดียว กับข้าว อาหารประจำภาค อาหารเจ,อาหารเจ,188,62.5,4.10,8.80,23.20,-0.5,1.40,162,41,,,1,,,,,,306,0.00,26,0.37,0.50,,,,,,,,,,,,,,,,,,,,,,,,,,,,,,,,,,,,,,,,,,,,,,,,,,,,,
11227,foundation,"ลูกชิ้นไส้เห็ด, อาหารเจ","Vegetarian, mushroom ball",อาหารปรุงสำเร็จ : อาหารจานเดียว กับข้าว อาหารประจำภาค อาหารเจ,อาหารเจ,87,78,2.18,1.53,16.17,,2.10,61,28,6,832,88,0.45,,,55.81,,,,,0.00,0.05,,,,,,,,,,,,,,,,,,,,,,,,,,,,,,,,,,,,,,,,,,,,,,,,,,,,,
11229,foundation,"หมี่กรอบ, อาหารเจ","Vegetarian, crispy fried noodles",อาหารปรุงสำเร็จ : อาหารจานเดียว กับข้าว อาหารประจำภาค อาหารเจ,อาหารเจ,182,66.4,2.70,10.20,19.90,-0.6,0.80,17,36,,,0,,,,,,0,,0,0.18,1.00,,,,,,,,,,,,,,,,,,,,,,,,,,,,,,,,,,,,,,,,,,,,,,,,,,,,,
11228,foundation,"ไส้อั่ว, อาหารเจ (Vegetarian, Thai spicy sausage (sai-aour))","Vegetarian, Thai spicy sausage (sai-aour",อาหารปรุงสำเร็จ : อาหารจานเดียว กับข้าว อาหารประจำภาค อาหารเจ,อาหารเจ,161,61.1,17.19,3.68,15.00,,3.04,60,114,38,778,259,4.16,,,74.19,,,,,0.09,0.12,,,,,,,,,,,,,,,,,,,,,,,,,,,,,,,,,,,,,,,,,,,,,,,,,,,,,
11230,foundation,"หมี่กึ่งรวม, อาหารเจ","Vegetarian, kueng rice noodles",อาหารปรุงสำเร็จ : อาหารจานเดียว กับข้าว อาหารประจำภาค อาหารเจ,อาหารเจ,134,67.4,26.79,0.90,4.70,,0.33,14,49,8,309,6,2.08,,,4.03,,,,,,0.06,,,,,,,,,,,,,,,,,,,,,,,,,,,,,,,,,,,,,,,,,,,,,,,,,,,,,
11231,foundation,"หมี่เหลืองผัดซีอิ๊ว, อาหารเจ","Vegetarian, fried yellow noodles in soy sauce",อาหารปรุงสำเร็จ : อาหารจานเดียว กับข้าว อาหารประจำภาค อาหารเจ,อาหารเจ,130,72.9,3.20,5.40,17.30,-0.5,1.20,165,40,,,,,,,,,168,0.00,14,0.71,2.60,,,,,,,,,,,,,,,,,,,,,,,,,,,,,,,,,,,,,,,,,,,,,,,,,,,,,
11233,foundation,"หมูย่าง, อาหารเจ","Vegetarian, roasted pork",อาหารปรุงสำเร็จ : อาหารจานเดียว กับข้าว อาหารประจำภาค อาหารเจ,อาหารเจ,230,54.8,19.90,12.20,10.32,,2.74,140,198,42,1307,196,4.82,,,48.62,,,,,0.02,0.12,,,,,,,,,,,,,,,,,,,,,,,,,,,,,,,,,,,,,,,,,,,,,,,,,,,,,
11232,foundation,"หมู-ไต, อาหารเจ","Vegetarian, pork-pig kidney",อาหารปรุงสำเร็จ : อาหารจานเดียว กับข้าว อาหารประจำภาค อาหารเจ,อาหารเจ,36,88.8,0.71,0.60,6.97,,2.97,948,20,9,177,12,0.46,,,,,,,,,,,,,,,,,,,,,,,,,,,,,,,,,,,,,,,,,,,,,,,,,,,,,,,,,,,,,,
11234,foundation,"หมูสามชั้น, อาหารเจ","Vegetarian, streaky pork",อาหารปรุงสำเร็จ : อาหารจานเดียว กับข้าว อาหารประจำภาค อาหารเจ,อาหารเจ,98,77.7,2.01,3.41,14.92,,1.97,262,25,7,870,82,0.25,,,34.25,,,,,0.00,0.07,,,,,,,,,,,,,,,,,,,,,,,,,,,,,,,,,,,,,,,,,,,,,,,,,,,,,
11235,foundation,แกงป่าไก่ (),,อาหารปรุงสำเร็จ : อาหารจานเดียว กับข้าว อาหารประจำภาค อาหารเจ,กับข้าว,0,87.4,5.03,2.12,0.00,0,1.98,0,0,0,0,0,0.00,0.00,0.00,0.00,,0,0.00,0,0.00,0.00,0.00,0,0.00,,,0.00,0,,,,,,,,,,,,,,,,,,,,,,,,,,,,,,,,,,,,,,,,,,,,,,
11237,foundation,ต้มแซ่บกระดูกหมู (),,อาหารปรุงสำเร็จ : อาหารจานเดียว กับข้าว อาหารประจำภาค อาหารเจ,กับข้าว,0,86.4,4.53,2.79,0.00,0,1.95,0,0,0,0,0,0.00,0.00,0.00,0.00,,0,0.00,0,0.00,0.00,0.00,0,0.00,,,0.00,0,,,,,,,,,,,,,,,,,,,,,,,,,,,,,,,,,,,,,,,,,,,,,,
11236,foundation,ข้าวต้มหมู (),,อาหารปรุงสำเร็จ : อาหารจานเดียว กับข้าว อาหารประจำภาค อาหารเจ,อาหารจานเดียว,0,83.8,2.75,2.67,0.00,0,0.94,0,0,0,0,0,0.00,0.00,0.00,0.00,,0,0.00,0,0.00,0.00,0.00,0,0.00,,,0.00,0,,,,,,,,,,,,,,,,,,,,,,,,,,,,,,,,,,,,,,,,,,,,,,
11238,foundation,ผัดกะเพราเนื้อ (),,อาหารปรุงสำเร็จ : อาหารจานเดียว กับข้าว อาหารประจำภาค อาหารเจ,กับข้าว,0,64.8,16.86,10.50,0.00,0,2.55,0,0,0,0,0,0.00,0.00,0.00,0.00,,0,0.00,0,0.00,0.00,0.00,0,0.00,,,0.00,0,,,,,,,,,,,,,,,,,,,,,,,,,,,,,,,,,,,,,,,,,,,,,,
11239,foundation,ผัดกะเพราเป็ด (),,อาหารปรุงสำเร็จ : อาหารจานเดียว กับข้าว อาหารประจำภาค อาหารเจ,กับข้าว,0,62.2,18.25,12.82,0.00,0,2.18,0,0,0,0,0,0.00,0.00,0.00,0.00,,0,0.00,0,0.00,0.00,0.00,0,0.00,,,0.00,0,,,,,,,,,,,,,,,,,,,,,,,,,,,,,,,,,,,,,,,,,,,,,,
11240,foundation,ผัดกะเพรากุ้ง (),,อาหารปรุงสำเร็จ : อาหารจานเดียว กับข้าว อาหารประจำภาค อาหารเจ,กับข้าว,0,74.4,10.24,5.82,0.00,0,2.87,0,0,0,0,0,0.00,0.00,0.00,0.00,,0,0.00,0,0.00,0.00,0.00,0,0.00,,,0.00,0,,,,,,,,,,,,,,,,,,,,,,,,,,,,,,,,,,,,,,,,,,,,,,
11241,foundation,มักกะโรนีไก่ (),,อาหารปรุงสำเร็จ : อาหารจานเดียว กับข้าว อาหารประจำภาค อาหารเจ,อาหารจานเดียว,0,67.9,8.01,5.13,0.00,0,1.58,0,0,0,0,0,0.00,0.00,0.00,0.00,,0,0.00,0,0.00,0.00,0.00,0,0.00,,,0.00,0,,,,,,,,,,,,,,,,,,,,,,,,,,,,,,,,,,,,,,,,,,,,,,
11242,foundation,มักกะโรนีหมู (),,อาหารปรุงสำเร็จ : อาหารจานเดียว กับข้าว อาหารประจำภาค อาหารเจ,อาหารจานเดียว,0,68.2,6.84,5.14,0.00,0,1.59,0,0,0,0,0,0.00,0.00,0.00,0.00,,0,0.00,0,0.00,0.00,0.00,0,0.00,,,0.00,0,,,,,,,,,,,,,,,,,,,,,,,,,,,,,,,,,,,,,,,,,,,,,,
12002,foundation,"กล้วยไข่, เชื่อม","Banana, boiled in syrup",ขนมหวานและขนมอบ,ขนมหวาน,237,41.3,1.20,1.80,53.30,1.7,0.70,,,,,,,,,,,,,,,,,,,,,,,,,,,,,,,,,,,,,,,,,,,,,,,,,,,,,,,,,,,,,,,,,,,,
11243,foundation,ยำขนมจีน (),,อาหารปรุงสำเร็จ : อาหารจานเดียว กับข้าว อาหารประจำภาค อาหารเจ,อาหารจานเดียว,0,66.5,5.39,5.10,0.00,0,1.76,0,0,0,0,0,0.00,0.00,0.00,0.00,,0,0.00,0,0.00,0.00,0.00,0,0.00,,,0.00,0,,,,,,,,,,,,,,,,,,,,,,,,,,,,,,,,,,,,,,,,,,,,,,
12001,foundation,กล้วยแขก,"Banana, deep fried",ขนมหวานและขนมอบ,ขนมหวาน,314,37.2,2.30,15.90,37.80,5.6,1.20,,,,,,,,,,,,,,,,,,,,,,,,,,,,,,,,,,,,,,,,,,,,,,,,,,,,,,,,,,,,,,,,,,,,
12003,foundation,ขนมกล้วย,Ka-nom gluay,ขนมหวานและขนมอบ,ขนมหวาน,181,57.1,1.31,2.74,37.94,,0.93,,,,263,,,,,,,,,,,,,,,,,26.33,,,,,,,,,,,,,,,,,,,,,,,,,,,,,,,,,,,,,,,,,,,,,,,
12006,foundation,ขนมโกสุ่ย/ขนมถ้วยน้ำตาลแดง,"Ka-nom-go-sui, Southern style",ขนมหวานและขนมอบ,ขนมหวาน,187,54.8,1.16,1.62,41.97,,0.45,,,,83,,,,,,,,,,,,,,,,,26.00,,,,,,,,,,,,,,,,,,,,,,,,,,,,,,,,,,,,,,,,,,,,,,,
12007,foundation,ขนมขี้มอด,"Ka-nom-ki-mod, Southern style",ขนมหวานและขนมอบ,ขนมหวาน,441,2.4,3.60,11.31,81.36,-0.6,1.34,,,,237,,,,,,,,,,,,,,,,,64.30,,,,,,,,,,,,,,,,,,,,,,,,,,,,,,,,,,,,,,,,,,,,,,,
12005,foundation,ขนมโก๋,Ka-nom-goh,ขนมหวานและขนมอบ,ขนมหวาน,424,7.1,4.70,11.40,75.82,-0.5,1.00,,,,,,,,,,,,,,,,,,,,,,,,,,,,,,,,,,,,,,,,,,,,,,,,,,,,,,,,,,,,,,,,,,,,
12004,foundation,ขนมเกลือ/เข้าหนมเกื๋อ,"Ka-nom-glae, Northern style",ขนมหวานและขนมอบ,ขนมหวาน,110,73.2,1.51,1.57,22.56,,1.16,,,,423,,,,,,,,,,,,,,,,,3.80,,,,,,,,,,,,,,,,,,,,,,,,,,,,,,,,,,,,,,,,,,,,,,,
12010,foundation,ขนมชั้น,Ka-nom chan,ขนมหวานและขนมอบ,ขนมหวาน,246,44.4,0.85,5.17,49.18,,0.29,,,,72,,,,,,,,,,,,,,,,,30.11,,,,,,,,,,,,,,,,,,,,,,,,,,,,,,,,,,,,,,,,,,,,,,,
12009,foundation,ขนมโค,"Ka-nom-co, Southern style",ขนมหวานและขนมอบ,ขนมหวาน,224,49.3,2.84,4.84,42.40,,0.62,,,,179,,,,,,,,,,,,,,,,,11.30,,,,,,,,,,,,,,,,,,,,,,,,,,,,,,,,,,,,,,,,,,,,,,,
12011,foundation,"ขนมถ้วย, ใบเตย","Kha-nom Thuai, pandanus leaf flavor",ขนมหวานและขนมอบ,ขนมหวาน,155,64,1.40,2.97,30.77,,0.86,,,,263,,,,,,,,,,,,,,,,,14.00,,,,,,,,,,,,,,,,,,,,,,,,,,,,,,,,,,,,,,,,,,,,,,,
12008,foundation,ขนมขี้มัน/ขนมเปียกขี้มัน,"Kha-nom-ki-mun, Southern style",ขนมหวานและขนมอบ,ขนมหวาน,225,48.2,1.66,4.15,45.34,,0.65,,,,133,,,,,,,,,,,,,,,,,28.30,,,,,,,,,,,,,,,,,,,,,,,,,,,,,,,,,,,,,,,,,,,,,,,
12012,foundation,ขนมลา,"Ka-nom-la, Southern style",ขนมหวานและขนมอบ,ขนมหวาน,429,8.2,1.92,13.05,76.14,,0.69,,,,93,,,,,,,,,,,,,,,,,28.30,,,,,,,,,,,,,,,,,,,,,,,,,,,,,,,,,,,,,,,,,,,,,,,
12013,foundation,"ขนมลา, กรอบ","Ka-nom-la, Southern style crispy",ขนมหวานและขนมอบ,ขนมหวาน,386,7,0.35,3.04,89.54,,0.07,,,,3,,,,,,,,,,,,,,,,,51.70,,,,,,,,,,,,,,,,,,,,,,,,,,,,,,,,,,,,,,,,,,,,,,,
12016,foundation,ข้าวต้มถั่วดิน/ข้าวต้มมัดภาคเหนือ    (Kao tom thaw din (steamed glutinous rice with peanut and banana filling)),Kao tom thaw din (steamed glutinous rice with peanut and banana filling,ขนมหวานและขนมอบ,ขนมหวาน,193,54.8,5.47,2.89,36.34,,0.50,,,,189,,,,,,,,,,,,,,,,,0.00,,,,,,,,,,,,,,,,,,,,,,,,,,,,,,,,,,,,,,,,,,,,,,,
12015,foundation,ข้าวต้มจิ้ม/ข้าวต้มหัวหงอก,Kao-tom-jim,ขนมหวานและขนมอบ,ขนมหวาน,200,52.3,2.70,2.63,41.61,,0.76,,,,186,,,,,,,,,,,,,,,,,13.78,,,,,,,,,,,,,,,,,,,,,,,,,,,,,,,,,,,,,,,,,,,,,,,
12014,foundation,ขนมเหนียว,Ka-nom-niao,ขนมหวานและขนมอบ,ขนมหวาน,273,39.8,2.79,7.03,49.75,,0.64,,,,110,,,,,,,,,,,,,,,,,22.20,,,,,,,,,,,,,,,,,,,,,,,,,,,,,,,,,,,,,,,,,,,,,,,
12017,foundation,ข้าวต้มมัด/ข้าวต้มผัด   (Kao-tom-mad (steamed glutinous rice with black bean and banana filling)),Kao-tom-mad (steamed glutinous rice with black bean and banana filling,ขนมหวานและขนมอบ,ขนมหวาน,182,56.3,2.53,2.31,38.00,,0.87,,,,220,,,,,,,,,,,,,,,,,14.55,,,,,,,,,,,,,,,,,,,,,,,,,,,,,,,,,,,,,,,,,,,,,,,
12018,foundation,"ข้าวเหนียวขาว, หน้าปลาแห้ง  (Khao-niao-na-pla (Sweet sticky rice  with dried fish))",Khao-niao-na-pla (Sweet sticky rice  with dried fish,ขนมหวานและขนมอบ,ขนมหวาน,260,38.5,4.01,4.01,52.08,,1.41,,,,406,,,,,,,,,,,,,,,,,21.83,,,,,,,,,,,,,,,,,,,,,,,,,,,,,,,,,,,,,,,,,,,,,,,
12019,foundation,"ข้าวเหนียวขาว, หน้าสังขยา",Sweet sticky rice with Thai custard,ขนมหวานและขนมอบ,ขนมหวาน,258,43.6,4.09,7.41,43.82,,1.06,,,,264,,,,,,,,,,,,,,,,,18.83,,,,,,,,,,,,,,,,,,,,,,,,,,,,,,,,,,,,,,,,,,,,,,,
12020,foundation,"ข้าวเหนียวดำ, เปียก",Soft sweet black sticky rice with coconut cream,ขนมหวานและขนมอบ,ขนมหวาน,134,67.8,1.18,1.65,28.82,,0.57,,,,158,,,,,,,,,,,,,,,,,17.03,,,,,,,,,,,,,,,,,,,,,,,,,,,,,,,,,,,,,,,,,,,,,,,
12021,foundation,ข้าวเหนียวมูล (Khao-niao-moon (glutinous rice steamed in coconut milk)),Khao-niao-moon (glutinous rice steamed in coconut milk,ขนมหวานและขนมอบ,ขนมหวาน,281,35.8,3.10,6.30,52.20,1.7,0.90,,,,,,,,,,,,,,,,,,,,,,,,,,,,,,,,,,,,,,,,,,,,,,,,,,,,,,,,,,,,,,,,,,,,
12022,foundation,ซาหริ่ม (Sa-Rim (mungbean thread in coconut milk)),Sa-Rim (mungbean thread in coconut milk,ขนมหวานและขนมอบ,ขนมหวาน,159,65,0.20,4.50,29.00,1.2,0.10,,,,,,,,,,,,,,,,,,,,,,,,,,,,,,,,,,,,,,,,,,,,,,,,,,,,,,,,,,,,,,,,,,,,
12025,foundation,ทองหยิบ (Thong Yip (golden flower)),Thong Yip (golden flower,ขนมหวานและขนมอบ,ขนมหวาน,395,24.5,7.90,19.70,45.90,1.3,0.70,,,,,,,,,,,,,,,,,,,,,,,,,,,,,,,,,,,,,,,,,,,,,,,,,,,,,,,,,,,,,,,,,,,,
12023,foundation,ตะโก้แห้ว  (Tako-heaw (water chestnut and coconut custard topping )),Tako-heaw (water chestnut and coconut custard topping,ขนมหวานและขนมอบ,ขนมหวาน,132,71.6,0.70,5.70,18.20,3,0.80,,,,,,,,,,,,,,,,,,,,,,,,,,,,,,,,,,,,,,,,,,,,,,,,,,,,,,,,,,,,,,,,,,,,
12024,foundation,ทองหยอด  (Thong yod (golden drop)),Thong yod (golden drop,ขนมหวานและขนมอบ,ขนมหวาน,305,31.7,3.53,6.92,56.90,0.6,0.39,,,,39,,,,,,,,,,,,,,,,,56.58,,,,,,,,,,,,,,,,,,,,,,,,,,,,,,,,,,,,,,,,,,,,,,,
12028,foundation,เปียกปูน   (Kha-nom-piak-poon (coconut sweet pudding with coconut)),Kha-nom-piak-poon (coconut sweet pudding with coconut,ขนมหวานและขนมอบ,ขนมหวาน,160,61.4,1.10,1.62,35.46,,0.42,,,,92,,,,,,,,,,,,,,,,,19.78,,,,,,,,,,,,,,,,,,,,,,,,,,,,,,,,,,,,,,,,,,,,,,,
12027,foundation,ปลากริม,Ka-nom pla-grim,ขนมหวานและขนมอบ,ขนมหวาน,116,73.8,0.64,2.83,22.21,,0.57,,,,231,,,,,,,,,,,,,,,,,9.00,,,,,,,,,,,,,,,,,,,,,,,,,,,,,,,,,,,,,,,,,,,,,,,
12026,foundation,บัวลอยเผือก,Taro balls in coconut milk,ขนมหวานและขนมอบ,ขนมหวาน,148,66.2,0.80,4.10,26.30,1.7,0.90,,,,,,,,,,,,,,,,,,,,,,,,,,,,,,,,,,,,,,,,,,,,,,,,,,,,,,,,,,,,,,,,,,,,
12030,foundation,ฝอยทอง   (Foi Thong (golden thread)),Foi Thong (golden thread,ขนมหวานและขนมอบ,ขนมหวาน,419,21,12.71,22.51,40.67,1.9,1.23,,,,64,,,,,,,,,,,,,,,,,41.94,,,,,,,,,,,,,,,,,,,,,,,,,,,,,,,,,,,,,,,,,,,,,,,
12031,foundation,เม็ดขนุน (Med khanun (bean paste)),Med khanun (bean paste,ขนมหวานและขนมอบ,ขนมหวาน,351,27.6,9.43,13.79,44.61,3.6,0.97,,,,58,,,,,,,,,,,,,,,,,38.25,,,,,,,,,,,,,,,,,,,,,,,,,,,,,,,,,,,,,,,,,,,,,,,
12029,foundation,"เปียกปูน, สีดำ",Black coconut sweet pudding,ขนมหวานและขนมอบ,ขนมหวาน,135,67.5,0.97,1.31,29.93,,0.29,,,,34,,,,,,,,,,,,,,,,,19.50,,,,,,,,,,,,,,,,,,,,,,,,,,,,,,,,,,,,,,,,,,,,,,,
12032,foundation,ลอดช่องไทย น้ำกะทิ,Lod-chong in coconut milk,ขนมหวานและขนมอบ,ขนมหวาน,108,75.7,0.72,3.04,18.70,1.5,0.38,,,,62,,,,,,,,,,,,,,,,,12.30,,,,,,,,,,,,,,,,,,,,,,,,,,,,,,,,,,,,,,,,,,,,,,,
12033,foundation,ลูกชุบ (Look choup (mock miniature fruit)),Look choup (mock miniature fruit,ขนมหวานและขนมอบ,ขนมหวาน,275,36.6,6.60,6.60,45.50,4,0.70,,,,,,,,,,,,,,,,,,,,,,,,,,,,,,,,,,,,,,,,,,,,,,,,,,,,,,,,,,,,,,,,,,,,
12035,foundation,"สังขยา,  ไข่","Egg custard, steamed",ขนมหวานและขนมอบ,ขนมหวาน,168,60.5,6.90,4.50,23.30,3.8,1.00,,,,,,,,,,,,,,,,,,,,,,,,,,,,,,,,,,,,,,,,,,,,,,,,,,,,,,,,,,,,,,,,,,,,
12036,foundation,"หม้อแกงไข่   (Maw Kaeng kai (egg custard, baked))","Maw Kaeng kai (egg custard, baked",ขนมหวานและขนมอบ,ขนมหวาน,217,55,6.52,9.28,25.68,2.8,0.73,,,,107,,,,,,,,,,,,,,,,,23.20,,,,,,,,,,,,,,,,,,,,,,,,,,,,,,,,,,,,,,,,,,,,,,,
12034,foundation,"วุ้นกะทิ, ใบเตย","Jelly with coconut cream, pandanus leaf flavor",ขนมหวานและขนมอบ,ขนมหวาน,133,72.8,0.60,5.40,20.50,0,0.70,,,,,,,,,,,,,,,,,,,,,,,,,,,,,,,,,,,,,,,,,,,,,,,,,,,,,,,,,,,,,,,,,,,,
12039,foundation,"ขนมปังพิซซ่า, ไก่","Pizza with chicken, Bread",ขนมหวานและขนมอบ,,314,49.5,5.97,23.59,19.61,,1.38,,,,,,,,,,,,,,,,,,,,,11.02,,,,,,,,,,,,,,,,,,,,,,,,,,,,,,,,,,,,,,,,,,,,,,,
12038,foundation,"ขนมปัง, หน้าเนย",Butter bread,ขนมหวานและขนมอบ,,355,28.5,7.65,14.97,47.62,,1.48,,,,,,,,,,,,,,,,,,,,,,,,,,,,,,,,,,,,,,,,,,,,,,,,,,,,,,,,,,,,,,,,,,,,
12040,foundation,"ขนมปังพิซซ่า, ทูน่า","Pizza with tuna, Bread",ขนมหวานและขนมอบ,,299,49.2,7.12,20.54,21.59,,1.54,,,,,,,,,,,,,,,,,,,,,10.12,,,,,,,,,,,,,,,,,,,,,,,,,,,,,,,,,,,,,,,,,,,,,,,
12037,foundation,"หม้อแกงถั่ว   (Maw Kaeng tow (mungbean custard, baked))","Maw Kaeng tow (mungbean custard, baked",ขนมหวานและขนมอบ,ขนมหวาน,217,55.5,6.13,10.30,23.07,4.2,0.83,,,,239,,,,,,,,,,,,,,,,,18.90,,,,,,,,,,,,,,,,,,,,,,,,,,,,,,,,,,,,,,,,,,,,,,,
12041,foundation,"ขนมปังพิซซ่า, ไส้กรอกหมู","Pizza with pork sausage, Bread",ขนมหวานและขนมอบ,,339,36.1,10.17,18.29,33.63,,1.82,,,,,,,,,,,,,,,,,,,,,10.18,,,,,,,,,,,,,,,,,,,,,,,,,,,,,,,,,,,,,,,,,,,,,,,
12042,foundation,"ขนมปังพิซซ่า,ไส้กรอก","Pizza with sausage, Bread",ขนมหวานและขนมอบ,,320,47.2,6.74,23.30,21.04,,1.76,,,,,,,,,,,,,,,,,,,,,8.08,,,,,,,,,,,,,,,,,,,,,,,,,,,,,,,,,,,,,,,,,,,,,,,
12043,foundation,ครัวซอง,Croissant,ขนมหวานและขนมอบ,,451,18,9.43,25.91,45.17,,1.45,,,,,,,,,,,,,,,,,,,,,,,,,,,,,,,,,,,,,,,,,,,,,,,,,,,,,,,,,,,,,,,,,,,,
12044,foundation,"ครัวซอง, เนยสด","Fresh butter, Croissant",ขนมหวานและขนมอบ,,432,18.8,9.40,22.85,47.37,,1.54,,,,,,,,,,,,,,,,,,,,,8.00,,,,,,,,,,,,,,,,,,,,,,,,,,,,,,,,,,,,,,,,,,,,,,,
12047,foundation,เค้ก,Cake,ขนมหวานและขนมอบ,,444,27.9,3.74,32.18,34.87,,1.32,,,,,,,,,,,,,,,,,,,,,,,,,,,,,,,,,,,,,,,,,,,,,,,,,,,,,,,,,,,,,,,,,,,,
12049,foundation,"แซนด์วิช, ทูน่าสลัด","Tuna salad, Sandwich",ขนมหวานและขนมอบ,,244,54,7.62,12.89,24.38,,1.14,,,,,,,,,,,,,,,,,,,,,1.84,,,,,,,,,,,,,,,,,,,,,,,,,,,,,,,,,,,,,,,,,,,,,,,
12045,foundation,"ครัวซอง, มาการีน","Margarine, Croissant",ขนมหวานและขนมอบ,,377,24.4,9.55,16.65,47.45,,1.94,,,,,,,,,,,,,,,,,,,,,8.91,,,,,,,,,,,,,,,,,,,,,,,,,,,,,,,,,,,,,,,,,,,,,,,
12046,foundation,"คุกกี้, เนย",Butter Cookies,ขนมหวานและขนมอบ,,548,3.1,7.85,33.09,54.88,,1.41,,,,,,,,,,,,,,,,,,,,,,,,,,,,,,,,,,,,,,,,,,,,,,,,,,,,,,,,,,,,,,,,,,,,
12048,foundation,"แซนด์วิช, ทูน่า",Tuna Sandwich,ขนมหวานและขนมอบ,,282,43.9,11.36,12.88,30.32,,1.60,,,,,,,,,,,,,,,,,,,,,,,,,,,,,,,,,,,,,,,,,,,,,,,,,,,,,,,,,,,,,,,,,,,,
12050,foundation,"แซนด์วิช, แฮมชีส",Ham and cheese sandwich,ขนมหวานและขนมอบ,,293,41.4,10.15,13.52,32.82,,2.08,,,,,,,,,,,,,,,,,,,,,,,,,,,,,,,,,,,,,,,,,,,,,,,,,,,,,,,,,,,,,,,,,,,,
12051,foundation,"แซนด์วิช, แฮมทูน่า",Ham and Tuna sandwich,ขนมหวานและขนมอบ,,311,41.8,8.08,16.98,31.71,,1.48,,,,,,,,,,,,,,,,,,,,,9.35,,,,,,,,,,,,,,,,,,,,,,,,,,,,,,,,,,,,,,,,,,,,,,,
12052,foundation,"โดนัท, บาวาเรียน",Bavarian donut,ขนมหวานและขนมอบ,,311,37.7,4.93,13.19,43.16,,1.06,,,,,,,,,,,,,,,,,,,,,,,,,,,,,,,,,,,,,,,,,,,,,,,,,,,,,,,,,,,,,,,,,,,,
12056,foundation,"พัฟ, ทูน่า",Tuna puff,ขนมหวานและขนมอบ,,377,34.1,9.56,23.88,31.01,,1.42,,,,,,,,,,,,,,,,,,,,,,,,,,,,,,,,,,,,,,,,,,,,,,,,,,,,,,,,,,,,,,,,,,,,
12054,foundation,ทอฟฟี่เค้ก,Toffee Cake,ขนมหวานและขนมอบ,,470,16,7.24,27.92,47.59,,1.26,,,,,,,,,,,,,,,,,,,,,,,,,,,,,,,,,,,,,,,,,,,,,,,,,,,,,,,,,,,,,,,,,,,,
12055,foundation,บราวนี่,Brownies,ขนมหวานและขนมอบ,,460,14.6,6.72,24.91,52.32,,1.42,,,,,,,,,,,,,,,,,,,,,,,,,,,,,,,,,,,,,,,,,,,,,,,,,,,,,,,,,,,,,,,,,,,,
12057,foundation,"พาย, ทูน่า",Tuna pie,ขนมหวานและขนมอบ,,340,37.8,6.72,19.44,34.66,,1.36,,,,,,,,,,,,,,,,,,,,,9.17,,,,,,,,,,,,,,,,,,,,,,,,,,,,,,,,,,,,,,,,,,,,,,,
12053,foundation,"โดนัท, โรยน้ำตาล",Sugar donut,ขนมหวานและขนมอบ,,443,12.9,5.95,20.17,59.48,,1.47,,,,,,,,,,,,,,,,,,,,,30.42,,,,,,,,,,,,,,,,,,,,,,,,,,,,,,,,,,,,,,,,,,,,,,,
12058,foundation,แยมโรล,Swiss roll / Jam roll,ขนมหวานและขนมอบ,,419,27.2,6.60,26.40,38.83,,1.07,,,,,,,,,,,,,,,,,,,,,,,,,,,,,,,,,,,,,,,,,,,,,,,,,,,,,,,,,,,,,,,,,,,,
12059,foundation,"แยมโรล, วนิลา","Vanilla, Jam roll",ขนมหวานและขนมอบ,,385,30.1,6.48,22.04,40.30,,1.07,,,,,,,,,,,,,,,,,,,,,,,,,,,,,,,,,,,,,,,,,,,,,,,,,,,,,,,,,,,,,,,,,,,,
12061,foundation,เอแคลร์ (),,ขนมหวานและขนมอบ,ขนมหวาน,227,58.2,5.18,12.94,22.32,0,1.32,0,0,0,0,0,0.00,0.00,0.00,0.00,,0,0.00,0,0.00,0.00,0.00,0,0.00,,,0.00,0,,,,,,,,,,,,,,,,,,,,,,,,,,,,,,,,,,,,,,,,,,,,,,
12065,foundation,ขนมใส่ไส้   (),,ขนมหวานและขนมอบ,ขนมหวาน,206,56.2,1.70,6.69,34.50,0,0.89,0,0,0,0,0,0.00,0.00,0.00,0.00,,0,0.00,0,0.00,0.00,0.00,0,0.00,,,0.00,0,,,,,,,,,,,,,,,,,,,,,,,,,,,,,,,,,,,,,,,,,,,,,,
12062,foundation,แซนด์วิชปูอัด (),,ขนมหวานและขนมอบ,ขนมหวาน,0,38.7,7.61,13.11,0.00,0,1.82,0,0,0,0,0,0.00,0.00,0.00,0.00,,0,0.00,0,0.00,0.00,0.00,0,0.00,,,0.00,0,,,,,,,,,,,,,,,,,,,,,,,,,,,,,,,,,,,,,,,,,,,,,,
12064,foundation,โดนัทโรยน้ำตาลไอซิ่ง  (),,ขนมหวานและขนมอบ,ขนมหวาน,420,22.2,7.05,22.69,46.76,0,1.27,0,0,0,0,0,0.00,0.00,0.00,0.00,,0,0.00,0,0.00,0.00,0.00,0,0.00,,,0.00,0,,,,,,,,,,,,,,,,,,,,,,,,,,,,,,,,,,,,,,,,,,,,,,
12060,foundation,เอแคลร์,Eclair,ขนมหวานและขนมอบ,,236,56.2,4.67,12.86,25.48,,0.82,,,,,,,,,,,,,,,,,,,,,,,,,,,,,,,,,,,,,,,,,,,,,,,,,,,,,,,,,,,,,,,,,,,,
12063,foundation,แยมโรลวานิลลา         (),,ขนมหวานและขนมอบ,ขนมหวาน,446,22.7,5.94,28.25,41.82,0,1.27,0,0,0,0,0,0.00,0.00,0.00,0.00,,0,0.00,0,0.00,0.00,0.00,0,0.00,,,0.00,0,,,,,,,,,,,,,,,,,,,,,,,,,,,,,,,,,,,,,,,,,,,,,,
13001,foundation,"จิ้งโกร่ง, ดิบ","Cricket, giant, raw",แมลง,ไม่ระบุ,188,67,17.50,12.00,2.50,0,1.00,,143,,,,tr,,,,,124,,10,0.11,0.80,3.20,,,,,,,,,,,,,,,,,,,,,,,,,,,,,,,,,,,,,,,,,,,,,,,,,,,,
12066,foundation,"ข้าวต้มมัด, ไส้กล้วยและถั่วดำ  ()",,ขนมหวานและขนมอบ,ขนมหวาน,203,50.8,3.20,2.75,41.19,0,2.11,0,0,0,0,0,0.00,0.00,0.00,0.00,,0,0.00,0,0.00,0.00,0.00,0,0.00,,,0.00,0,,,,,,,,,,,,,,,,,,,,,,,,,,,,,,,,,,,,,,,,,,,,,,
13003,foundation,"ดักแด้ไหม, ดิบ","Silk worm, pupae, raw",แมลง,ไม่ระบุ,152,69.9,14.70,8.30,4.70,0,2.40,7,178,,,,0.10,,,,,305,,25,,,0.90,,,,,,,,,,,,,,,,,,,,,,,,,,,,,,,,,,,,,,,,,,,,,,,,,,,,
13002,foundation,"จิ้งหรีด, ดิบ","Cricket, raw",แมลง,ไม่ระบุ,0,73.3,18.65,6.05,0.97,,1.08,,,,,,,,,14.57,,,3.00,3,0.23,1.94,0.93,,0.50,,,,,,,,,,,,,,,,,,,,,,,,,,,,,,,,,,,,,,,,,,,,,,,,,,
13007,foundation,"ตั๊กแตน, ปาทังกา, ทอด","Bombay locust, fried",แมลง,ไม่ระบุ,0,18.8,39.80,31.40,0.00,-7.1,1.40,,,,,,,,,,,,,,0.08,7.60,3.00,,,,,,,,,,,,,,,,,,,,,,,,,,,,,,,,,,,,,,,,,,,,,,,,,,,,
13004,foundation,"ต่อ, ตัวแก่, ดิบ","Hornet, mature, raw",แมลง,ไม่ระบุ,0,76.2,16.20,3.90,0.00,0,0.90,114,120,,,,tr,,,,,302,,25,0.02,,3.10,,,,,,,,,,,,,,,,,,,,,,,,,,,,,,,,,,,,,,,,,,,,,,,,,,,,
13005,foundation,"ต่อ, ตัวอ่อน, ดิบ","Hornet, pupae, raw",แมลง,ไม่ระบุ,0,72.8,14.80,6.80,0.00,0,0.80,46,120,,,,tr,,,,,286,0.00,23,0.02,0.89,3.00,,,,,,,,,,,,,,,,,,,,,,,,,,,,,,,,,,,,,,,,,,,,,,,,,,,,
13006,foundation,"ตั๊กแตน, ปาทังกา, ดิบ","Bombay locust, raw",แมลง,ไม่ระบุ,0,65.6,27.57,4.66,0.00,,0.96,,,,,,,,,38.16,,,2.00,2,0.17,3.53,0.89,,2.14,,,,,,,,,,,,,,,,,,,,,,,,,,,,,,,,,,,,,,,,,,,,,,,,,,
13008,foundation,"แมงกระชอน, คั่วพริก","Mole cricket, fried with chilli",แมลง,ไม่ระบุ,0,52.7,25.30,12.80,0.00,,4.60,91,271,,,,18.00,,,,,81,0.00,6,0.23,2.18,1.60,,1.83,,,,,,,,,,,,,,,,,,,,,,,,,,,,,,,,,,,,,,,,,,,,,,,,,,
13009,foundation,"แมงกินูน, ดิบ","Scarab beetle, raw",แมลง,ไม่ระบุ,0,76.2,18.13,1.83,0.00,,1.61,,,,,,,,,56.46,,,0.00,0,0.31,1.32,3.27,,0.62,,,,,,,,,,,,,,,,,,,,,,,,,,,,,,,,,,,,,,,,,,,,,,,,,,
14001,foundation,"กุ้ง, ชุบแป้งทอด","Shrimp, crispy-fried",อื่น ๆ,อาหารทอด,221,52.1,8.68,10.21,23.60,,5.41,,,,,,,,,,,,,,,,,,,,,,,,,,,,,,,,,,,,,,,,,,,,,,,,,,,,,,,,,,,,,,,,,,,,
13010,foundation,"แมงตับเต่า, คั่วพริก","True water beetle, fried with chilli",แมลง,ไม่ระบุ,0,51.9,27.90,9.40,0.00,,4.40,55,267,,,,15.60,,,,,167,0.00,13,0.10,2.09,4.80,,3.14,,,,,,,,,,,,,,,,,,,,,,,,,,,,,,,,,,,,,,,,,,,,,,,,,,
13011,foundation,"แมงป่อง, ดิบ","Scorpion, raw",แมลง,ไม่ระบุ,0,69,24.51,2.34,0.00,,1.35,,,,,,,,,36.02,,,0.00,0,0.12,0.87,1.16,,0.73,,,,,,,,,,,,,,,,,,,,,,,,,,,,,,,,,,,,,,,,,,,,,,,,,,
14002,foundation,"กุ้งฝอย, ชุบแป้งทอด","Shrimp, Lanchester's freshwater,  crispy-fried",อื่น ๆ,อาหารทอด,616,6,16.42,50.86,23.30,,3.60,,,,,,,,,,,,,,,,,,,,,,,,,,,,,,,,,,,,,,,,,,,,,,,,,,,,,,,,,,,,,,,,,,,,
13012,foundation,"แมงมัน, คั่ว","Subterranean ants, roast",แมลง,ไม่ระบุ,0,42.2,24.10,22.00,0.00,0,2.80,40,230,,,,10.40,,,,,92,160.00,168,0.22,1.13,5.70,,,,,,,,,,,,,,,,,,,,,,,,,,,,,,,,,,,,,,,,,,,,,,,,,,,,
13013,foundation,"หนอนไม้ไผ่, ดิบ","Bamboo caterpillar, raw",แมลง,ไม่ระบุ,0,67.5,9.25,20.42,0.00,,0.42,,,,,,,,,5.98,,,10.00,10,0.55,0.53,1.02,,0.36,,,,,,,,,,,,,,,,,,,,,,,,,,,,,,,,,,,,,,,,,,,,,,,,,,
14003,foundation,"กุ้ง, แห้ง, ทอด","Shrimp, dried, fried",อื่น ๆ,อาหารทอด,389,16.7,34.24,27.76,0.59,,20.73,,,,,,,,,,,,,,,,,,,,,,,,,,,,,,,,,,,,,,,,,,,,,,,,,,,,,,,,,,,,,,,,,,,,
14006,foundation,"ไก่, ปีก, ทอด","Chicken, wing, fried",อื่น ๆ,อาหารทอด,267,50,28.43,15.29,3.99,,2.24,,,,,,,,,,,,,,,,,,,,,,,,,,,,,,,,,,,,,,,,,,,,,,,,,,,,,,,,,,,,,,,,,,,,
14005,foundation,"ไก่, น่อง, ทอด","Chicken, drumstick, fried",อื่น ๆ,อาหารทอด,248,53.8,27.20,14.23,2.72,,2.08,,,,,,,,,,,,,,,,,,,,,,,,,,,,,,,,,,,,,,,,,,,,,,,,,,,,,,,,,,,,,,,,,,,,
14004,foundation,"ไก่, โครง, ทอด","Chicken, skeleton, fried",อื่น ๆ,อาหารทอด,285,45.7,25.77,18.18,4.59,,5.76,,,,,,,,,,,,,,,,,,,,,,,,,,,,,,,,,,,,,,,,,,,,,,,,,,,,,,,,,,,,,,,,,,,,
14007,foundation,"ไก่, อก, ทอด","Chicken, breast, fried",อื่น ๆ,อาหารทอด,212,56,29.29,9.38,2.84,,2.47,,,,,,,,,,,,,,,,,,,,,,,,,,,,,,,,,,,,,,,,,,,,,,,,,,,,,,,,,,,,,,,,,,,,
14010,foundation,ไข่เจียว,"Egg, hen, omelet",อื่น ๆ,อาหารทอด,340,52.2,11.87,30.99,3.50,,1.45,,,,,,,,,,,,,,,,,,,,,,,,,,,,,,,,,,,,,,,,,,,,,,,,,,,,,,,,,,,,,,,,,,,,
14008,foundation,"ไก่, เนื้อ, ชุบแป้งทอด","Chicken, meat, crispy-fried",อื่น ๆ,อาหารทอด,353,38.6,19.86,23.67,15.20,,2.74,,,,,,,,,,,,,,,,,,,,,,,,,,,,,,,,,,,,,,,,,,,,,,,,,,,,,,,,,,,,,,,,,,,,
14009,foundation,"ไก่ยอ, ชุบแป้งทอด","Chicken, sausage, crispy-fried",อื่น ๆ,อาหารทอด,364,40,9.86,26.95,20.56,,2.63,,,,,,,,,,,,,,,,,,,,,,,,,,,,,,,,,,,,,,,,,,,,,,,,,,,,,,,,,,,,,,,,,,,,
14011,foundation,ไข่ดาว,"Egg, hen, fried",อื่น ๆ,อาหารทอด,265,61.3,12.75,22.76,2.46,,0.78,,,,,,,,,,,,,,,,,,,,,,,,,,,,,,,,,,,,,,,,,,,,,,,,,,,,,,,,,,,,,,,,,,,,
14012,foundation,"ปลาแก้ว, ชุบแป้งทอด","Thai river sprat, crispy-fried",อื่น ๆ,อาหารทอด,494,2.5,36.98,26.98,25.95,,7.59,,,,,,,,,,,,,,,,,,,,,,,,,,,,,,,,,,,,,,,,,,,,,,,,,,,,,,,,,,,,,,,,,,,,
14015,foundation,"ปลาทู, สด, ทอด","Short bodied mackerel, fried",อื่น ๆ,อาหารทอด,231,58,26.70,13.90,0.00,,1.40,,,,,,,,,,,,,,,,,,,,,,,,,,,,,,,,,,,,,,,,,,,,,,,,,,,,,,,,,,,,,,,,,,,,
14014,foundation,"ปลาตาเดียว, ทอด","Indian Hilabut, fried",อื่น ๆ,อาหารทอด,200,64.6,27.60,9.96,0.00,,1.37,,,,,,,,,,,,,,,,,,,,,,,,,,,,,,,,,,,,,,,,,,,,,,,,,,,,,,,,,,,,,,,,,,,,
14016,foundation,"ปลาบึก, ทอด","Mekong giant catfish, fried",อื่น ๆ,อาหารทอด,182,67.2,25.03,9.08,0.00,,1.27,,,,,,,,,,,,,,,,,,,,,,,,,,,,,,,,,,,,,,,,,,,,,,,,,,,,,,,,,,,,,,,,,,,,
14013,foundation,"ปลาช่อน, ทอด","Striped snake-head fish, fried",อื่น ๆ,อาหารทอด,230,57.5,27.65,13.25,0.00,,1.69,,,,,,,,,,,,,,,,,,,,,,,,,,,,,,,,,,,,,,,,,,,,,,,,,,,,,,,,,,,,,,,,,,,,
14018,foundation,"ปลาหมึก, ชุบแป้งทอด","Squid, crispy-fried",อื่น ๆ,อาหารทอด,328,42.7,23.28,21.79,9.77,,2.42,,,,,,,,,,,,,,,,,,,,,,,,,,,,,,,,,,,,,,,,,,,,,,,,,,,,,,,,,,,,,,,,,,,,
14019,foundation,"ปลาอินทรีย์, สด, ทอด","Mackerel, Spanish, fried",อื่น ๆ,อาหารทอด,197,62.4,25.78,10.49,0.00,,1.91,,,,,,,,,,,,,,,,,,,,,,,,,,,,,,,,,,,,,,,,,,,,,,,,,,,,,,,,,,,,,,,,,,,,
14017,foundation,"ปลารากกล้วย, ชุบแป้งทอด","Horseface loach, crispy-fried",อื่น ๆ,อาหารทอด,560,2.3,40.86,41.04,7.03,,8.82,,,,,,,,,,,,,,,,,,,,,,,,,,,,,,,,,,,,,,,,,,,,,,,,,,,,,,,,,,,,,,,,,,,,
14022,foundation,"ลูกชิ้นปลา, ทอด","Meat ball, fish, fried",อื่น ๆ,อาหารทอด,277,45.9,21.70,14.40,15.20,,2.80,,,,,,,,,,,,,,,,,,,,,,,,,,,,,,,,,,,,,,,,,,,,,,,,,,,,,,,,,,,,,,,,,,,,
14021,foundation,"ลูกชิ้นไก่, ทอด","Meat ball, chicken, fried",อื่น ๆ,อาหารทอด,179,60.1,7.90,5.71,24.05,,2.19,,,,,,,,,,,,,,,,,,,,,,,,,,,,,,,,,,,,,,,,,,,,,,,,,,,,,,,,,,,,,,,,,,,,
14024,foundation,"ไส้กรอก, ทอด","Sausage, fried",อื่น ๆ,อาหารทอด,359,37,11.18,24.34,23.88,,3.63,,,,,,,,,,,,,,,,,,,,,,,,,,,,,,,,,,,,,,,,,,,,,,,,,,,,,,,,,,,,,,,,,,,,
14020,foundation,"ลูกชิ้นกุ้ง, ทอด","Meat ball, shrimp, fried",อื่น ๆ,อาหารทอด,156,68.7,9.78,7.90,11.57,,2.05,,,,,,,,,,,,,,,,,,,,,,,,,,,,,,,,,,,,,,,,,,,,,,,,,,,,,,,,,,,,,,,,,,,,
14023,foundation,"ลูกชิ้นหมู, ทอด","Meat ball, pork, fried",อื่น ๆ,อาหารทอด,178,69.5,16.93,13.62,0.00,,3.03,,,,,,,,,,,,,,,,,,,,,,,,,,,,,,,,,,,,,,,,,,,,,,,,,,,,,,,,,,,,,,,,,,,,
14025,foundation,หมูกรอบ,Crispy pork,อื่น ๆ,อาหารทอด,385,39.1,29.35,29.58,0.43,,1.54,,,,,,,,,,,,,,,,,,,,,,,,,,,,,,,,,,,,,,,,,,,,,,,,,,,,,,,,,,,,,,,,,,,,
14028,foundation,"ซาลาเปา, ทอด (Sa-la-pao (Chinese steamed buns), fried)",Sa-la-pao (Chinese steamed buns,อื่น ๆ,ขนมทอด,393,23.1,6.40,17.71,52.08,,0.67,,,,,,,,,,,,,,,,,,,,,,,,,,,,,,,,,,,,,,,,,,,,,,,,,,,,,,,,,,,,,,,,,,,,
14027,foundation,ขนมโดนัท,Donut,อื่น ๆ,ขนมทอด,431,19.8,6.17,23.31,49.21,,1.47,,,,,,,,,,,,,,,,,,,,,,,,,,,,,,,,,,,,,,,,,,,,,,,,,,,,,,,,,,,,,,,,,,,,
14026,foundation,"กุยฉ่าย, ทอด","Steamed chives dumplings, fried",อื่น ๆ,ขนมทอด,198,59.9,1.62,8.39,18.88,,1.18,,,,,,,,,,,,,,,,,,,,,,,,,,,,,,,,,,,,,,,,,,,,,,,,,,,,,,,,,,,,,,,,,,,,
14030,foundation,"ปาท่องโก๋ (ลูกเล็ก) (Pa-tong-ko, (Deep-fried doughstick))","Pa-tong-ko, (Deep-fried doughstick",อื่น ๆ,ขนมทอด,426,22.2,7.83,24.11,44.66,,1.22,,,,,,,,,,,,,,,,,,,,,,,,,,,,,,,,,,,,,,,,,,,,,,,,,,,,,,,,,,,,,,,,,,,,
14029,foundation,"เต้าหู้, ทอด (Soybean curd (tofu), fried)",Soybean curd (tofu,อื่น ๆ,ขนมทอด,228,62.1,17.74,16.21,2.87,,1.09,,,,,,,,,,,,,,,,,,,,,,,,,,,,,,,,,,,,,,,,,,,,,,,,,,,,,,,,,,,,,,,,,,,,
14032,foundation,"ถั่วลิสง, ทอด","Peanut, fried",อื่น ๆ,ขนมทอด,616,0.7,28.30,45.66,22.95,,2.42,,,,,,,,,,,,,,,,,,,,,,,,,,,,,,,,,,,,,,,,,,,,,,,,,,,,,,,,,,,,,,,,,,,,
14031,foundation,"ปาท่องโก๋ (ลูกใหญ่) (Pa-tong-ko, (Deep-fried doughstick))","Pa-tong-ko, (Deep-fried doughstick",อื่น ๆ,ขนมทอด,441,22.9,7.22,27.79,40.56,,1.53,,,,,,,,,,,,,,,,,,,,,,,,,,,,,,,,,,,,,,,,,,,,,,,,,,,,,,,,,,,,,,,,,,,,
14033,foundation,"เผือก, ทอด","Taro, fried",อื่น ๆ,ขนมทอด,395,15.4,5.28,13.38,63.48,,2.45,,,,,,,,,,,,,,,,,,,,,,,,,,,,,,,,,,,,,,,,,,,,,,,,,,,,,,,,,,,,,,,,,,,,
14036,foundation,"มันฝรั่ง, ทอด","Potato chip, fried",อื่น ๆ,ขนมทอด,390,27,4.24,20.93,46.18,,1.63,,,,,,,,,,,,,,,,,,,,,,,,,,,,,,,,,,,,,,,,,,,,,,,,,,,,,,,,,,,,,,,,,,,,
14037,foundation,"เมล็ดมะม่วงหิมพานต์, ทอด","Catshew nut, fried",อื่น ๆ,ขนมทอด,624,2.5,18.81,49.06,27.05,,2.58,,,,,,,,,,,,,,,,,,,,,,,,,,,,,,,,,,,,,,,,,,,,,,,,,,,,,,,,,,,,,,,,,,,,
14034,foundation,"เผือก, ชุบแป้งทอด","Taro, crispy-fried",อื่น ๆ,ขนมทอด,310,38.5,6.01,14.12,39.91,,1.50,,,,,,,,,,,,,,,,,,,,,,,,,,,,,,,,,,,,,,,,,,,,,,,,,,,,,,,,,,,,,,,,,,,,
14035,foundation,"มันเทศ, ชุบแป้งทอด","Sweet potato, crispy-fried",อื่น ๆ,ขนมทอด,297,39.2,2.89,11.88,44.73,,1.28,,,,,,,,,,,,,,,,,,,,,,,,,,,,,,,,,,,,,,,,,,,,,,,,,,,,,,,,,,,,,,,,,,,,
14038,foundation,โรตี (ใส่นมข้น+น้ำตาล),Roti,อื่น ๆ,ขนมทอด,478,11.7,6.07,25.99,55.13,,1.08,,,,,,,,,,,,,,,,,,,,,,,,,,,,,,,,,,,,,,,,,,,,,,,,,,,,,,,,,,,,,,,,,,,,
14040,foundation,"ตะไคร้, ทอด","Lemongrass, fried",อื่น ๆ,ผักทอด,421,3,,46.78,,,,,,,,,,,,,,,,,,,,,,,,,,,,,,,,,,,,,,,,,,,,,,,,,,,,,,,,,,,,,,,,,,,,,,,
14039,foundation,"กระเทียม, ทอด","Garlic, fried",อื่น ๆ,ผักทอด,371,3.2,,41.22,,,,,,,,,,,,,,,,,,,,,,,,,,,,,,,,,,,,,,,,,,,,,,,,,,,,,,,,,,,,,,,,,,,,,,,
14043,foundation,"พริกขี้หนู, แห้ง, ทอด","Chilli, dried, fried",อื่น ๆ,ผักทอด,251,2.3,,27.85,,,,,,,,,,,,,,,,,,,,,,,,,,,,,,,,,,,,,,,,,,,,,,,,,,,,,,,,,,,,,,,,,,,,,,,
14041,foundation,"ใบกะเพรา, ทอด","Holy basil, leaves, fried",อื่น ๆ,ผักทอด,626,1.2,,69.55,,,,,,,,,,,,,,,,,,,,,,,,,,,,,,,,,,,,,,,,,,,,,,,,,,,,,,,,,,,,,,,,,,,,,,,
14042,foundation,"ใบมะกรูด, ทอด","Leech lime leaves,fried",อื่น ๆ,ผักทอด,500,3,,55.57,,,,,,,,,,,,,,,,,,,,,,,,,,,,,,,,,,,,,,,,,,,,,,,,,,,,,,,,,,,,,,,,,,,,,,,
14046,foundation,กาแฟเย็นคาปูชิโน (1 bottle (20 oz)),,อื่น ๆ,เครื่องดื่ม ชา - กาแฟ,274,,4.80,11.10,39.10,,,,,,,,,,,,,,,,,,,,,,,35.20,,,,,,,,,,,,,,,,,,,,,,,,,,,,,,,,,,,,,,,,,,,,,,,
14047,foundation,กาแฟเย็นมอคค่า (1 bottle (20 oz)),,อื่น ๆ,เครื่องดื่ม ชา - กาแฟ,281,,6.50,11.40,37.80,,,,,,,,,,,,,,,,,,,,,,,32.00,,,,,,,,,,,,,,,,,,,,,,,,,,,,,,,,,,,,,,,,,,,,,,,
14045,foundation,"หอมหัวใหญ่, ทอด","Onion, fried",อื่น ๆ,ผักทอด,540,12.9,,60.03,,,,,,,,,,,,,,,,,,,,,,,,,,,,,,,,,,,,,,,,,,,,,,,,,,,,,,,,,,,,,,,,,,,,,,,
14044,foundation,"หอมแดง, ทอด","Shallot, fried",อื่น ๆ,ผักทอด,353,3.6,,39.19,,,,,,,,,,,,,,,,,,,,,,,,,,,,,,,,,,,,,,,,,,,,,,,,,,,,,,,,,,,,,,,,,,,,,,,
14048,foundation,กาแฟเย็นมัจฉะลาเต้ (1 bottle (16 oz)),,อื่น ๆ,เครื่องดื่ม ชา - กาแฟ,300,,5.80,12.41,41.32,,,,,,,,,,,,,,,,,,,,,,,13.64,,,,,,,,,,,,,,,,,,,,,,,,,,,,,,,,,,,,,,,,,,,,,,,
14051,foundation,กาแฟเย็นสูตรโบราณ (1 bottle (20 oz)),,อื่น ๆ,เครื่องดื่ม ชา - กาแฟ,310,,3.71,9.03,53.69,,,,,,,,,,,,,,,,,,,,,,,37.27,,,,,,,,,,,,,,,,,,,,,,,,,,,,,,,,,,,,,,,,,,,,,,,
14049,foundation,กาแฟเย็นมัจฉะเอสเพรสโซ่ (1 bottle (16 oz)),,อื่น ๆ,เครื่องดื่ม ชา - กาแฟ,281,,5.09,10.61,41.31,,,,,,,,,,,,,,,,,,,,,,,23.13,,,,,,,,,,,,,,,,,,,,,,,,,,,,,,,,,,,,,,,,,,,,,,,
14055,foundation,กาแฟร้อนอเมริกาโน (1 bottle (6 oz)),,อื่น ๆ,เครื่องดื่ม ชา - กาแฟ,10,,0.43,0.19,1.66,,,,,,,,,,,,,,,,,,,,,,,0.00,,,,,,,,,,,,,,,,,,,,,,,,,,,,,,,,,,,,,,,,,,,,,,,
14053,foundation,กาแฟเย็นอเมริกาโน (1 bottle (16 oz)),,อื่น ๆ,เครื่องดื่ม ชา - กาแฟ,9,,0.75,0.18,1.07,,,,,,,,,,,,,,,,,,,,,,,0.00,,,,,,,,,,,,,,,,,,,,,,,,,,,,,,,,,,,,,,,,,,,,,,,
14052,foundation,กาแฟเย็นสูตรอื่นๆ (1 bottle (20 oz)),,อื่น ๆ,เครื่องดื่ม ชา - กาแฟ,317,,9.30,14.70,37.50,,,,,,,,,,,,,,,,,,,,,,,35.20,,,,,,,,,,,,,,,,,,,,,,,,,,,,,,,,,,,,,,,,,,,,,,,
14050,foundation,กาแฟเย็นลาเต้ (1 bottle (20 oz)),,อื่น ๆ,เครื่องดื่ม ชา - กาแฟ,251,,6.30,9.50,35.00,,,,,,,,,,,,,,,,,,,,,,,33.60,,,,,,,,,,,,,,,,,,,,,,,,,,,,,,,,,,,,,,,,,,,,,,,
14054,foundation,กาแฟร้อนคาปูชิโน (1 bottle (6 oz)),,อื่น ๆ,เครื่องดื่ม ชา - กาแฟ,209,,3.33,7.80,31.55,,,,,,,,,,,,,,,,,,,,,,,18.80,,,,,,,,,,,,,,,,,,,,,,,,,,,,,,,,,,,,,,,,,,,,,,,
14056,foundation,ชาเขียวนมสด (1 bottle (20 oz)),,อื่น ๆ,เครื่องดื่ม ชา - กาแฟ,244,,2.92,8.27,39.65,,,,,,,,,,,,,,,,,,,,,,,32.07,,,,,,,,,,,,,,,,,,,,,,,,,,,,,,,,,,,,,,,,,,,,,,,
14060,foundation,เครื่องดื่มบำรุงกำลัง  (),,อื่น ๆ,เครื่องดื่ม ชา - กาแฟ,48,87.8,0.60,0.00,11.28,0,0.33,0,0,0,0,0,0.00,0.00,0.00,0.00,,0,0.00,0,0.00,0.00,0.00,0,0.00,,,0.00,0,,,,,,,,,,,,,,,,,,,,,,,,,,,,,,,,,,,,,,,,,,,,,,
14057,foundation,ชาเย็น (1 bottle (20 oz)),,อื่น ๆ,เครื่องดื่ม ชา - กาแฟ,215,,2.67,7.34,34.71,,,,,,,,,,,,,,,,,,,,,,,26.57,,,,,,,,,,,,,,,,,,,,,,,,,,,,,,,,,,,,,,,,,,,,,,,
14059,foundation,เครื่องดื่มเกลือแร่ (),,อื่น ๆ,เครื่องดื่ม ชา - กาแฟ,36,91,0.00,0.00,8.80,0,0.22,0,0,0,0,0,0.00,0.00,0.00,0.00,,0,0.00,0,0.00,0.00,0.00,0,0.00,,,0.00,0,,,,,,,,,,,,,,,,,,,,,,,,,,,,,,,,,,,,,,,,,,,,,,
14061,foundation,ครีมเทียมผง (),,อื่น ๆ,เครื่องดื่ม ชา - กาแฟ,532,2.8,1.37,30.92,61.89,0,3.04,0,0,0,0,0,0.00,0.00,0.00,0.00,,0,0.00,0,0.00,0.00,0.00,0,0.00,,,0.00,0,,,,,,,,,,,,,,,,,,,,,,,,,,,,,,,,,,,,,,,,,,,,,,
14062,foundation,ครีมเทียมมะพร้าว   (),,อื่น ๆ,เครื่องดื่ม ชา - กาแฟ,524,2.5,2.14,29.07,63.39,0,2.88,0,0,0,0,0,0.00,0.00,0.00,0.00,,0,0.00,0,0.00,0.00,0.00,0,0.00,,,0.00,0,,,,,,,,,,,,,,,,,,,,,,,,,,,,,,,,,,,,,,,,,,,,,,
14058,foundation,ชาเย็นนมสด (1 bottle (20 oz)),,อื่น ๆ,เครื่องดื่ม ชา - กาแฟ,295,,3.47,11.15,45.24,,,,,,,,,,,,,,,,,,,,,,,36.58,,,,,,,,,,,,,,,,,,,,,,,,,,,,,,,,,,,,,,,,,,,,,,,
14063,foundation,"ครีมเทียมผง, สูตรไขมันต่ำ ()",,อื่น ๆ,เครื่องดื่ม ชา - กาแฟ,414,9.7,1.74,14.04,70.12,0,4.38,0,0,0,0,0,0.00,0.00,0.00,0.00,,0,0.00,0,0.00,0.00,0.00,0,0.00,,,0.00,0,,,,,,,,,,,,,,,,,,,,,,,,,,,,,,,,,,,,,,,,,,,,,,
14065,foundation,"ดอกเก็กฮวย, อบแห้ง  ()",,อื่น ๆ,ไม่ระบุ,269,13.3,12.42,2.68,32.71,32,6.97,477,315,234,19,2343,12.24,1.24,3.09,,,68,13.00,18,,,,,,,,,,,,,,,,,,,,,,,,,,,,,,,,,,,,,,,,,,,,,,,,,,,,,,,
14064,foundation,"ชากุหลาบ, อบแห้ง ()",,อื่น ๆ,ไม่ระบุ,272,10,13.36,1.99,31.30,37.5,5.84,409,222,182,6,1412,4.77,0.87,2.44,,,2,15.00,15,,,,,,,,,,,,,,,,,,,,,,,,,,,,,,,,,,,,,,,,,,,,,,,,,,,,,,,
14068,foundation,ขนมปังกรอบอบเนย  (),,อื่น ๆ,ไม่ระบุ,521,1.9,9.82,27.69,57.29,1.4,1.84,95,81,26,546,87,0.87,0.24,1.16,47.00,,,,,,,,,,,,19.42,,,,,,,,,,,,,,,,,,,,,,,,,,,,,,,,,,,,,,,,,,,,,,,
14066,foundation,หญ้าหวานอบแห้ง (),,อื่น ๆ,ไม่ระบุ,306,11.6,12.82,5.24,39.72,24.2,6.40,572,251,268,14,1586,28.35,1.28,1.82,,,3649,14.00,318,,,,,,,,,,,,,,,,,,,,,,,,,,,,,,,,,,,,,,,,,,,,,,,,,,,,10.25,,,
14067,foundation,แครกเกอร์ รสออริจินัล  (),,อื่น ๆ,ไม่ระบุ,462,3,8.63,17.44,66.14,3,1.82,18,92,27,571,151,1.21,0.25,3.94,63.00,,,,,,,,,,,,12.08,,,,,,,,,,,,,,,,,,,,,,,,,,,,,,,,,,,,,,,,,,,,,,,
14069,foundation,ถั่วลันเตาเขียวอบเคลือบ รสปลาหมึก (),,อื่น ๆ,ไม่ระบุ,478,3,14.96,24.31,45.06,9.7,2.96,40,233,53,700,467,2.64,0.34,2.39,48.00,,,,,,,,,,,,14.53,,,,,,,,,,,,,,,,,,,,,,,,,,,,,,,,,,,,,,,,,,,,,,,
14070,foundation,เมล็ดแตงโม (),,อื่น ๆ,ไม่ระบุ,566,6.5,37.53,44.60,0.36,6.5,4.52,155,839,356,359,823,6.49,1.38,4.21,15.00,,,,,,,,,,,,4.97,,,,,,,,,,,,,,,,,,,,,,,,,,,,,,,,,,,,,,,,,,,,,,,
14071,foundation,สตรอเบอร์รี่อบกรอบ (),,อื่น ๆ,ไม่ระบุ,359,5.4,3.88,1.17,79.57,7.6,2.40,86,128,64,20,795,1.10,0.11,0.43,2.00,,,,,,,,,,,,69.31,,,,,,,,,,,,,,,,,,,,,,,,,,,,,,,,,,,,,,,,,,,,,,,
14073,foundation,วิงซ์แซ่บ  (),,อื่น ๆ,ไม่ระบุ,0,42.1,22.09,21.53,0.00,,2.17,,,,,,,,,,,,,,,,,,,,,,,,,,,,,,,,,,,,,,,,,,,,,,,,,,,,,,,,,,,,,,,,,,,,
14072,foundation,แฮมเบอร์เกอร์ (ไก่)  (),,อื่น ๆ,ไม่ระบุ,233,49.4,8.75,8.62,28.76,2.8,1.73,16,102,17,502,143,0.54,0.08,1.49,34.00,,,,,,,,,,,,3.68,,,,,,,,,,,,,,,,,,,,,,,,,,,,,,,,,,,,,,,,,,,,,,,
14074,foundation,ไก่ทอดสูตรดั้งเดิม (),,อื่น ๆ,ไม่ระบุ,0,51.8,23.42,14.89,0.00,,1.72,,,,,,,,,,,,,,,,,,,,,,,,,,,,,,,,,,,,,,,,,,,,,,,,,,,,,,,,,,,,,,,,,,,,
14075,foundation,ไก่กรอบ Hot and Spicy (),,อื่น ๆ,ไม่ระบุ,0,47.7,21.82,18.77,0.00,,2.32,,,,,,,,,,,,,,,,,,,,,,,,,,,,,,,,,,,,,,,,,,,,,,,,,,,,,,,,,,,,,,,,,,,,
14077,foundation,ไก่ทอดเกาหลีรสกระเทียม (SOY GARLIC) (),SOY GARLIC,อื่น ๆ,ไม่ระบุ,0,44.7,22.44,14.74,0.00,,2.07,,,,,,,,,,,,,,,,,,,,,,,,,,,,,,,,,,,,,,,,,,,,,,,,,,,,,,,,,,,,,,,,,,,,
14076,foundation,ไก่ทอดหาดใหญ่ (),,อื่น ๆ,ไม่ระบุ,0,50,22.44,14.04,0.00,,2.07,,,,,,,,,,,,,,,,,,,,,,,,,,,,,,,,,,,,,,,,,,,,,,,,,,,,,,,,,,,,,,,,,,,,
14078,foundation,ไก่ทอดเกาหลีรสเผ็ด (HOT) (),HOT,อื่น ๆ,ไม่ระบุ,0,38.7,22.44,19.05,0.00,,2.07,,,,,,,,,,,,,,,,,,,,,,,,,,,,,,,,,,,,,,,,,,,,,,,,,,,,,,,,,,,,,,,,,,,,
R010002,branded,"ข้าวไข่เจียวกุ้ง, ตราอีซี่โก",,,,183,,6.67,,26.25,0.4,,20,,,238,,1,,,,,,,50,0,0.14,,,,,,0.42,121,,,,,,,,,,,,,,,,,,,,,,,,,,,,,,,,,,,,,,,,,,,,54,5.83,1.46
R010001,branded,"ข้าวกะเพราหมู, ตราอีซี่โก",Stir-Fried Basil Pork with Rice,,,181,,6.98,,26.51,0.9,,15,,,256,,0,,,,,,,0,0.24,0.08,,,,,,1.4,12,,,,,,,,,,,,,,,,,,,,,,,,,,,,,,,,,,,,,,,,,,,,47,5.12,1.16
R010004,branded,"ข้าวปลาผัดพริกสด, ตราอีซี่โก",,,,174,,6.81,,28.51,0.9,,14,,,289,,0,,,,,,,0,0,0,,,,,,0.43,11,,,,,,,,,,,,,,,,,,,,,,,,,,,,,,,,,,,,,,,,,,,,34,3.83,1.06
R010003,branded,"ข้าวไก่กระเทียมพริกไทย, ตราอีซี่โก",,,,145,,7.58,,24.24,0.6,,10,,,221,,0,,,,,,,0,0,0,,,,,,1.52,17,,,,,,,,,,,,,,,,,,,,,,,,,,,,,,,,,,,,,,,,,,,,18,2.12,0.76
R010006,branded,ข้าวคั่วกลิ้งหมูไข่ต้ม,,,,160,,7.5,,25.5,1,,24,,,190,,1,,,,,,,7,0.11,0.03,,,,,,1,23,,,,,,,,,,,,,,,,,,,,,,,,,,,,,,,,,,,,,,,,,,,,25,3,0.75
R010007,branded,ข้าวไรซ์เบอร์รี่ควินัวกับกะเพราไก่สับ,,,,113,,8,,14,1.7,,27,,,170,,1,,,,,,,16,0.05,0.06,,,,,,1.33,68,,,,,,,,,,,,,,,,,,,,,,,,,,,,,,,,,,,,,,,,,,,,23,2.67,0.83
R010010,branded,"ข้าวหมูคั่วกลิ้ง, ตราอีซี่โก",,,,174,,6.38,,28.51,1.7,,14,,,213,,0,,,,,,,0,0.1,0,,,,,,0.43,9,,,,,,,,,,,,,,,,,,,,,,,,,,,,,,,,,,,,,,,,,,,,34,3.83,1.28
R010009,branded,ข้าวไรซ์เบอรี่ควินัวกับลาบไก่,,,,119,,8.06,,16.13,2.3,,65,,,177,,1,,,,,,,155,0.1,0.11,,,,,,0,73,,,,,,,,,,,,,,,,,,,,,,,,,,,,,,,,,,,,,,,,,,,,23,2.26,0.81
R010008,branded,ข้าวไรซ์เบอรี่ควินัวกับไก่กระเทียมพริกไทย,,,,106,,9.35,,15.48,2.6,,65,,,190,,1,,,,,,,129,0.12,0.11,,,,,,0,73,,,,,,,,,,,,,,,,,,,,,,,,,,,,,,,,,,,,,,,,,,,,23,2.58,0.81
R010011,branded,"ข้าวไก่กระเทียม + ไข่เจียว, ตราอีซี่โก",,,,175,,7.27,,28.36,0.7,,12,,,222,,0,,,,,,,23,0,0,,,,,,1.45,49,,,,,,,,,,,,,,,,,,,,,,,,,,,,,,,,,,,,,,,,,,,,33,3.64,0.91
R010012,branded,ข้าวกะเพราหมู,,,,177,,6.05,,26.51,1.4,,7,,,233,,0,,,,,,,0,0.14,0,,,,,,1.4,12,,,,,,,,,,,,,,,,,,,,,,,,,,,,,,,,,,,,,,,,,,,,47,5.12,0.93
R010013,branded,"ข้าวกะเพราไก่, ตราอีซี่ ช้อยส์",,,,177,,6.36,,27.27,0.9,,15,,,241,,0,,,,,,,15,0,0,,,,,,0,20,,,,,,,,,,,,,,,,,,,,,,,,,,,,,,,,,,,,,,,,,,,,41,4.55,1.14
R010017,branded,"ข้าวอบธัญพืชและไก่, ตรา ซีพี บาลานซ์",,,,133,,7.62,,22.86,1.9,,8,,,224,,0,,,,,,,0,0.18,0.08,,,,,,0.95,10,,,,,,,,,,,,,,,,,,,,,,,,,,,,,,,,,,,,,,,,,,,,12,1.43,0.24
R010018,branded,"ข้าวไข่เจียวทรงเครื่อง, ตราอีซี่โก",,,,170,,6.38,,24.26,0.9,,14,,,174,,1,,,,,,,27,0,0.14,,,,,,0.43,106,,,,,,,,,,,,,,,,,,,,,,,,,,,,,,,,,,,,,,,,,,,,47,5.11,1.28
R010014,branded,"ข้าวกะเพราไก่, ตราอีซี่โก",,,,167,,7.04,,30,1.1,,12,,,226,,0,,,,,,,0,0,0,,,,,,1.11,13,,,,,,,,,,,,,,,,,,,,,,,,,,,,,,,,,,,,,,,,,,,,17,1.85,0.74
R010019,branded,"ข้าวไก่กระเทียม, ตราอีซี่โก",,,,167,,6.98,,29.3,1.4,,0,,,237,,0,,,,,,,0,0.1,0,,,,,,1.4,12,,,,,,,,,,,,,,,,,,,,,,,,,,,,,,,,,,,,,,,,,,,,21,2.33,0.47
R010022,branded,"ข้าวไรซ์เบอร์รี่ผสมข้าวหอมมะลิกะเพราอกไก่, ตราเบทาโกร",,,,140,,12.09,,18.14,1.4,,7,,,172,,0,,,,,,,0,0.04,0.02,,,,,,0.93,37,,,,,,,,,,,,,,,,,,,,,,,,,,,,,,,,,,,,,,,,,,,,16,1.86,0.47
R010015,branded,"ข้าวไข่เจียว, ตราอีซี่โก",,,,151,,6.34,,23.9,1,,16,,,146,,0,,,,,,,23,0,0.12,,,,,,0.49,76,,,,,,,,,,,,,,,,,,,,,,,,,,,,,,,,,,,,,,,,,,,,29,3.41,1.22
R010016,branded,ข้าวไรซ์เบอรี่ควินัวกับคั่วกลิ้งไก่,,,,117,,7.67,,14.33,1.3,,40,,,153,,1,,,,,,,53,0.08,0.06,,,,,,0,55,,,,,,,,,,,,,,,,,,,,,,,,,,,,,,,,,,,,,,,,,,,,27,3,0.83
R010021,branded,"ข้าวไรซ์เบอร์รี่อกไก่ย่างสมุนไพร+น้ำจิ้มซีฟู้ด, ตราอีซี่โก",Herb Grilled Chicken Breast with Riceberry Rice+Seafood sauce,,,108,,7.08,,17.08,1.7,,13,,,150,,0,,,,,,,0,0.13,0,,,,,,1.25,13,,,,,,,,,,,,,,,,,,,,,,,,,,,,,,,,,,,,,,,,,,,,10,1.25,0.21
